Date,Symbol,Split_Adjusted_Open,Split_Adjusted_High,Split_Adjusted_Low,Split_Adjusted_Close,Split_Adjusted_Volume
2012-05-01,PSX,33.74,34.1,32.58,32.76,6879137
2012-05-02,PSX,32.6,32.66,31.63,32.0,11287820
2012-05-03,PSX,31.93,31.98,31.05,31.39,11794167
2012-05-04,PSX,30.85,31.09,30.12,30.16,10880963
2012-05-07,PSX,30.1,30.55,29.25,29.35,12257130
2012-05-08,PSX,29.09,30.41,28.75,30.1,14602517
2012-05-09,PSX,29.81,32.89,29.73,32.49,13991380
2012-05-10,PSX,33.05,33.35,31.52,32.48,8862449
2012-05-11,PSX,31.73,32.15,31.4,31.83,4462784
2012-05-14,PSX,31.19,31.58,30.77,31.32,6398344
2012-05-15,PSX,31.35,32.32,31.06,31.67,6362783
2012-05-16,PSX,31.46,32.39,31.25,32.1,6119700
2012-05-17,PSX,31.89,32.0,31.2,31.26,5850849
2012-05-18,PSX,31.43,31.68,30.99,31.38,7940710
2012-05-21,PSX,31.23,32.34,30.95,32.19,5481256
2012-05-22,PSX,31.88,32.27,31.33,31.63,5415170
2012-05-23,PSX,31.35,31.49,30.88,31.41,5268865
2012-05-24,PSX,31.42,31.44,30.75,31.13,4210378
2012-05-25,PSX,31.01,31.41,30.83,31.3,3217880
2012-05-29,PSX,31.28,31.72,30.86,31.01,3980088
2012-05-30,PSX,30.79,30.83,30.18,30.44,6000530
2012-05-31,PSX,30.26,30.35,29.72,30.03,8098327
2012-06-01,PSX,29.5,30.17,29.38,29.92,5701781
2012-06-04,PSX,29.3,30.19,29.25,29.53,4845298
2012-06-05,PSX,29.37,30.1,29.31,29.9,4046996
2012-06-06,PSX,30.03,32.0,29.82,31.53,8609774
2012-06-07,PSX,32.07,32.75,31.73,31.83,7694514
2012-06-08,PSX,31.66,32.35,31.51,32.12,4302337
2012-06-11,PSX,32.45,33.05,32.23,32.6,5998990
2012-06-12,PSX,32.56,33.74,32.49,33.49,6809855
2012-06-13,PSX,33.27,33.49,32.54,32.77,2876111
2012-06-14,PSX,32.77,33.64,32.31,33.53,4460097
2012-06-15,PSX,33.6,34.91,33.38,34.9,9914292
2012-06-18,PSX,34.38,34.5,33.83,33.86,4254404
2012-06-19,PSX,34.06,34.53,33.73,33.86,4873473
2012-06-20,PSX,33.79,34.85,33.48,34.66,4628528
2012-06-21,PSX,34.7,34.76,33.06,33.48,3489835
2012-06-22,PSX,33.65,34.71,33.03,34.16,4369263
2012-06-25,PSX,33.69,33.69,32.76,32.87,3518598
2012-06-26,PSX,32.81,33.98,32.4,32.58,3274695
2012-06-27,PSX,32.61,33.4,31.42,31.89,3615526
2012-06-28,PSX,31.54,32.4,31.29,32.31,3115829
2012-06-29,PSX,32.78,33.38,32.65,33.24,4599960
2012-07-02,PSX,33.59,34.32,33.37,34.0,3868491
2012-07-03,PSX,34.02,34.63,33.83,34.24,3647467
2012-07-05,PSX,33.83,34.24,33.54,33.8,2711223
2012-07-06,PSX,33.4,33.68,32.92,33.37,1907785
2012-07-09,PSX,33.08,33.76,32.65,33.25,2264549
2012-07-10,PSX,33.47,33.47,32.5,32.68,2972898
2012-07-11,PSX,32.66,33.64,32.35,33.48,2582945
2012-07-12,PSX,33.15,33.19,32.55,33.01,3505596
2012-07-13,PSX,33.61,35.08,33.51,34.94,4801583
2012-07-16,PSX,34.69,36.12,34.56,36.1,4895653
2012-07-17,PSX,36.16,36.8,35.86,36.69,3604306
2012-07-18,PSX,36.65,37.67,36.59,37.1,2839176
2012-07-19,PSX,36.99,37.0,35.49,35.6,3758508
2012-07-20,PSX,35.18,35.44,34.91,35.32,3289930
2012-07-23,PSX,34.79,35.28,34.5,35.02,3245840
2012-07-24,PSX,35.25,35.42,34.61,35.23,2351584
2012-07-25,PSX,35.6,35.89,34.87,35.4,3551211
2012-07-26,PSX,35.76,36.06,35.59,35.96,2951738
2012-07-27,PSX,36.23,36.91,35.9,36.52,6159905
2012-07-30,PSX,36.86,37.65,36.83,37.65,2830879
2012-07-31,PSX,37.74,38.36,37.51,37.6,6958421
2012-08-01,PSX,39.08,40.18,37.78,38.27,6640199
2012-08-02,PSX,37.94,39.07,37.84,38.3,4434735
2012-08-03,PSX,38.6,39.85,38.6,39.67,4515975
2012-08-06,PSX,39.94,40.35,39.77,40.07,3405031
2012-08-07,PSX,40.39,40.83,39.59,39.77,4636760
2012-08-08,PSX,39.6,40.2,39.46,40.15,4002567
2012-08-09,PSX,39.9,40.6,39.88,40.32,2888402
2012-08-10,PSX,40.26,40.43,39.75,40.0,2107632
2012-08-13,PSX,39.86,40.35,39.77,40.15,2213411
2012-08-14,PSX,40.19,40.45,39.8,39.93,2535482
2012-08-15,PSX,40.54,40.66,39.93,40.36,4009437
2012-08-16,PSX,40.53,41.26,40.37,41.18,3862105
2012-08-17,PSX,41.62,42.93,41.47,42.77,5536614
2012-08-20,PSX,42.87,43.45,42.75,43.07,3809871
2012-08-21,PSX,43.38,43.38,41.49,41.55,4469525
2012-08-22,PSX,41.36,41.53,40.42,41.48,4384468
2012-08-23,PSX,41.48,41.63,41.05,41.33,1996903
2012-08-24,PSX,41.15,41.54,40.74,41.36,2562877
2012-08-27,PSX,41.43,42.39,40.97,41.07,3779120
2012-08-28,PSX,40.9,42.47,40.9,41.96,3770767
2012-08-29,PSX,41.9,42.39,41.65,41.98,2674285
2012-08-30,PSX,41.79,42.7,41.62,42.48,2523712
2012-08-31,PSX,42.7,43.0,41.1,42.0,5791145
2012-09-04,PSX,42.07,42.45,41.48,42.41,2620889
2012-09-05,PSX,42.49,42.58,41.43,41.74,2881756
2012-09-06,PSX,42.16,43.74,42.16,43.42,4222973
2012-09-07,PSX,43.48,44.31,43.36,44.26,3458005
2012-09-10,PSX,43.93,44.85,43.93,44.54,4417886
2012-09-11,PSX,44.64,46.1,44.46,45.59,6305249
2012-09-12,PSX,46.14,47.41,46.04,46.28,5269786
2012-09-13,PSX,46.3,46.85,45.37,46.64,5292183
2012-09-14,PSX,47.16,48.22,46.01,46.73,6718832
2012-09-17,PSX,46.17,46.97,46.0,46.14,4835577
2012-09-18,PSX,45.53,45.78,44.44,45.52,6109079
2012-09-19,PSX,45.53,46.6,45.51,45.57,3505452
2012-09-20,PSX,45.39,46.31,45.17,45.78,3233690
2012-09-21,PSX,46.04,47.09,46.04,46.82,5963458
2012-09-24,PSX,46.69,46.92,46.26,46.74,2454207
2012-09-25,PSX,47.0,47.3,45.96,45.98,2912109
2012-09-26,PSX,45.69,46.33,45.23,45.53,3626927
2012-09-27,PSX,45.8,46.74,45.68,46.53,3180121
2012-09-28,PSX,46.43,46.53,46.02,46.37,3254636
2012-10-01,PSX,46.6,47.02,46.26,46.56,2785428
2012-10-02,PSX,46.68,46.96,46.27,46.42,2911829
2012-10-03,PSX,46.27,46.41,45.0,45.16,5392634
2012-10-04,PSX,45.59,45.66,45.08,45.39,6199093
2012-10-05,PSX,45.87,47.68,45.76,46.02,7658255
2012-10-08,PSX,45.96,46.57,45.56,45.93,3415521
2012-10-09,PSX,46.16,46.75,46.05,46.09,3668400
2012-10-10,PSX,46.02,46.33,44.69,45.15,5564785
2012-10-11,PSX,45.38,45.65,44.57,44.6,4600511
2012-10-12,PSX,44.33,44.62,42.45,43.92,6634256
2012-10-15,PSX,43.85,44.43,43.41,44.38,2722300
2012-10-16,PSX,44.77,46.79,44.6,46.49,5743223
2012-10-17,PSX,46.55,47.22,46.31,46.65,2841911
2012-10-18,PSX,46.62,46.63,45.39,45.56,3402277
2012-10-19,PSX,45.53,46.09,44.55,44.64,3002431
2012-10-22,PSX,44.73,45.73,44.73,45.58,3421657
2012-10-23,PSX,44.91,45.08,43.93,44.92,4079469
2012-10-24,PSX,45.0,45.65,44.66,44.78,3478694
2012-10-25,PSX,45.14,45.45,44.55,45.03,2903891
2012-10-26,PSX,45.57,47.62,44.82,47.5,6123860
2012-10-30,PSX,45.57,47.62,44.82,47.5,6123860
2012-10-31,PSX,47.82,48.4,46.64,47.16,4791189
2012-11-01,PSX,47.0,47.65,46.39,47.38,4292034
2012-11-02,PSX,48.01,48.15,46.07,46.21,2825940
2012-11-05,PSX,46.23,47.9,46.23,47.76,3024433
2012-11-06,PSX,48.0,51.0,47.86,50.04,8221513
2012-11-07,PSX,49.23,50.08,48.75,49.46,6709161
2012-11-08,PSX,49.34,49.98,48.94,49.0,3699028
2012-11-09,PSX,48.11,48.56,47.17,47.41,5424162
2012-11-12,PSX,47.43,48.11,47.28,47.35,2699199
2012-11-13,PSX,47.0,47.76,46.56,46.86,3129022
2012-11-14,PSX,47.17,47.46,45.71,45.76,3542601
2012-11-15,PSX,45.53,46.19,44.94,45.34,3805077
2012-11-16,PSX,45.56,45.92,44.95,45.77,4591869
2012-11-19,PSX,46.4,48.25,46.38,48.12,4341677
2012-11-20,PSX,48.19,49.07,47.87,49.06,3493412
2012-11-21,PSX,49.32,49.65,48.84,49.39,3805847
2012-11-23,PSX,49.58,50.0,49.41,49.82,1698687
2012-11-26,PSX,49.55,49.98,49.07,49.56,2944427
2012-11-27,PSX,49.51,50.42,49.01,50.06,4638862
2012-11-28,PSX,49.66,51.27,49.25,51.0,5404801
2012-11-29,PSX,51.2,51.66,50.83,51.56,3951277
2012-11-30,PSX,51.68,52.53,51.45,52.37,5325044
2012-12-03,PSX,52.65,52.76,51.02,51.56,5669941
2012-12-04,PSX,51.48,52.24,51.48,51.56,3726575
2012-12-05,PSX,51.45,51.95,50.27,50.69,3332646
2012-12-06,PSX,50.69,51.21,50.3,50.97,3405972
2012-12-07,PSX,51.19,52.75,51.06,52.34,4854830
2012-12-10,PSX,52.21,54.32,52.2,53.58,7741761
2012-12-11,PSX,53.72,53.92,52.73,53.04,5205789
2012-12-12,PSX,53.33,53.5,52.94,53.05,8429676
2012-12-13,PSX,52.6,52.6,51.24,52.21,7136529
2012-12-14,PSX,52.0,53.54,51.8,53.47,5120719
2012-12-17,PSX,53.56,53.86,53.18,53.52,4292947
2012-12-18,PSX,53.44,53.7,53.0,53.17,3922737
2012-12-19,PSX,53.28,53.38,51.84,52.5,6409892
2012-12-20,PSX,52.58,52.72,51.7,52.42,4391727
2012-12-21,PSX,51.71,52.38,51.33,52.16,5053809
2012-12-24,PSX,52.22,52.4,51.9,51.97,975106
2012-12-26,PSX,52.16,52.62,51.32,51.36,2322886
2012-12-27,PSX,51.5,51.71,50.4,51.56,2885361
2012-12-28,PSX,51.06,51.5,50.52,50.57,2999362
2012-12-31,PSX,50.4,53.22,50.4,53.1,4234989
2013-01-02,PSX,54.25,55.31,53.23,55.26,5231367
2013-01-03,PSX,55.03,55.17,52.87,53.19,5293064
2013-01-04,PSX,53.12,53.67,52.29,53.14,4161031
2013-01-07,PSX,52.48,52.48,50.77,51.36,6884099
2013-01-08,PSX,51.2,51.77,51.08,51.59,3576909
2013-01-09,PSX,51.56,52.15,51.02,51.32,4430231
2013-01-10,PSX,51.64,51.84,51.22,51.51,3403346
2013-01-11,PSX,51.28,51.7,50.36,50.58,4615796
2013-01-14,PSX,50.67,51.42,50.12,51.35,5000840
2013-01-15,PSX,51.35,52.33,51.2,52.24,4499582
2013-01-16,PSX,52.13,54.55,52.07,54.52,8025560
2013-01-17,PSX,54.98,55.83,54.19,55.15,5976768
2013-01-18,PSX,55.21,55.74,54.58,55.07,5999412
2013-01-21,PSX,55.21,55.74,54.58,55.07,5999412
2013-01-22,PSX,55.24,55.24,53.92,54.61,4461942
2013-01-23,PSX,54.72,56.19,54.2,55.52,4294571
2013-01-24,PSX,55.5,56.95,55.37,56.12,4704870
2013-01-25,PSX,56.5,56.89,56.11,56.81,3612623
2013-01-28,PSX,57.09,57.68,56.5,57.09,4055966
2013-01-29,PSX,58.0,60.45,57.96,59.88,8452889
2013-01-30,PSX,62.38,62.91,60.65,60.76,7922446
2013-01-31,PSX,60.37,61.05,59.91,60.57,5452274
2013-02-01,PSX,62.0,63.25,61.22,62.75,4709684
2013-02-04,PSX,62.13,62.25,61.16,61.22,3796773
2013-02-05,PSX,61.72,61.98,60.98,61.01,4578981
2013-02-06,PSX,60.79,62.5,60.71,61.72,5068678
2013-02-07,PSX,61.88,63.34,61.0,63.26,4393613
2013-02-08,PSX,63.41,65.24,63.22,64.02,4746271
2013-02-11,PSX,64.0,64.66,63.72,64.18,3098615
2013-02-12,PSX,64.62,64.78,63.78,64.43,3702321
2013-02-13,PSX,64.5,64.5,63.85,64.11,2777089
2013-02-14,PSX,63.77,64.92,63.75,64.83,3560119
2013-02-15,PSX,64.55,65.38,63.53,64.17,3788421
2013-02-18,PSX,64.55,65.38,63.53,64.17,3788421
2013-02-19,PSX,64.02,64.89,63.54,64.76,3092383
2013-02-20,PSX,64.75,64.94,62.54,62.64,4848653
2013-02-21,PSX,62.32,62.92,61.22,62.29,5033132
2013-02-22,PSX,62.78,64.12,62.51,64.11,3049275
2013-02-25,PSX,64.49,64.74,61.31,61.34,4295033
2013-02-26,PSX,61.48,61.69,59.94,61.23,4346822
2013-02-27,PSX,61.3,63.12,61.0,62.99,2581416
2013-02-28,PSX,62.86,64.27,62.0,62.96,4226784
2013-03-01,PSX,62.71,63.93,62.19,63.9,3150179
2013-03-04,PSX,63.84,65.74,63.54,65.68,3759112
2013-03-05,PSX,66.04,66.05,64.52,65.77,3920271
2013-03-06,PSX,66.0,66.97,65.4,66.05,2930455
2013-03-07,PSX,65.89,66.12,64.79,65.87,3429702
2013-03-08,PSX,66.08,66.28,65.6,66.03,4045212
2013-03-11,PSX,65.9,66.08,63.94,65.69,4966759
2013-03-12,PSX,65.66,66.4,65.21,66.22,4134693
2013-03-13,PSX,65.88,66.04,64.2,64.55,4785309
2013-03-14,PSX,64.96,65.45,64.29,64.95,3836975
2013-03-15,PSX,64.49,65.24,64.11,64.15,5983383
2013-03-18,PSX,63.32,65.29,63.01,65.03,3644747
2013-03-19,PSX,64.88,66.35,64.66,65.41,4124338
2013-03-20,PSX,66.0,68.44,65.95,67.54,5088263
2013-03-21,PSX,67.0,67.84,66.11,66.82,3394838
2013-03-22,PSX,66.97,67.79,66.84,67.55,2651543
2013-03-25,PSX,67.94,68.7,66.65,66.86,3905333
2013-03-26,PSX,66.98,67.41,66.37,67.24,3243532
2013-03-27,PSX,67.13,68.29,66.46,68.27,3921471
2013-03-28,PSX,68.38,70.52,67.96,69.97,6224846
2013-03-29,PSX,68.38,70.52,67.96,69.97,6224846
2013-04-01,PSX,70.0,70.19,68.73,69.36,3015491
2013-04-02,PSX,70.17,70.2,66.7,66.84,5680256
2013-04-03,PSX,66.84,66.88,61.47,62.46,14033826
2013-04-04,PSX,62.57,63.95,61.94,62.39,6139078
2013-04-05,PSX,61.26,62.97,60.2,62.31,5289787
2013-04-08,PSX,62.29,63.8,61.9,63.62,3969301
2013-04-09,PSX,63.95,65.23,62.86,64.66,4291901
2013-04-10,PSX,64.78,65.21,63.05,63.86,6006488
2013-04-11,PSX,63.81,63.86,61.81,62.01,6205726
2013-04-12,PSX,61.37,61.74,59.07,60.67,8307864
2013-04-15,PSX,59.18,59.99,57.08,57.52,7897962
2013-04-16,PSX,58.15,59.32,57.77,59.28,5644287
2013-04-17,PSX,58.55,58.79,57.16,57.99,4602098
2013-04-18,PSX,57.92,58.54,56.13,57.23,4270153
2013-04-19,PSX,58.14,58.14,56.46,57.84,5045419
2013-04-22,PSX,58.12,60.34,58.07,59.43,3659439
2013-04-23,PSX,59.59,61.42,59.36,61.15,5320070
2013-04-24,PSX,61.41,63.05,61.31,61.82,4772100
2013-04-25,PSX,62.04,63.09,61.78,61.9,4384071
2013-04-26,PSX,61.85,62.08,61.14,61.6,3034655
2013-04-29,PSX,61.97,62.3,61.48,61.8,3446189
2013-04-30,PSX,61.93,62.2,60.02,60.95,5459070
2013-05-01,PSX,61.11,61.94,59.55,59.67,5679845
2013-05-02,PSX,60.07,60.68,59.16,60.3,4212394
2013-05-03,PSX,60.8,62.66,60.49,62.18,4549157
2013-05-06,PSX,62.49,64.24,62.32,63.87,3683260
2013-05-07,PSX,64.25,65.34,64.02,64.48,4677576
2013-05-08,PSX,64.23,64.47,62.85,63.41,3664569
2013-05-09,PSX,63.23,63.27,61.88,62.13,3436857
2013-05-10,PSX,61.73,62.2,61.0,61.38,5061030
2013-05-13,PSX,61.13,62.28,60.39,61.97,3829450
2013-05-14,PSX,62.06,64.18,62.0,64.08,6213983
2013-05-15,PSX,63.73,65.48,63.73,64.95,5621625
2013-05-16,PSX,64.71,65.41,63.7,63.84,3994641
2013-05-17,PSX,64.2,65.92,64.18,65.46,5524472
2013-05-20,PSX,65.32,66.85,65.32,65.96,4531833
2013-05-21,PSX,66.1,66.71,64.89,65.42,4505475
2013-05-22,PSX,65.3,66.62,64.8,65.39,4483176
2013-05-23,PSX,64.44,65.56,63.9,65.25,2380415
2013-05-24,PSX,64.77,65.5,63.8,65.47,2518313
2013-05-28,PSX,66.39,66.98,65.92,66.52,2792167
2013-05-29,PSX,66.21,67.34,65.65,66.84,3135140
2013-05-30,PSX,66.35,67.11,65.68,66.77,2897199
2013-05-31,PSX,66.64,67.89,66.28,66.57,3507163
2013-06-03,PSX,67.04,67.08,64.28,66.08,4023602
2013-06-04,PSX,65.8,66.18,64.3,65.18,2890373
2013-06-05,PSX,64.94,65.35,63.53,63.61,3065353
2013-06-06,PSX,63.68,65.15,63.35,65.0,2637249
2013-06-07,PSX,65.44,66.2,65.18,65.87,2774635
2013-06-10,PSX,65.93,66.39,65.01,65.11,2372421
2013-06-11,PSX,64.05,64.73,63.7,63.96,3202324
2013-06-12,PSX,64.88,65.21,63.18,63.31,3967661
2013-06-13,PSX,63.09,64.82,62.37,64.51,3336236
2013-06-14,PSX,64.71,64.97,63.77,63.81,1835118
2013-06-17,PSX,64.2,64.69,63.98,64.26,3341858
2013-06-18,PSX,64.48,65.0,64.25,64.39,2336823
2013-06-19,PSX,64.27,64.87,63.51,63.63,3341463
2013-06-20,PSX,62.58,62.69,60.06,60.39,5087343
2013-06-21,PSX,61.02,61.23,58.06,59.25,6359506
2013-06-24,PSX,58.46,58.77,56.84,57.19,4938443
2013-06-25,PSX,58.29,59.71,58.29,59.41,3455588
2013-06-26,PSX,60.1,60.96,59.56,59.72,2711791
2013-06-27,PSX,60.32,60.41,58.45,59.22,3885729
2013-06-28,PSX,59.14,59.75,58.77,58.91,3574205
2013-07-01,PSX,59.24,60.24,58.67,58.9,3486847
2013-07-02,PSX,58.85,59.21,56.61,57.08,5000238
2013-07-03,PSX,56.75,57.71,54.8,57.68,6190955
2013-07-04,PSX,56.75,57.71,54.8,57.68,6190955
2013-07-05,PSX,57.84,57.89,55.41,57.24,3653196
2013-07-08,PSX,57.71,59.17,57.64,58.75,3069847
2013-07-09,PSX,59.02,59.37,58.41,58.51,3271264
2013-07-10,PSX,58.41,58.63,55.94,56.09,5864402
2013-07-11,PSX,57.05,57.9,56.02,57.76,5355425
2013-07-12,PSX,56.9,59.64,56.9,59.09,6113213
2013-07-15,PSX,59.45,59.85,58.78,59.23,4204651
2013-07-16,PSX,59.21,59.42,57.15,57.64,6290651
2013-07-17,PSX,57.82,58.42,57.1,58.04,3527468
2013-07-18,PSX,58.19,58.28,56.71,56.92,4329181
2013-07-19,PSX,57.44,57.83,56.72,57.49,3960977
2013-07-22,PSX,57.88,58.45,57.18,57.96,4093674
2013-07-23,PSX,58.47,59.71,58.35,59.49,3939227
2013-07-24,PSX,59.65,59.65,57.7,58.84,4042399
2013-07-25,PSX,58.68,59.7,58.24,59.42,4550994
2013-07-26,PSX,59.25,59.84,58.71,59.0,2603809
2013-07-29,PSX,59.12,59.29,58.56,58.96,2744303
2013-07-30,PSX,59.05,59.25,57.91,58.47,4077632
2013-07-31,PSX,57.32,61.97,57.13,61.5,8187479
2013-08-01,PSX,61.87,61.91,60.32,60.52,3919487
2013-08-02,PSX,60.13,60.13,58.07,58.41,5613273
2013-08-05,PSX,58.28,58.3,57.3,57.8,4126075
2013-08-06,PSX,57.64,59.15,57.64,58.31,4863373
2013-08-07,PSX,58.24,58.69,57.56,57.96,3826541
2013-08-08,PSX,58.02,59.36,57.9,59.0,3254798
2013-08-09,PSX,59.0,59.31,58.57,58.92,3178512
2013-08-12,PSX,58.44,58.98,57.72,58.17,3295142
2013-08-13,PSX,58.39,59.19,58.0,59.09,3180801
2013-08-14,PSX,59.0,59.18,58.38,58.79,2358451
2013-08-15,PSX,58.27,58.43,57.04,57.15,3496233
2013-08-16,PSX,56.89,56.99,56.07,56.3,3478972
2013-08-19,PSX,56.28,56.85,55.25,55.34,3212024
2013-08-20,PSX,55.23,57.69,54.9,57.01,3871180
2013-08-21,PSX,56.73,58.49,56.3,57.95,3784582
2013-08-22,PSX,57.98,58.87,57.52,58.11,3009342
2013-08-23,PSX,58.45,59.24,57.94,58.11,2953417
2013-08-26,PSX,58.17,59.09,57.88,58.13,2846178
2013-08-27,PSX,57.71,58.0,57.09,57.1,2986342
2013-08-28,PSX,57.2,58.3,57.2,58.03,2220259
2013-08-29,PSX,57.87,58.47,57.38,57.72,2119323
2013-08-30,PSX,57.95,58.5,56.95,57.1,2662377
2013-09-03,PSX,57.76,58.44,57.33,58.11,3045722
2013-09-04,PSX,57.92,59.32,57.58,59.03,4080252
2013-09-05,PSX,58.68,59.1,57.79,57.8,3849762
2013-09-06,PSX,57.91,58.11,56.9,57.42,2800446
2013-09-09,PSX,57.07,57.92,57.02,57.47,3102606
2013-09-10,PSX,57.44,57.44,56.68,56.79,3476502
2013-09-11,PSX,56.83,57.03,56.06,56.93,2598070
2013-09-12,PSX,56.99,57.34,56.33,56.45,2662766
2013-09-13,PSX,56.64,57.73,56.57,57.13,2420831
2013-09-16,PSX,57.62,57.7,56.71,56.83,2524371
2013-09-17,PSX,56.71,56.8,55.81,56.05,3887584
2013-09-18,PSX,56.05,57.5,56.02,57.25,3873288
2013-09-19,PSX,58.34,59.21,57.9,58.15,4668981
2013-09-20,PSX,58.21,59.3,57.69,57.93,4948283
2013-09-23,PSX,57.73,57.73,56.9,57.41,3067970
2013-09-24,PSX,57.24,58.55,57.03,57.77,3432679
2013-09-25,PSX,57.82,58.55,57.53,58.05,3053822
2013-09-26,PSX,58.01,59.0,58.01,58.48,2713944
2013-09-27,PSX,58.1,58.87,58.1,58.53,3027849
2013-09-30,PSX,58.01,58.09,56.88,57.82,4410313
2013-10-01,PSX,57.65,58.22,57.19,57.9,2601212
2013-10-02,PSX,57.59,59.31,57.33,59.18,4150386
2013-10-03,PSX,58.86,59.83,58.6,59.56,4244425
2013-10-04,PSX,59.0,59.35,58.39,59.17,3550709
2013-10-07,PSX,58.76,58.9,57.9,57.9,3345691
2013-10-08,PSX,57.92,58.09,56.5,56.89,4211731
2013-10-09,PSX,56.82,57.28,56.51,56.9,3466676
2013-10-10,PSX,57.67,58.79,57.62,58.57,4396865
2013-10-11,PSX,58.55,60.81,58.47,59.93,5680746
2013-10-14,PSX,59.57,60.72,59.25,60.48,2892026
2013-10-15,PSX,60.39,60.85,59.34,59.5,3602623
2013-10-16,PSX,60.02,60.75,59.86,60.73,2993344
2013-10-17,PSX,60.57,62.39,60.5,62.22,3405038
2013-10-18,PSX,62.51,63.5,62.25,63.48,3813897
2013-10-21,PSX,63.77,64.19,63.49,63.91,2986061
2013-10-22,PSX,64.34,65.24,64.16,64.88,4265681
2013-10-23,PSX,64.37,65.4,64.33,64.66,4215644
2013-10-24,PSX,64.54,64.6,62.7,63.23,4249959
2013-10-25,PSX,63.32,63.72,62.75,63.4,2206843
2013-10-28,PSX,63.77,64.42,63.14,63.28,3071613
2013-10-29,PSX,63.39,64.32,63.23,64.14,3214537
2013-10-30,PSX,64.1,65.64,63.05,65.23,4687922
2013-10-31,PSX,64.98,65.53,64.41,64.43,3786337
2013-11-01,PSX,64.47,64.83,63.29,64.13,2747014
2013-11-04,PSX,64.28,64.54,63.39,64.44,2729592
2013-11-05,PSX,64.25,64.81,63.62,64.27,3184087
2013-11-06,PSX,64.75,65.56,64.15,64.36,2984816
2013-11-07,PSX,64.28,64.86,63.62,63.84,3084232
2013-11-08,PSX,63.92,65.39,63.66,65.36,3252743
2013-11-11,PSX,65.15,65.58,64.79,65.49,2438341
2013-11-12,PSX,64.93,66.23,64.83,65.41,3230192
2013-11-13,PSX,65.28,66.06,64.53,66.05,3427049
2013-11-14,PSX,66.24,68.36,66.23,67.56,4088469
2013-11-15,PSX,67.3,67.62,66.52,67.1,4106330
2013-11-18,PSX,67.62,68.05,67.05,67.21,2723267
2013-11-19,PSX,67.14,68.54,66.92,67.77,3246116
2013-11-20,PSX,68.22,68.39,66.8,67.03,2923586
2013-11-21,PSX,67.06,67.64,65.84,67.5,2933400
2013-11-22,PSX,67.85,68.8,67.54,68.48,3108299
2013-11-25,PSX,68.48,69.35,68.13,68.64,2808260
2013-11-26,PSX,68.79,69.23,68.13,68.75,3094352
2013-11-27,PSX,68.6,71.0,68.4,70.12,4526359
2013-11-29,PSX,68.6,71.0,68.4,70.12,4526359
2013-12-02,PSX,70.0,71.75,69.67,71.36,3900870
2013-12-03,PSX,71.06,71.27,69.54,70.6,4299499
2013-12-04,PSX,69.7,70.48,68.33,69.59,5377722
2013-12-05,PSX,69.82,70.5,69.17,69.73,3978767
2013-12-06,PSX,70.33,72.5,70.0,71.24,5174174
2013-12-09,PSX,72.3,73.17,71.7,71.83,4297266
2013-12-10,PSX,71.25,72.44,69.54,71.61,4233663
2013-12-11,PSX,71.64,71.69,70.29,70.85,3890338
2013-12-12,PSX,70.8,71.69,70.44,71.22,2773014
2013-12-13,PSX,71.25,72.02,70.57,71.6,2711460
2013-12-16,PSX,71.68,73.26,71.53,72.61,2746270
2013-12-17,PSX,72.61,73.27,72.25,72.6,2440123
2013-12-18,PSX,72.56,74.12,72.21,73.98,3961267
2013-12-19,PSX,73.55,74.39,72.7,72.92,3506065
2013-12-20,PSX,73.2,74.53,73.05,74.03,4906820
2013-12-23,PSX,74.5,75.39,74.28,74.41,2563662
2013-12-24,PSX,74.74,74.97,74.29,74.74,1064980
2013-12-26,PSX,75.0,75.29,74.68,75.12,1186977
2013-12-27,PSX,75.14,75.18,74.19,74.75,1688796
2013-12-30,PSX,75.01,75.6,74.69,74.72,2252460
2013-12-31,PSX,75.27,77.29,75.18,77.13,2993958
2014-01-02,PSX,77.17,77.32,76.36,76.45,2861834
2014-01-03,PSX,76.36,76.99,76.15,76.29,1958161
2014-01-06,PSX,76.51,77.49,76.4,77.01,2819578
2014-01-07,PSX,77.07,77.83,76.67,77.02,4012670
2014-01-08,PSX,77.25,77.41,76.15,76.87,4499972
2014-01-09,PSX,77.01,78.25,76.88,78.13,4197844
2014-01-10,PSX,78.39,79.0,77.24,78.0,3020914
2014-01-13,PSX,78.2,78.2,75.49,75.81,3061318
2014-01-14,PSX,76.15,76.71,75.8,76.49,3359138
2014-01-15,PSX,76.5,76.53,74.75,75.54,3705929
2014-01-16,PSX,75.31,75.73,74.67,75.39,3231899
2014-01-17,PSX,74.87,76.62,74.85,76.02,3901615
2014-01-21,PSX,76.03,77.4,76.03,76.9,2791986
2014-01-22,PSX,77.3,77.6,76.09,77.1,2754224
2014-01-23,PSX,77.52,78.1,76.04,77.2,4105669
2014-01-24,PSX,76.22,76.35,73.6,74.44,4742237
2014-01-27,PSX,74.57,75.7,73.78,74.9,3408700
2014-01-28,PSX,73.92,75.46,73.92,75.08,2792193
2014-01-29,PSX,74.03,76.9,70.81,74.18,5942040
2014-01-30,PSX,74.44,74.97,73.37,73.56,4595404
2014-01-31,PSX,73.1,74.58,72.75,73.09,5799904
2014-02-03,PSX,73.12,73.58,71.14,71.36,5630267
2014-02-04,PSX,71.51,71.75,68.78,71.14,4647450
2014-02-05,PSX,70.75,71.55,69.11,70.67,6079314
2014-02-06,PSX,71.3,73.62,70.89,73.3,5388975
2014-02-07,PSX,73.7,74.43,72.91,74.28,3344294
2014-02-10,PSX,74.35,74.69,72.03,72.27,3749016
2014-02-11,PSX,72.3,74.26,72.24,74.09,3711935
2014-02-12,PSX,74.17,74.6,73.36,73.64,3045312
2014-02-13,PSX,72.75,74.92,72.63,74.65,3234445
2014-02-14,PSX,74.47,75.98,74.26,75.93,2421841
2014-02-18,PSX,76.21,76.99,75.27,75.38,2819125
2014-02-19,PSX,75.22,76.95,75.02,75.27,3700371
2014-02-20,PSX,75.02,75.76,74.75,75.29,3165048
2014-02-21,PSX,75.08,75.69,74.81,74.95,3215484
2014-02-24,PSX,75.01,77.77,75.01,76.25,3646536
2014-02-25,PSX,76.23,78.31,75.9,77.53,4208275
2014-02-26,PSX,77.44,77.93,76.45,76.76,3389079
2014-02-27,PSX,76.48,76.8,74.33,74.74,5639991
2014-02-28,PSX,74.78,78.89,74.38,74.86,4209100
2014-03-03,PSX,74.65,75.77,74.37,74.86,2672187
2014-03-04,PSX,75.55,76.2,74.9,76.08,2386646
2014-03-05,PSX,75.8,76.93,75.45,76.81,2818984
2014-03-06,PSX,76.98,78.79,76.95,78.14,3704833
2014-03-07,PSX,78.5,78.78,77.35,78.08,2243466
2014-03-10,PSX,78.0,79.2,77.82,78.66,2376002
2014-03-11,PSX,78.63,79.38,78.01,79.08,3068060
2014-03-12,PSX,79.09,80.29,79.06,80.0,3444417
2014-03-13,PSX,80.07,80.39,77.72,78.14,3439148
2014-03-14,PSX,78.03,79.41,78.0,78.69,2760014
2014-03-17,PSX,78.86,79.72,78.74,79.35,2646438
2014-03-18,PSX,79.32,80.36,78.91,80.35,3002023
2014-03-19,PSX,80.24,80.25,77.92,78.43,2894754
2014-03-20,PSX,78.07,78.96,77.53,78.5,3108177
2014-03-21,PSX,80.12,80.12,77.82,77.95,4628594
2014-03-24,PSX,78.37,78.7,77.02,77.42,3291945
2014-03-25,PSX,77.24,78.74,77.24,78.2,3046623
2014-03-26,PSX,78.47,78.8,76.92,77.21,2663890
2014-03-27,PSX,77.29,77.67,76.73,76.86,3430618
2014-03-28,PSX,77.0,77.4,76.51,76.65,3014078
2014-03-31,PSX,77.3,77.56,76.87,77.06,3071528
2014-04-01,PSX,77.22,79.64,76.93,79.58,4031182
2014-04-02,PSX,79.17,79.5,77.89,79.24,3083054
2014-04-03,PSX,79.67,80.91,79.67,80.6,3328587
2014-04-04,PSX,81.01,81.42,79.15,79.57,3315192
2014-04-07,PSX,79.1,79.95,77.88,77.95,3224368
2014-04-08,PSX,78.06,78.67,77.01,77.56,3342311
2014-04-09,PSX,78.03,78.71,77.23,78.33,2522337
2014-04-10,PSX,78.27,79.38,76.67,76.69,3875445
2014-04-11,PSX,76.63,78.06,76.18,76.75,5550335
2014-04-14,PSX,77.11,78.03,76.64,78.01,2673880
2014-04-15,PSX,77.76,78.71,76.74,78.68,3654567
2014-04-16,PSX,79.42,81.15,78.63,81.11,3801498
2014-04-17,PSX,80.67,81.35,80.0,80.28,4517150
2014-04-21,PSX,80.36,82.15,80.19,81.82,2946213
2014-04-22,PSX,81.33,82.47,80.73,81.98,2987199
2014-04-23,PSX,81.85,82.95,81.5,82.3,2083922
2014-04-24,PSX,82.6,83.05,81.76,82.57,2592177
2014-04-25,PSX,82.53,83.1,82.03,82.59,2545455
2014-04-28,PSX,82.89,84.4,81.87,84.05,3864273
2014-04-29,PSX,84.53,84.85,83.34,83.75,2732546
2014-04-30,PSX,83.91,84.5,83.11,83.22,2860209
2014-05-01,PSX,83.27,84.67,83.09,84.05,2602303
2014-05-02,PSX,83.99,84.55,83.43,83.53,2095707
2014-05-05,PSX,83.14,83.99,82.65,83.93,2101334
2014-05-06,PSX,84.13,85.42,83.66,84.26,2668968
2014-05-07,PSX,84.67,85.25,83.47,85.03,2584177
2014-05-08,PSX,84.21,84.75,82.49,82.92,3057537
2014-05-09,PSX,82.72,83.19,80.82,81.91,3687698
2014-05-12,PSX,82.64,84.08,82.56,83.54,3181107
2014-05-13,PSX,83.78,84.74,83.47,84.26,2566689
2014-05-14,PSX,84.06,84.68,82.96,83.56,3143608
2014-05-15,PSX,83.01,83.01,81.29,82.01,11589592
2014-05-16,PSX,81.85,82.37,81.23,81.86,2305184
2014-05-19,PSX,81.99,83.1,81.86,82.73,2907867
2014-05-20,PSX,82.45,83.24,81.86,81.97,2316611
2014-05-21,PSX,82.24,82.62,80.9,81.59,6323738
2014-05-22,PSX,81.69,82.86,81.59,82.38,2433438
2014-05-23,PSX,82.35,82.71,82.03,82.03,2541109
2014-05-27,PSX,82.26,82.41,81.46,82.18,3004268
2014-05-28,PSX,82.05,83.45,82.04,82.99,3497250
2014-05-29,PSX,83.24,84.41,82.82,84.32,2451596
2014-05-30,PSX,84.36,85.12,84.17,84.79,4140886
2014-06-02,PSX,84.99,85.45,84.41,85.24,2519999
2014-06-03,PSX,84.89,85.18,84.38,84.54,2335675
2014-06-04,PSX,84.06,84.66,83.55,83.7,2451579
2014-06-05,PSX,84.07,84.64,83.42,83.52,3736572
2014-06-06,PSX,83.95,84.6,83.55,84.36,2492783
2014-06-09,PSX,84.18,84.51,83.34,83.73,2313300
2014-06-10,PSX,83.6,83.9,82.44,82.83,2394903
2014-06-11,PSX,82.36,83.16,82.19,82.89,2355336
2014-06-12,PSX,83.37,83.71,82.43,82.8,2882818
2014-06-13,PSX,82.8,83.57,82.4,83.49,4330049
2014-06-16,PSX,83.52,83.65,82.94,83.44,2279736
2014-06-17,PSX,83.01,84.1,82.5,84.07,2965854
2014-06-18,PSX,83.88,84.55,82.93,84.5,2616983
2014-06-19,PSX,84.71,85.54,84.62,85.26,2954384
2014-06-20,PSX,85.59,86.28,85.25,85.94,7281922
2014-06-23,PSX,86.25,86.82,85.92,86.33,2316727
2014-06-24,PSX,86.02,87.05,84.67,84.94,2801855
2014-06-25,PSX,80.95,82.66,79.16,81.36,10144987
2014-06-26,PSX,81.92,82.46,81.09,82.1,5311006
2014-06-27,PSX,81.68,82.07,81.02,81.49,5490153
2014-06-30,PSX,81.06,81.19,80.05,80.43,3405925
2014-07-01,PSX,80.6,80.83,79.94,80.6,3132014
2014-07-02,PSX,80.64,81.51,80.6,81.0,2443287
2014-07-03,PSX,81.2,81.95,81.0,81.5,1712333
2014-07-07,PSX,81.33,81.44,79.94,80.5,2226450
2014-07-08,PSX,80.31,80.53,79.03,79.28,3010578
2014-07-09,PSX,79.66,80.19,78.53,79.81,3278434
2014-07-10,PSX,78.72,80.09,78.69,79.73,2722712
2014-07-11,PSX,79.55,80.55,79.5,80.29,2235240
2014-07-14,PSX,80.88,80.9,79.63,79.95,8390124
2014-07-15,PSX,79.74,81.5,79.42,81.12,8653555
2014-07-16,PSX,81.21,81.87,80.41,80.84,2894078
2014-07-17,PSX,80.4,80.98,79.4,79.54,2370164
2014-07-18,PSX,79.91,81.04,79.45,80.86,3127235
2014-07-21,PSX,80.4,80.8,80.0,80.16,2102776
2014-07-22,PSX,80.74,81.15,80.24,80.5,2733868
2014-07-23,PSX,80.55,81.73,80.45,81.27,2118401
2014-07-24,PSX,81.73,82.83,81.3,82.1,3517441
2014-07-25,PSX,82.14,82.87,81.83,82.65,2064047
2014-07-28,PSX,83.0,83.0,81.66,82.61,2359493
2014-07-29,PSX,82.92,83.25,82.47,82.47,3173331
2014-07-30,PSX,82.19,83.41,81.31,81.72,2664734
2014-07-31,PSX,81.14,82.51,80.56,81.11,3119964
2014-08-01,PSX,80.62,81.01,79.25,80.54,4488019
2014-08-04,PSX,80.81,82.04,80.24,81.88,2934430
2014-08-05,PSX,81.44,81.65,80.58,81.01,2735480
2014-08-06,PSX,80.75,82.9,80.75,82.28,2730150
2014-08-07,PSX,82.5,83.03,81.17,81.52,2532085
2014-08-08,PSX,82.0,83.17,81.31,83.05,2290420
2014-08-11,PSX,83.51,83.85,82.3,82.39,2293695
2014-08-12,PSX,82.58,82.93,82.14,82.56,2113321
2014-08-13,PSX,82.56,82.88,81.97,82.78,2411161
2014-08-14,PSX,82.95,83.91,82.55,83.69,2849886
2014-08-15,PSX,83.85,84.37,83.5,83.79,4763546
2014-08-18,PSX,84.27,86.08,84.27,85.61,3353823
2014-08-19,PSX,85.61,86.4,85.34,86.09,2676860
2014-08-20,PSX,85.99,86.79,85.65,86.6,2133080
2014-08-21,PSX,86.7,86.72,86.01,86.24,1767584
2014-08-22,PSX,86.05,86.28,85.47,86.09,1633893
2014-08-25,PSX,86.38,87.1,86.12,86.9,1903517
2014-08-26,PSX,86.87,87.1,86.26,86.67,1869274
2014-08-27,PSX,86.7,87.0,86.03,86.44,1832071
2014-08-28,PSX,86.03,86.92,85.82,86.61,1188238
2014-08-29,PSX,86.58,87.15,86.44,87.02,2150342
2014-09-01,PSX,86.91,87.2,86.02,87.02,2150342
2014-09-02,PSX,86.91,87.2,86.02,86.95,2375976
2014-09-03,PSX,87.2,87.98,86.8,87.24,2881088
2014-09-04,PSX,87.22,87.87,86.54,86.88,3331976
2014-09-05,PSX,86.94,87.66,86.06,87.51,2241378
2014-09-08,PSX,87.45,87.6,87.02,87.06,2060227
2014-09-09,PSX,87.0,87.54,85.95,86.47,2492647
2014-09-10,PSX,86.13,86.41,83.9,85.14,4598645
2014-09-11,PSX,84.58,85.11,83.57,84.01,3321134
2014-09-12,PSX,83.88,84.24,82.55,83.02,3337574
2014-09-15,PSX,83.04,84.02,82.69,83.9,2420309
2014-09-16,PSX,83.78,86.68,83.5,85.78,5220294
2014-09-17,PSX,85.94,86.38,85.29,85.69,4135200
2014-09-18,PSX,85.71,86.39,85.37,85.89,3497398
2014-09-19,PSX,86.04,86.38,85.58,85.75,3614223
2014-09-22,PSX,85.5,85.53,83.69,83.84,2576411
2014-09-23,PSX,83.85,84.84,83.14,83.26,2168686
2014-09-24,PSX,82.95,83.34,81.61,82.69,2514075
2014-09-25,PSX,82.83,82.83,81.74,81.74,2429249
2014-09-26,PSX,81.6,82.52,81.6,82.23,3274516
2014-09-29,PSX,81.37,82.3,81.08,81.77,2076417
2014-09-30,PSX,81.5,81.88,80.68,81.31,5203533
2014-10-01,PSX,81.31,82.0,79.56,79.63,4192316
2014-10-02,PSX,79.18,79.39,75.94,77.76,8948755
2014-10-03,PSX,78.23,78.28,77.04,77.64,4846260
2014-10-06,PSX,77.7,78.12,76.7,77.35,2580065
2014-10-07,PSX,77.59,78.8,77.15,77.35,3654549
2014-10-08,PSX,77.83,79.21,76.52,79.16,4384453
2014-10-09,PSX,78.97,79.37,76.56,76.61,3570416
2014-10-10,PSX,76.75,77.73,74.81,76.32,4702024
2014-10-13,PSX,75.98,77.14,72.85,73.05,5176656
2014-10-14,PSX,73.52,74.16,70.11,70.59,9369236
2014-10-15,PSX,69.82,70.86,66.24,67.89,11407686
2014-10-16,PSX,67.46,70.52,66.12,69.71,8930411
2014-10-17,PSX,70.69,73.15,70.19,72.21,8218504
2014-10-20,PSX,71.76,72.9,71.66,72.35,3495516
2014-10-21,PSX,74.35,77.08,72.93,76.81,6745193
2014-10-22,PSX,76.75,77.55,75.35,75.39,5186762
2014-10-23,PSX,76.42,77.07,75.96,76.12,3223058
2014-10-24,PSX,76.15,76.57,74.85,76.49,2924837
2014-10-27,PSX,75.65,76.11,74.53,75.48,4295499
2014-10-28,PSX,75.85,77.72,75.17,77.53,7580212
2014-10-29,PSX,78.56,78.97,75.61,76.39,4319840
2014-10-30,PSX,76.35,77.57,75.63,77.4,3747018
2014-10-31,PSX,77.7,78.76,76.65,78.5,3848811
2014-11-03,PSX,78.46,78.85,76.38,76.68,5523687
2014-11-04,PSX,76.02,76.44,73.48,74.49,6013035
2014-11-05,PSX,74.9,76.37,73.68,74.74,5429520
2014-11-06,PSX,75.18,75.64,74.32,75.42,4054378
2014-11-07,PSX,75.3,75.59,74.28,74.7,5463968
2014-11-10,PSX,75.0,75.6,74.38,74.5,3332246
2014-11-11,PSX,74.89,75.15,73.23,73.64,3975985
2014-11-12,PSX,72.97,74.21,72.85,73.04,3703774
2014-11-13,PSX,72.63,72.72,70.22,70.83,5418429
2014-11-14,PSX,70.94,71.84,70.8,71.78,7638911
2014-11-17,PSX,71.79,73.12,71.79,72.78,4327599
2014-11-18,PSX,73.15,74.54,72.82,73.96,4730122
2014-11-19,PSX,74.14,76.08,73.79,75.77,4721125
2014-11-20,PSX,75.52,77.99,75.5,77.83,4789859
2014-11-21,PSX,79.01,80.32,78.22,79.42,5331185
2014-11-24,PSX,79.13,79.9,79.06,79.42,2976658
2014-11-25,PSX,79.76,80.17,79.02,79.54,3458691
2014-11-26,PSX,79.57,79.65,78.7,79.28,4383944
2014-11-27,PSX,79.57,79.65,78.7,79.28,4383944
2014-11-28,PSX,78.41,78.6,72.76,73.02,5301853
2014-12-01,PSX,73.0,73.73,71.07,71.86,7524333
2014-12-02,PSX,71.75,74.29,71.75,73.76,5166718
2014-12-03,PSX,73.81,75.26,73.79,74.83,3270568
2014-12-04,PSX,74.33,75.24,73.62,74.97,3914586
2014-12-05,PSX,74.82,75.19,72.92,73.02,4252350
2014-12-08,PSX,72.23,72.63,68.71,68.93,6709007
2014-12-09,PSX,68.56,69.13,67.56,68.81,5270192
2014-12-10,PSX,67.63,68.35,66.42,67.11,5589714
2014-12-11,PSX,67.11,68.12,66.62,66.82,4743700
2014-12-12,PSX,66.3,67.12,65.31,65.68,4427777
2014-12-15,PSX,66.65,67.42,64.87,65.09,9156041
2014-12-16,PSX,64.6,68.63,64.02,67.04,6209392
2014-12-17,PSX,66.78,69.15,66.62,68.36,4530127
2014-12-18,PSX,69.9,70.3,66.83,69.03,5258512
2014-12-19,PSX,69.6,71.89,69.08,71.81,6677042
2014-12-22,PSX,71.06,71.65,70.3,71.23,3540110
2014-12-23,PSX,71.49,72.73,71.3,72.56,3717548
2014-12-24,PSX,72.1,72.59,71.31,72.1,2090093
2014-12-26,PSX,72.34,73.34,72.1,72.65,1842876
2014-12-29,PSX,73.01,73.37,72.1,72.82,2980001
2014-12-30,PSX,72.8,73.61,72.19,72.92,3143999
2014-12-31,PSX,72.7,73.03,71.66,71.7,2655643
2015-01-02,PSX,71.61,72.45,70.95,72.29,2545240
2015-01-05,PSX,71.24,71.59,67.14,67.92,5885961
2015-01-06,PSX,67.66,68.76,66.02,66.02,5795753
2015-01-07,PSX,66.77,67.89,65.9,66.31,5558227
2015-01-08,PSX,67.1,68.9,66.6,68.89,5432708
2015-01-09,PSX,68.31,68.5,66.7,67.31,4438018
2015-01-12,PSX,66.48,66.52,63.83,64.24,5232286
2015-01-13,PSX,64.31,64.79,61.37,61.5,8886398
2015-01-14,PSX,60.64,60.98,57.33,59.42,11611127
2015-01-15,PSX,60.24,60.5,58.68,59.09,5531113
2015-01-16,PSX,59.0,61.08,59.0,60.83,4978583
2015-01-20,PSX,61.79,63.71,61.09,63.62,7995203
2015-01-21,PSX,64.27,66.62,63.7,66.25,7108999
2015-01-22,PSX,66.84,67.59,65.97,67.31,5501532
2015-01-23,PSX,67.47,69.19,66.97,68.52,4667599
2015-01-26,PSX,68.64,69.04,67.61,68.4,4149653
2015-01-27,PSX,67.7,69.78,67.52,69.6,4407871
2015-01-28,PSX,69.8,70.06,68.32,68.37,6039348
2015-01-29,PSX,69.95,70.69,68.65,70.48,5810118
2015-01-30,PSX,69.73,71.27,68.84,70.32,5793500
2015-02-02,PSX,71.31,72.8,70.07,72.8,4818851
2015-02-03,PSX,73.72,74.94,73.33,74.88,6683035
2015-02-04,PSX,73.83,75.13,72.77,74.42,5352983
2015-02-05,PSX,75.3,75.89,74.33,75.21,3014419
2015-02-06,PSX,75.32,76.62,75.1,76.1,3592204
2015-02-09,PSX,76.27,76.62,75.69,75.93,2783088
2015-02-10,PSX,75.2,75.86,73.84,75.67,3340610
2015-02-11,PSX,74.93,75.01,73.34,74.19,4125583
2015-02-12,PSX,74.73,75.32,74.08,75.11,2812748
2015-02-13,PSX,75.76,76.65,75.32,76.62,3479176
2015-02-17,PSX,76.38,77.28,75.87,76.9,3523757
2015-02-18,PSX,76.01,76.61,75.48,75.95,3997772
2015-02-19,PSX,75.47,77.88,74.94,77.43,4599027
2015-02-20,PSX,77.52,78.17,76.27,77.34,4566555
2015-02-23,PSX,76.75,79.46,76.75,79.33,3785462
2015-02-24,PSX,79.71,80.07,78.33,80.0,4442873
2015-02-25,PSX,79.88,80.59,78.91,79.09,2959703
2015-02-26,PSX,78.99,80.18,78.38,80.06,4279905
2015-02-27,PSX,80.1,80.44,78.44,78.46,4296563
2015-03-02,PSX,78.11,78.4,76.16,77.0,5976240
2015-03-03,PSX,77.53,78.38,77.48,78.09,3361523
2015-03-04,PSX,77.7,78.08,77.08,77.96,2199910
2015-03-05,PSX,78.2,78.35,76.86,76.88,2722044
2015-03-06,PSX,76.16,77.3,75.14,75.36,3681706
2015-03-09,PSX,75.44,77.47,75.44,76.29,3630475
2015-03-10,PSX,75.84,75.84,74.02,74.03,3496350
2015-03-11,PSX,74.28,75.0,74.16,74.55,2422360
2015-03-12,PSX,75.1,75.91,74.01,74.16,2960806
2015-03-13,PSX,74.14,74.76,73.54,74.64,2848944
2015-03-16,PSX,74.32,76.32,74.06,76.29,2471621
2015-03-17,PSX,75.59,76.29,74.74,75.95,2634270
2015-03-18,PSX,75.64,78.59,75.35,78.12,4731244
2015-03-19,PSX,77.22,77.87,76.69,77.51,2647415
2015-03-20,PSX,77.7,78.88,77.0,78.86,5172273
2015-03-23,PSX,79.0,79.49,78.52,78.53,2747407
2015-03-24,PSX,78.38,78.53,77.38,77.63,2198386
2015-03-25,PSX,78.59,80.08,78.33,79.0,4135083
2015-03-26,PSX,79.7,79.93,78.4,78.44,2035792
2015-03-27,PSX,78.61,78.84,77.32,77.61,1979020
2015-03-30,PSX,78.26,80.04,78.15,79.56,3035697
2015-03-31,PSX,78.45,79.39,78.4,78.6,2715708
2015-04-01,PSX,79.07,80.3,78.94,79.94,3257472
2015-04-02,PSX,79.28,80.07,77.94,78.17,4424716
2015-04-06,PSX,78.49,79.33,77.82,78.55,3260642
2015-04-07,PSX,78.64,78.84,77.7,77.77,2776119
2015-04-08,PSX,78.06,78.8,77.17,77.41,2352452
2015-04-09,PSX,77.28,77.91,76.8,77.81,3572685
2015-04-10,PSX,78.0,78.54,77.56,78.34,2306277
2015-04-13,PSX,78.45,78.48,76.43,76.93,3996764
2015-04-14,PSX,77.58,78.24,77.28,77.83,3443902
2015-04-15,PSX,77.95,79.18,77.9,78.94,2990007
2015-04-16,PSX,78.82,79.47,78.13,79.24,2545740
2015-04-17,PSX,78.67,78.78,77.75,78.01,2411018
2015-04-20,PSX,78.26,79.66,78.12,79.3,2620139
2015-04-21,PSX,79.3,79.64,78.7,79.5,2458132
2015-04-22,PSX,79.92,81.07,79.34,80.92,2822370
2015-04-23,PSX,81.14,81.72,80.84,81.23,2919041
2015-04-24,PSX,81.38,81.84,80.9,81.59,2067713
2015-04-27,PSX,81.87,81.93,81.01,81.07,2039966
2015-04-28,PSX,81.23,81.99,81.05,81.61,2265009
2015-04-29,PSX,81.43,81.94,80.89,81.0,2855579
2015-04-30,PSX,80.9,81.17,78.9,79.31,4829420
2015-05-01,PSX,79.41,81.66,79.14,81.61,3061894
2015-05-04,PSX,82.0,82.19,80.74,80.84,2833678
2015-05-05,PSX,81.1,81.4,80.35,80.44,2279344
2015-05-06,PSX,80.55,80.7,79.61,79.82,3398718
2015-05-07,PSX,79.8,80.12,78.91,79.94,4047619
2015-05-08,PSX,80.4,81.82,79.44,81.63,3008871
2015-05-11,PSX,81.98,81.98,80.26,80.54,2406418
2015-05-12,PSX,80.28,80.8,79.65,80.5,2245805
2015-05-13,PSX,80.95,81.18,80.11,80.77,2343143
2015-05-14,PSX,80.41,81.68,80.4,81.63,2658355
2015-05-15,PSX,81.54,81.54,80.86,81.05,2046500
2015-05-18,PSX,81.11,81.56,80.52,81.33,2015663
2015-05-19,PSX,80.9,81.1,80.23,80.7,2549160
2015-05-20,PSX,80.74,81.22,80.14,80.52,2551703
2015-05-21,PSX,80.69,81.38,80.27,81.0,2289441
2015-05-22,PSX,80.62,81.08,80.51,80.97,1734980
2015-05-26,PSX,80.17,80.38,78.87,79.36,3202850
2015-05-27,PSX,79.82,80.38,78.87,79.19,3369594
2015-05-28,PSX,78.94,79.67,77.98,79.56,3302186
2015-05-29,PSX,79.56,80.54,78.9,79.12,3734321
2015-06-01,PSX,79.55,80.25,79.2,79.35,3007512
2015-06-02,PSX,79.38,79.5,78.47,79.1,3281629
2015-06-03,PSX,78.79,78.86,77.72,78.3,3198839
2015-06-04,PSX,77.71,78.07,77.18,77.38,2622961
2015-06-05,PSX,77.24,78.61,77.17,78.05,1934356
2015-06-08,PSX,77.11,77.76,76.84,77.18,3344564
2015-06-09,PSX,77.34,77.81,76.73,76.79,3383298
2015-06-10,PSX,77.41,78.35,77.18,77.8,3600154
2015-06-11,PSX,77.98,79.29,77.48,78.67,3126404
2015-06-12,PSX,78.16,78.34,76.94,77.65,2574633
2015-06-15,PSX,77.7,78.09,77.16,78.08,2546597
2015-06-16,PSX,78.0,78.44,77.27,78.39,2511046
2015-06-17,PSX,79.15,79.66,77.92,78.84,2799328
2015-06-18,PSX,78.91,80.48,78.8,80.03,2508081
2015-06-19,PSX,79.58,80.62,79.58,79.67,3030710
2015-06-22,PSX,80.02,80.02,78.94,79.6,3152950
2015-06-23,PSX,79.8,80.6,79.56,80.31,2453100
2015-06-24,PSX,79.7,80.12,78.96,79.19,3106393
2015-06-25,PSX,79.19,79.52,78.8,78.89,2347771
2015-06-26,PSX,78.8,79.67,78.56,79.62,8753563
2015-06-29,PSX,78.75,79.41,78.46,78.49,4888279
2015-06-30,PSX,79.24,81.36,79.18,80.56,4716790
2015-07-01,PSX,80.64,81.86,80.52,81.3,3779633
2015-07-02,PSX,81.47,82.18,81.0,81.45,3388871
2015-07-06,PSX,80.39,81.79,79.75,81.54,3978710
2015-07-07,PSX,81.98,82.63,79.92,82.35,4170671
2015-07-08,PSX,81.85,81.86,78.06,78.5,4513141
2015-07-09,PSX,79.6,80.0,79.19,79.45,3839194
2015-07-10,PSX,79.86,81.84,79.66,81.49,3236138
2015-07-13,PSX,82.05,84.24,82.05,83.42,4148869
2015-07-14,PSX,82.89,84.39,82.89,83.52,4884483
2015-07-15,PSX,82.79,83.35,81.42,81.77,3737683
2015-07-16,PSX,82.42,83.44,82.02,83.21,3018197
2015-07-17,PSX,83.21,83.3,82.1,83.24,2502249
2015-07-20,PSX,83.13,83.25,82.24,82.33,3095162
2015-07-21,PSX,82.3,83.0,81.48,81.98,2214957
2015-07-22,PSX,81.84,82.86,81.2,81.83,3725551
2015-07-23,PSX,82.11,82.48,81.22,81.39,2110277
2015-07-24,PSX,81.34,81.56,78.3,79.03,5377096
2015-07-27,PSX,78.0,78.04,75.44,76.72,7687943
2015-07-28,PSX,76.8,79.07,76.42,78.65,4784224
2015-07-29,PSX,78.55,80.18,78.44,80.03,4379968
2015-07-30,PSX,79.49,79.98,78.38,79.12,4040972
2015-07-31,PSX,78.47,80.63,77.91,79.5,3615751
2015-08-03,PSX,78.67,80.22,78.25,78.68,4085467
2015-08-04,PSX,79.11,79.44,78.09,78.26,3601251
2015-08-05,PSX,79.57,80.45,78.19,78.28,3102653
2015-08-06,PSX,78.45,79.86,77.94,79.64,4605267
2015-08-07,PSX,79.27,80.61,78.97,79.62,2969386
2015-08-10,PSX,80.07,82.53,80.0,82.52,3876738
2015-08-11,PSX,81.07,83.81,80.9,83.7,3584090
2015-08-12,PSX,83.37,84.85,82.13,84.32,5056435
2015-08-13,PSX,83.2,84.4,82.49,83.08,4177415
2015-08-14,PSX,82.7,83.52,81.82,82.3,3276953
2015-08-17,PSX,81.92,83.13,81.66,83.06,2586758
2015-08-18,PSX,82.68,83.57,82.38,83.25,2516812
2015-08-19,PSX,82.7,82.93,80.37,80.8,4913553
2015-08-20,PSX,80.24,81.78,79.42,79.53,3737812
2015-08-21,PSX,78.69,79.08,75.67,75.74,7353245
2015-08-24,PSX,71.93,74.07,69.79,71.66,7050117
2015-08-25,PSX,73.62,74.12,70.4,70.55,4731512
2015-08-26,PSX,72.5,73.37,70.56,73.3,4573119
2015-08-27,PSX,75.03,76.54,73.17,75.02,5814346
2015-08-28,PSX,75.14,77.26,75.1,77.23,4889932
2015-08-31,PSX,79.5,80.14,77.28,79.07,8614317
2015-09-01,PSX,78.13,78.42,76.81,77.59,5302245
2015-09-02,PSX,79.14,79.18,76.85,78.56,3621875
2015-09-03,PSX,79.1,80.06,77.77,78.46,3358267
2015-09-04,PSX,77.5,78.01,76.71,77.2,4266706
2015-09-08,PSX,78.21,79.97,77.01,79.88,6212467
2015-09-09,PSX,80.06,82.75,79.96,80.65,6346146
2015-09-10,PSX,81.21,82.07,80.11,81.02,4424868
2015-09-11,PSX,80.83,80.98,79.72,80.6,3950677
2015-09-14,PSX,80.53,80.53,78.05,78.21,4261239
2015-09-15,PSX,78.4,79.64,77.73,79.21,4053905
2015-09-16,PSX,79.4,79.59,78.25,79.19,4018391
2015-09-17,PSX,79.48,80.76,78.38,79.31,4060333
2015-09-18,PSX,78.09,79.56,77.8,78.59,12950806
2015-09-21,PSX,78.81,80.5,78.48,79.26,3399079
2015-09-22,PSX,78.12,78.75,77.76,78.17,2957193
2015-09-23,PSX,78.55,79.53,77.82,77.85,2485190
2015-09-24,PSX,77.61,78.42,76.51,77.65,3727522
2015-09-25,PSX,78.18,78.8,77.26,77.94,3193094
2015-09-28,PSX,77.46,78.07,73.93,74.11,4161945
2015-09-29,PSX,74.81,75.99,74.25,74.51,4335367
2015-09-30,PSX,76.21,77.28,75.45,76.84,3900993
2015-10-01,PSX,77.63,78.48,76.52,77.93,3044029
2015-10-02,PSX,77.11,79.48,76.45,79.48,2467099
2015-10-05,PSX,79.94,82.29,79.88,81.82,3449624
2015-10-06,PSX,81.71,83.49,81.62,82.58,5355152
2015-10-07,PSX,82.93,83.79,81.26,83.24,4017284
2015-10-08,PSX,82.97,84.87,82.37,84.58,3179529
2015-10-09,PSX,84.61,84.79,82.51,83.52,3104270
2015-10-12,PSX,83.75,84.0,82.73,83.87,1791057
2015-10-13,PSX,83.0,83.96,82.01,82.16,3322231
2015-10-14,PSX,82.16,83.39,81.67,82.47,2173054
2015-10-15,PSX,83.03,83.89,81.86,83.49,2289667
2015-10-16,PSX,84.03,84.77,83.44,84.12,2678980
2015-10-19,PSX,83.42,83.7,81.48,81.62,3054068
2015-10-20,PSX,81.32,81.83,80.08,81.6,2896029
2015-10-21,PSX,81.88,81.9,80.23,80.5,2347867
2015-10-22,PSX,81.33,82.84,80.73,82.61,3323812
2015-10-23,PSX,82.61,84.45,82.41,83.35,2523733
2015-10-26,PSX,83.31,83.68,82.41,83.0,3124300
2015-10-27,PSX,82.34,83.56,82.06,83.56,2595766
2015-10-28,PSX,83.69,85.33,83.34,84.89,2672455
2015-10-29,PSX,84.52,86.92,84.52,86.43,3568939
2015-10-30,PSX,88.32,90.82,87.3,89.05,7125367
2015-11-02,PSX,88.39,91.5,88.3,90.6,4939666
2015-11-03,PSX,90.72,93.29,90.18,92.67,3636646
2015-11-04,PSX,93.0,94.12,92.5,93.33,3933932
2015-11-05,PSX,93.34,93.95,92.61,93.68,3115249
2015-11-06,PSX,93.21,93.72,92.04,92.75,2447058
2015-11-09,PSX,92.75,94.0,91.39,92.01,2730452
2015-11-10,PSX,91.39,92.94,90.91,92.1,2299178
2015-11-11,PSX,91.81,92.72,90.41,90.59,2590000
2015-11-12,PSX,89.96,89.96,88.41,89.24,2692300
2015-11-13,PSX,89.26,89.96,87.92,89.08,3079995
2015-11-16,PSX,88.98,91.1,88.33,91.07,2743470
2015-11-17,PSX,90.77,91.98,90.49,91.12,2306671
2015-11-18,PSX,91.28,92.72,91.26,92.54,1857450
2015-11-19,PSX,92.36,92.98,91.63,92.38,2367397
2015-11-20,PSX,92.55,92.99,91.52,91.67,2758692
2015-11-23,PSX,90.49,92.5,90.48,92.17,2725744
2015-11-24,PSX,92.1,93.91,91.54,93.13,2807360
2015-11-25,PSX,93.07,94.06,92.76,92.77,1949525
2015-11-27,PSX,92.29,93.31,92.11,92.76,769914
2015-11-30,PSX,93.09,93.46,91.34,91.53,4113066
2015-12-01,PSX,92.33,92.95,91.21,92.67,2580520
2015-12-02,PSX,92.16,93.0,90.08,90.44,3024720
2015-12-03,PSX,91.0,91.28,88.2,88.57,2834604
2015-12-04,PSX,90.35,90.67,88.69,90.2,3025884
2015-12-07,PSX,88.62,89.46,85.72,86.69,5261622
2015-12-08,PSX,85.57,87.43,85.11,86.45,3427267
2015-12-09,PSX,86.51,87.85,85.2,86.09,2916822
2015-12-10,PSX,86.48,87.55,85.68,86.75,2694463
2015-12-11,PSX,85.46,85.91,82.52,82.78,4232834
2015-12-14,PSX,82.32,82.83,80.28,81.4,5113503
2015-12-15,PSX,82.42,83.3,81.42,81.78,5233067
2015-12-16,PSX,81.55,83.4,81.55,83.06,3981581
2015-12-17,PSX,83.0,83.34,81.76,81.78,3147685
2015-12-18,PSX,81.5,81.78,79.68,80.56,6246566
2015-12-21,PSX,81.02,81.27,79.47,80.62,2809418
2015-12-22,PSX,80.92,82.28,80.67,81.7,2623061
2015-12-23,PSX,82.71,84.85,82.14,84.8,3113811
2015-12-24,PSX,84.53,84.98,83.81,84.36,1054240
2015-12-28,PSX,83.18,83.56,81.91,82.46,1690520
2015-12-29,PSX,83.72,83.87,82.58,82.77,1906144
2015-12-30,PSX,82.31,83.41,81.87,82.01,1527677
2015-12-31,PSX,81.5,82.41,81.21,81.8,2095784
2016-01-04,PSX,81.21,81.89,79.36,80.08,3251429
2016-01-05,PSX,80.37,81.19,80.05,81.0,2849946
2016-01-06,PSX,79.12,80.0,77.6,78.03,4273268
2016-01-07,PSX,76.67,78.11,75.95,76.45,6357978
2016-01-08,PSX,76.92,77.18,75.15,75.21,6009952
2016-01-11,PSX,75.86,77.51,74.37,76.18,4355962
2016-01-12,PSX,76.71,78.38,76.0,77.82,5370143
2016-01-13,PSX,78.91,78.93,74.54,75.25,6500193
2016-01-14,PSX,75.93,80.08,74.32,79.28,5363508
2016-01-15,PSX,76.92,78.6,76.61,78.47,5343180
2016-01-19,PSX,80.38,80.64,77.48,78.67,4574336
2016-01-20,PSX,76.9,78.21,75.37,76.93,5169864
2016-01-21,PSX,76.71,77.23,75.29,76.04,4360681
2016-01-22,PSX,78.45,80.9,77.6,80.03,4035575
2016-01-25,PSX,79.07,79.74,76.17,76.23,4273699
2016-01-26,PSX,76.91,77.8,76.19,77.76,3177606
2016-01-27,PSX,77.14,79.77,76.42,77.73,4782135
2016-01-28,PSX,79.24,80.0,77.0,78.7,5160954
2016-01-29,PSX,78.1,80.23,75.8,80.15,7448393
2016-02-01,PSX,79.68,80.66,77.82,79.48,4487703
2016-02-02,PSX,78.58,79.44,77.8,78.5,4295444
2016-02-03,PSX,79.51,79.94,76.76,79.1,7337489
2016-02-04,PSX,79.09,80.92,78.6,79.88,5657732
2016-02-05,PSX,79.63,80.48,77.92,78.33,4650378
2016-02-08,PSX,78.33,78.33,73.3,76.28,7979823
2016-02-09,PSX,75.77,76.62,74.67,75.44,4348610
2016-02-10,PSX,76.02,77.1,74.67,75.29,5693361
2016-02-11,PSX,73.53,75.04,71.74,72.9,7720776
2016-02-12,PSX,74.0,75.32,73.84,75.2,4217731
2016-02-16,PSX,76.76,78.28,75.86,78.25,5690327
2016-02-17,PSX,79.09,80.89,78.88,80.59,4465360
2016-02-18,PSX,81.34,81.75,78.89,79.44,4608951
2016-02-19,PSX,78.75,80.18,78.39,80.09,3173455
2016-02-22,PSX,81.05,81.42,80.11,80.87,3278059
2016-02-23,PSX,80.4,80.61,78.53,78.56,3323355
2016-02-24,PSX,77.52,79.15,77.35,79.09,3667194
2016-02-25,PSX,79.25,79.33,77.62,78.76,3297210
2016-02-26,PSX,79.52,80.19,78.92,79.1,2490116
2016-02-29,PSX,79.4,80.38,78.93,79.39,3106395
2016-03-01,PSX,80.01,83.79,79.7,83.41,6029010
2016-03-02,PSX,83.15,84.64,82.84,84.57,3585456
2016-03-03,PSX,84.94,86.58,84.55,86.09,3831310
2016-03-04,PSX,86.5,86.6,84.84,85.78,2891051
2016-03-07,PSX,85.38,87.83,85.07,87.41,3741780
2016-03-08,PSX,86.89,87.75,84.75,84.8,3514423
2016-03-09,PSX,85.52,87.23,85.2,86.09,3076768
2016-03-10,PSX,86.07,86.07,84.12,85.43,2464552
2016-03-11,PSX,86.25,86.73,85.11,86.43,2914715
2016-03-14,PSX,85.67,86.5,85.29,86.18,2028610
2016-03-15,PSX,85.0,86.67,84.9,86.6,2208874
2016-03-16,PSX,86.63,87.9,86.37,87.57,2351820
2016-03-17,PSX,88.01,88.66,86.44,88.38,2463452
2016-03-18,PSX,88.8,89.65,88.13,89.41,5398225
2016-03-21,PSX,89.15,89.96,89.11,89.69,2170176
2016-03-22,PSX,89.62,90.87,89.03,90.16,2171351
2016-03-23,PSX,89.94,89.94,87.88,88.12,2012458
2016-03-24,PSX,86.97,88.12,86.57,88.06,2547273
2016-03-28,PSX,87.87,88.13,87.07,87.49,2083466
2016-03-29,PSX,86.8,87.73,86.02,87.43,1974603
2016-03-30,PSX,88.19,88.61,86.98,87.62,1850859
2016-03-31,PSX,87.27,87.81,86.21,86.59,2810570
2016-04-01,PSX,85.6,85.96,84.88,85.67,2639102
2016-04-04,PSX,85.7,86.66,85.29,85.73,1817392
2016-04-05,PSX,85.08,85.69,84.21,84.81,2126096
2016-04-06,PSX,85.35,85.62,83.26,85.02,3171957
2016-04-07,PSX,84.6,85.02,83.83,84.51,1751829
2016-04-08,PSX,85.8,86.81,85.27,86.06,2741333
2016-04-11,PSX,86.5,86.85,84.56,84.58,2158143
2016-04-12,PSX,84.67,86.09,84.06,85.98,2587521
2016-04-13,PSX,86.48,87.1,85.8,87.01,2089163
2016-04-14,PSX,87.11,87.63,86.57,86.92,1735350
2016-04-15,PSX,86.66,86.66,84.85,84.85,2723372
2016-04-18,PSX,84.01,85.73,83.91,85.65,2454626
2016-04-19,PSX,85.72,86.5,85.29,86.42,1935777
2016-04-20,PSX,85.91,87.21,84.81,86.69,2344321
2016-04-21,PSX,86.84,87.65,86.08,87.4,2270687
2016-04-22,PSX,87.64,88.46,87.38,87.98,2038942
2016-04-25,PSX,87.9,88.24,86.89,87.93,1730672
2016-04-26,PSX,88.45,88.85,87.82,88.4,1655285
2016-04-27,PSX,88.85,89.31,88.01,88.95,2451686
2016-04-28,PSX,88.36,89.06,87.34,87.79,3038950
2016-04-29,PSX,85.21,86.03,81.15,82.11,7296812
2016-05-02,PSX,82.44,82.5,79.98,82.2,4486779
2016-05-03,PSX,80.7,80.98,79.45,80.01,4397146
2016-05-04,PSX,79.9,80.39,78.49,79.32,2996820
2016-05-05,PSX,80.02,80.82,78.44,79.08,2830547
2016-05-06,PSX,78.71,80.17,78.27,78.52,3802843
2016-05-09,PSX,78.5,78.53,76.88,78.32,3064621
2016-05-10,PSX,78.76,79.69,78.66,79.25,2236539
2016-05-11,PSX,79.16,80.36,78.62,79.39,2652238
2016-05-12,PSX,80.0,80.1,77.84,78.25,2603518
2016-05-13,PSX,78.25,79.14,77.91,78.34,3029415
2016-05-16,PSX,78.22,78.8,77.2,78.68,3107039
2016-05-17,PSX,78.56,79.3,78.04,78.31,2235778
2016-05-18,PSX,78.29,79.48,77.72,78.13,2508410
2016-05-19,PSX,77.55,77.96,76.68,77.65,2240859
2016-05-20,PSX,78.15,78.46,77.49,77.9,2352347
2016-05-23,PSX,77.51,78.63,77.4,77.82,2498894
2016-05-24,PSX,78.6,80.0,78.49,79.7,3454470
2016-05-25,PSX,80.09,80.47,79.47,80.13,2917433
2016-05-26,PSX,80.42,80.6,79.12,80.04,3572054
2016-05-27,PSX,80.05,80.8,79.75,80.63,2319509
2016-05-31,PSX,80.9,81.08,79.86,80.36,5908462
2016-06-01,PSX,79.9,80.96,79.39,80.85,3022463
2016-06-02,PSX,80.57,81.43,80.52,80.83,2303665
2016-06-03,PSX,80.61,80.89,79.39,80.13,2985053
2016-06-06,PSX,80.61,80.77,80.08,80.76,2184989
2016-06-07,PSX,80.87,81.58,80.54,81.32,2708366
2016-06-08,PSX,81.58,82.42,81.01,82.37,3595808
2016-06-09,PSX,81.65,81.89,80.88,81.13,3298236
2016-06-10,PSX,80.25,80.66,79.63,80.07,2341407
2016-06-13,PSX,79.73,79.94,78.67,78.8,3347663
2016-06-14,PSX,78.63,79.34,77.63,78.9,2638688
2016-06-15,PSX,78.63,79.97,78.11,79.14,2321731
2016-06-16,PSX,78.47,79.57,78.1,79.43,1867433
2016-06-17,PSX,79.34,79.46,78.28,78.5,4086541
2016-06-20,PSX,79.53,80.24,78.96,79.06,2748324
2016-06-21,PSX,79.3,79.58,78.23,79.35,2331131
2016-06-22,PSX,79.37,80.3,79.15,79.54,1842146
2016-06-23,PSX,80.02,80.87,79.6,80.87,2097293
2016-06-24,PSX,78.29,79.74,78.29,78.62,6031822
2016-06-27,PSX,78.19,78.52,76.4,76.9,3506150
2016-06-28,PSX,78.0,78.79,77.07,78.75,2479020
2016-06-29,PSX,79.21,80.01,79.08,79.7,2348748
2016-06-30,PSX,79.4,79.49,77.71,79.34,3505627
2016-07-01,PSX,79.07,79.91,78.96,79.78,2660976
2016-07-05,PSX,78.97,79.32,77.4,77.93,3063859
2016-07-06,PSX,77.26,77.33,74.84,76.37,5344944
2016-07-07,PSX,76.59,77.1,73.67,74.27,6056071
2016-07-08,PSX,74.54,75.47,74.06,74.85,4058233
2016-07-11,PSX,74.85,75.58,74.76,75.21,2704869
2016-07-12,PSX,75.99,77.19,75.72,76.4,3309169
2016-07-13,PSX,76.08,76.51,74.82,76.25,3586505
2016-07-14,PSX,76.36,76.81,76.06,76.61,2901024
2016-07-15,PSX,76.91,76.91,75.5,75.66,2977617
2016-07-18,PSX,75.77,76.07,75.0,75.65,2418444
2016-07-19,PSX,75.73,75.94,75.32,75.74,2017963
2016-07-20,PSX,75.74,76.02,75.0,75.34,2144549
2016-07-21,PSX,75.55,76.17,74.95,75.12,2659814
2016-07-22,PSX,75.12,75.4,74.61,75.39,1688333
2016-07-25,PSX,75.03,75.12,73.97,74.47,3318175
2016-07-26,PSX,74.47,76.3,74.37,76.23,2901651
2016-07-27,PSX,76.43,76.87,75.27,75.4,3108500
2016-07-28,PSX,75.69,76.38,75.09,76.25,4051947
2016-07-29,PSX,75.38,76.16,73.82,76.06,5548760
2016-08-01,PSX,75.3,75.63,74.02,74.26,3399555
2016-08-02,PSX,74.53,76.33,74.51,76.15,4528320
2016-08-03,PSX,76.6,78.74,76.3,78.66,4582417
2016-08-04,PSX,78.37,78.83,77.31,77.54,2692882
2016-08-05,PSX,77.71,78.61,77.5,78.28,1619100
2016-08-08,PSX,78.89,79.52,78.48,78.58,2327864
2016-08-09,PSX,78.76,78.79,76.58,76.72,3052659
2016-08-10,PSX,76.89,77.86,76.5,76.95,2228220
2016-08-11,PSX,77.42,78.47,77.0,78.16,1962223
2016-08-12,PSX,78.39,78.9,78.0,78.81,2454488
2016-08-15,PSX,79.15,79.25,78.22,78.59,2808007
2016-08-16,PSX,78.12,78.25,77.71,77.98,1624772
2016-08-17,PSX,78.06,78.21,77.26,77.71,2642887
2016-08-18,PSX,77.98,78.18,77.18,77.95,3632135
2016-08-19,PSX,77.63,78.69,77.51,78.05,2400507
2016-08-22,PSX,77.52,77.66,76.8,76.97,2251984
2016-08-23,PSX,77.17,78.19,76.96,77.82,1724100
2016-08-24,PSX,77.8,78.23,77.2,77.68,1655653
2016-08-25,PSX,77.89,79.45,77.83,79.07,3665977
2016-08-26,PSX,79.1,79.7,78.17,78.62,2061254
2016-08-29,PSX,78.86,79.3,78.65,78.88,1782335
2016-08-30,PSX,79.46,79.79,78.91,79.33,1980763
2016-08-31,PSX,79.15,79.37,78.11,78.45,2648761
2016-09-01,PSX,78.93,78.93,77.66,78.29,2165433
2016-09-02,PSX,78.97,79.03,78.48,78.87,1561062
2016-09-06,PSX,79.28,79.34,78.76,79.11,2729878
2016-09-07,PSX,79.24,79.99,79.15,79.59,3312504
2016-09-08,PSX,79.8,80.46,79.47,80.08,2001807
2016-09-09,PSX,79.39,79.41,77.86,77.86,2834238
2016-09-12,PSX,77.49,79.21,77.17,78.84,2224665
2016-09-13,PSX,78.0,78.05,77.12,77.25,4007808
2016-09-14,PSX,77.14,78.23,76.76,76.97,3115078
2016-09-15,PSX,77.43,79.53,77.1,79.1,2885369
2016-09-16,PSX,78.32,79.28,78.23,79.09,7599569
2016-09-19,PSX,79.76,80.88,79.18,80.35,3205516
2016-09-20,PSX,80.35,80.47,79.58,79.58,2218367
2016-09-21,PSX,79.82,80.19,79.37,80.07,2133865
2016-09-22,PSX,80.5,81.08,80.01,80.03,1728471
2016-09-23,PSX,79.69,79.95,79.06,79.58,2065066
2016-09-26,PSX,79.78,80.27,79.39,79.47,2351038
2016-09-27,PSX,79.02,79.82,78.92,79.41,2274587
2016-09-28,PSX,79.73,81.31,79.3,81.19,2954548
2016-09-29,PSX,81.05,81.19,78.86,79.28,4121844
2016-09-30,PSX,79.92,80.96,79.55,80.55,2819914
2016-10-03,PSX,80.42,80.77,79.81,80.41,1702832
2016-10-04,PSX,80.34,81.27,79.74,79.82,1985396
2016-10-05,PSX,80.59,81.41,80.36,81.09,2358077
2016-10-06,PSX,81.18,81.5,80.04,80.77,1829430
2016-10-07,PSX,81.0,81.07,80.0,80.39,1614694
2016-10-10,PSX,80.86,81.44,80.8,81.3,1338460
2016-10-11,PSX,81.24,81.34,80.18,80.56,1581621
2016-10-12,PSX,80.56,80.56,79.51,79.81,1664585
2016-10-13,PSX,79.18,79.46,78.06,79.15,2185345
2016-10-14,PSX,79.74,80.12,79.21,79.31,1420794
2016-10-17,PSX,79.31,79.72,78.75,79.14,2397018
2016-10-18,PSX,79.73,79.99,79.3,79.59,1339334
2016-10-19,PSX,79.91,80.11,79.45,79.67,1737639
2016-10-20,PSX,79.4,79.92,78.91,79.74,1407272
2016-10-21,PSX,79.21,80.43,78.8,80.35,2070785
2016-10-24,PSX,80.53,81.03,79.87,80.59,1490343
2016-10-25,PSX,80.29,81.08,79.94,80.76,2263743
2016-10-26,PSX,80.28,81.51,80.11,81.06,2064854
2016-10-27,PSX,81.12,81.25,79.86,79.99,2434359
2016-10-28,PSX,79.23,81.76,79.0,80.13,2977358
2016-10-31,PSX,80.2,81.99,80.02,81.15,2819839
2016-11-01,PSX,82.35,83.21,79.47,80.25,4351308
2016-11-02,PSX,79.5,79.81,78.01,78.34,2959294
2016-11-03,PSX,78.59,79.8,77.66,79.08,2530774
2016-11-04,PSX,78.88,79.55,78.26,78.6,1568468
2016-11-07,PSX,79.62,80.23,79.52,79.93,2051387
2016-11-08,PSX,79.72,80.73,79.61,79.89,1617512
2016-11-09,PSX,79.29,83.16,78.93,82.45,4490364
2016-11-10,PSX,82.34,83.76,82.19,83.09,3188492
2016-11-11,PSX,82.9,83.09,81.87,82.22,2186207
2016-11-14,PSX,82.22,83.5,82.03,83.36,2602384
2016-11-15,PSX,83.36,83.78,82.5,83.7,2991091
2016-11-16,PSX,83.65,83.82,82.78,83.0,1601300
2016-11-17,PSX,83.72,84.61,83.3,83.83,2294762
2016-11-18,PSX,83.89,84.18,83.53,83.64,2220294
2016-11-21,PSX,84.48,84.93,83.97,84.86,2118374
2016-11-22,PSX,84.96,85.63,84.17,84.88,2853882
2016-11-23,PSX,84.84,85.6,84.48,85.06,2684207
2016-11-25,PSX,84.82,84.92,84.51,84.89,972150
2016-11-28,PSX,84.8,85.03,84.02,84.09,3389337
2016-11-29,PSX,83.36,83.5,82.3,82.39,2150536
2016-11-30,PSX,83.1,83.81,82.33,83.08,4999424
2016-12-01,PSX,83.92,85.8,83.6,84.98,3535515
2016-12-02,PSX,84.75,85.7,84.7,84.88,2104372
2016-12-05,PSX,85.38,85.89,84.89,85.44,2811297
2016-12-06,PSX,85.13,85.43,84.56,84.91,2564249
2016-12-07,PSX,85.08,87.1,84.94,87.01,2686951
2016-12-08,PSX,87.06,87.97,86.92,87.63,2240682
2016-12-09,PSX,87.69,87.69,86.86,87.16,1512953
2016-12-12,PSX,88.0,88.48,86.73,87.3,1844194
2016-12-13,PSX,87.74,88.87,87.33,88.17,1976932
2016-12-14,PSX,87.65,88.06,86.35,86.42,2667510
2016-12-15,PSX,86.12,87.09,85.93,86.57,2133767
2016-12-16,PSX,86.8,87.56,86.54,87.46,2295796
2016-12-19,PSX,87.19,87.44,86.85,87.17,1516758
2016-12-20,PSX,87.38,87.49,86.67,86.94,1483707
2016-12-21,PSX,87.11,87.23,86.56,86.78,1513013
2016-12-22,PSX,86.7,87.93,86.44,87.56,1456734
2016-12-23,PSX,87.28,87.9,87.28,87.72,948879
2016-12-27,PSX,87.87,88.14,87.61,87.74,926581
2016-12-28,PSX,87.73,87.96,87.03,87.12,1359762
2016-12-29,PSX,87.01,87.49,86.36,86.65,1035733
2016-12-30,PSX,86.65,87.05,86.01,86.41,1374802
2017-01-03,PSX,87.31,87.92,86.65,86.79,2257922
2017-01-04,PSX,87.17,88.26,87.08,87.26,2306937
2017-01-05,PSX,87.26,88.12,86.66,86.74,2056344
2017-01-06,PSX,86.78,86.97,85.28,85.4,1989419
2017-01-09,PSX,84.91,84.91,83.75,84.02,2581885
2017-01-10,PSX,84.0,85.18,83.59,83.76,3697739
2017-01-11,PSX,83.91,85.6,83.8,84.89,3543458
2017-01-12,PSX,85.09,85.12,83.51,84.34,2169405
2017-01-13,PSX,84.06,84.16,83.06,83.29,2242898
2017-01-17,PSX,83.21,84.65,83.08,83.56,2379722
2017-01-18,PSX,83.52,84.51,83.5,84.13,1967628
2017-01-19,PSX,83.95,84.08,82.68,82.99,1929621
2017-01-20,PSX,83.49,84.03,82.58,83.04,2068209
2017-01-23,PSX,83.28,83.37,82.02,82.2,2033681
2017-01-24,PSX,82.64,84.45,82.55,84.19,2398491
2017-01-25,PSX,84.71,85.29,84.47,85.0,1707908
2017-01-26,PSX,85.18,85.34,84.03,84.24,1619017
2017-01-27,PSX,84.01,84.35,82.5,82.77,2099317
2017-01-30,PSX,82.5,82.75,81.69,82.33,2374950
2017-01-31,PSX,82.0,82.37,81.15,81.62,2740239
2017-02-01,PSX,82.11,82.32,80.36,80.75,3030209
2017-02-02,PSX,80.93,81.26,80.23,81.05,3387510
2017-02-03,PSX,80.5,81.2,78.82,79.95,3672491
2017-02-06,PSX,80.0,80.19,79.0,79.14,3016713
2017-02-07,PSX,79.1,79.14,77.81,78.55,3255417
2017-02-08,PSX,78.25,79.02,77.81,78.86,3042751
2017-02-09,PSX,79.4,79.63,78.98,79.25,2597146
2017-02-10,PSX,79.42,79.98,79.38,79.86,2030723
2017-02-13,PSX,79.86,80.12,79.57,79.9,2112045
2017-02-14,PSX,79.98,80.1,79.15,79.98,2544690
2017-02-15,PSX,79.73,80.39,79.66,80.08,2272772
2017-02-16,PSX,79.6,79.69,78.4,78.5,2940016
2017-02-17,PSX,78.49,79.24,78.35,78.66,2219168
2017-02-21,PSX,79.08,79.39,78.76,79.03,2833653
2017-02-22,PSX,79.0,79.0,78.22,78.38,2017469
2017-02-23,PSX,79.0,79.35,78.36,78.61,1865089
2017-02-24,PSX,78.39,78.49,77.69,78.03,2225522
2017-02-27,PSX,78.2,79.19,78.0,78.86,2648387
2017-02-28,PSX,78.78,79.14,78.11,78.19,3243107
2017-03-01,PSX,78.91,80.03,78.88,79.37,3204506
2017-03-02,PSX,79.28,79.35,78.16,78.33,2550421
2017-03-03,PSX,78.5,79.03,78.18,78.34,1737930
2017-03-06,PSX,78.16,78.89,78.01,78.72,1848209
2017-03-07,PSX,78.61,78.81,77.39,77.48,2679247
2017-03-08,PSX,77.61,78.31,77.13,77.25,2817632
2017-03-09,PSX,77.02,77.4,76.28,76.84,2684671
2017-03-10,PSX,77.18,78.98,76.59,78.86,5038065
2017-03-13,PSX,78.91,79.49,78.71,79.01,2178741
2017-03-14,PSX,78.5,78.77,78.16,78.51,2343693
2017-03-15,PSX,78.94,80.28,78.94,80.15,2411826
2017-03-16,PSX,80.06,80.1,79.42,79.69,2474603
2017-03-17,PSX,79.86,80.09,79.63,79.94,2799639
2017-03-20,PSX,79.88,79.99,79.1,79.41,2285424
2017-03-21,PSX,79.49,79.78,78.26,78.6,4631257
2017-03-22,PSX,78.3,78.94,77.84,78.83,3026800
2017-03-23,PSX,78.57,79.19,78.43,78.48,2211959
2017-03-24,PSX,78.42,78.67,77.12,77.27,2359690
2017-03-27,PSX,76.97,77.79,76.66,77.25,2089275
2017-03-28,PSX,77.41,78.11,77.08,77.92,2388518
2017-03-29,PSX,77.81,78.5,77.54,78.32,2281974
2017-03-30,PSX,78.38,78.85,77.94,78.59,3241537
2017-03-31,PSX,78.49,79.43,78.41,79.22,2744101
2017-04-03,PSX,79.09,79.22,78.0,78.29,1711561
2017-04-04,PSX,78.5,78.55,77.67,78.43,1368917
2017-04-05,PSX,78.74,79.48,77.53,77.57,2867189
2017-04-06,PSX,77.59,77.65,76.65,76.88,3322439
2017-04-07,PSX,76.96,77.66,76.53,77.15,2484263
2017-04-10,PSX,77.51,78.65,77.5,78.05,2503943
2017-04-11,PSX,77.81,77.97,77.15,77.88,2042898
2017-04-12,PSX,78.13,78.26,77.26,77.38,2006083
2017-04-13,PSX,77.26,77.69,76.45,76.67,2606552
2017-04-17,PSX,76.66,77.01,76.57,77.01,1548803
2017-04-18,PSX,76.65,76.99,75.64,75.93,2326290
2017-04-19,PSX,75.94,76.15,75.14,75.33,2511332
2017-04-20,PSX,75.5,76.37,75.33,75.75,1682321
2017-04-21,PSX,75.6,76.59,75.6,76.35,2561086
2017-04-24,PSX,77.12,77.59,76.74,77.51,2483300
2017-04-25,PSX,77.6,78.18,77.25,78.08,2632776
2017-04-26,PSX,77.93,78.89,77.66,78.11,2977500
2017-04-27,PSX,78.01,78.13,76.93,78.05,3001820
2017-04-28,PSX,79.6,80.94,79.07,79.56,5260849
2017-05-01,PSX,79.52,80.34,79.32,79.56,2633401
2017-05-02,PSX,79.93,80.07,79.06,79.26,2202879
2017-05-03,PSX,78.91,79.75,78.74,79.59,1946311
2017-05-04,PSX,79.3,79.3,78.0,78.24,2163789
2017-05-05,PSX,78.33,79.43,78.32,79.35,1763959
2017-05-08,PSX,79.07,79.73,78.79,79.64,1867766
2017-05-09,PSX,79.54,80.11,79.38,79.6,1455814
2017-05-10,PSX,79.77,80.04,79.46,79.75,1690966
2017-05-11,PSX,79.9,80.02,79.21,79.52,1440444
2017-05-12,PSX,79.47,79.98,79.3,79.79,1439949
2017-05-15,PSX,80.29,80.68,79.83,80.12,1725817
2017-05-16,PSX,79.44,79.47,78.22,78.54,2011809
2017-05-17,PSX,78.33,78.78,77.63,77.67,2208679
2017-05-18,PSX,77.38,77.94,76.81,77.55,2534383
2017-05-19,PSX,77.66,78.53,77.35,78.25,2293207
2017-05-22,PSX,78.31,78.79,78.21,78.55,1386580
2017-05-23,PSX,78.75,78.79,78.09,78.14,2977040
2017-05-24,PSX,78.11,78.61,77.91,78.28,1425679
2017-05-25,PSX,78.51,78.88,77.22,77.42,2765114
2017-05-26,PSX,77.63,77.91,77.15,77.44,2300404
2017-05-30,PSX,77.28,77.68,76.82,77.0,1920204
2017-05-31,PSX,76.9,77.23,76.0,76.11,3842345
2017-06-01,PSX,76.38,76.71,75.9,76.62,2503838
2017-06-02,PSX,76.17,76.81,75.85,76.37,2150859
2017-06-05,PSX,76.19,77.23,76.19,76.86,2251922
2017-06-06,PSX,76.69,77.1,76.32,77.04,1707166
2017-06-07,PSX,76.64,77.16,76.35,76.96,2555987
2017-06-08,PSX,76.83,77.94,76.8,77.4,2434728
2017-06-09,PSX,77.36,79.7,77.3,79.57,2832784
2017-06-12,PSX,79.63,80.48,79.59,80.21,2971158
2017-06-13,PSX,80.29,80.73,79.9,80.63,1843073
2017-06-14,PSX,80.59,80.64,78.75,78.78,2810765
2017-06-15,PSX,78.61,79.38,78.53,79.08,2157299
2017-06-16,PSX,79.43,80.98,79.21,80.94,4870857
2017-06-19,PSX,80.99,81.52,80.85,81.24,2757432
2017-06-20,PSX,80.3,80.6,78.91,79.55,2299676
2017-06-21,PSX,79.55,79.77,78.63,78.89,2073891
2017-06-22,PSX,79.02,79.41,78.63,78.91,1016070
2017-06-23,PSX,78.82,80.37,78.8,80.27,2696625
2017-06-26,PSX,80.28,80.65,80.06,80.24,1512907
2017-06-27,PSX,80.39,81.3,80.24,80.54,1653917
2017-06-28,PSX,81.0,82.13,80.99,81.79,2317543
2017-06-29,PSX,82.1,82.82,81.79,81.87,2513955
2017-06-30,PSX,82.32,83.11,81.92,82.69,2458693
2017-07-03,PSX,82.97,83.87,82.92,83.34,1076858
2017-07-05,PSX,83.25,83.25,82.15,82.33,1974184
2017-07-06,PSX,82.4,82.6,81.69,81.89,1590807
2017-07-07,PSX,81.92,82.82,81.55,82.6,1710804
2017-07-10,PSX,82.48,82.87,82.33,82.46,1498681
2017-07-11,PSX,82.28,82.75,81.91,82.36,1366121
2017-07-12,PSX,82.83,83.1,81.91,82.24,1605978
2017-07-13,PSX,81.94,82.25,81.11,81.72,2319003
2017-07-14,PSX,81.86,82.35,81.65,82.2,1435779
2017-07-17,PSX,81.92,82.22,81.64,81.81,1843814
2017-07-18,PSX,82.09,82.13,81.51,81.96,1339117
2017-07-19,PSX,81.95,82.94,81.86,82.92,1666164
2017-07-20,PSX,82.97,83.12,81.99,82.36,1167740
2017-07-21,PSX,82.31,83.33,81.98,82.85,2190624
2017-07-24,PSX,82.69,83.02,82.52,82.65,1417890
2017-07-25,PSX,83.21,84.68,83.21,84.45,2335573
2017-07-26,PSX,84.69,84.72,83.62,83.7,1754183
2017-07-27,PSX,83.53,84.93,83.34,84.51,2188391
2017-07-28,PSX,84.24,84.65,83.49,83.65,2169434
2017-07-31,PSX,83.88,84.39,83.75,83.75,3641465
2017-08-01,PSX,84.04,85.81,84.0,85.63,2696710
2017-08-02,PSX,85.45,87.3,85.38,86.67,2952526
2017-08-03,PSX,86.77,87.12,85.59,85.65,2430478
2017-08-04,PSX,85.69,86.19,85.58,85.6,2087492
2017-08-07,PSX,85.53,85.59,84.88,85.07,2187167
2017-08-08,PSX,84.84,85.31,84.53,85.02,1847981
2017-08-09,PSX,85.0,85.56,84.31,84.49,2297079
2017-08-10,PSX,84.42,84.75,83.48,83.64,1850474
2017-08-11,PSX,83.09,83.8,82.96,83.44,1858217
2017-08-14,PSX,83.6,84.3,83.44,83.88,1758701
2017-08-15,PSX,83.75,84.08,83.24,83.68,1907632
2017-08-16,PSX,83.31,83.48,82.76,83.03,2138380
2017-08-17,PSX,82.67,83.01,80.89,80.89,2359120
2017-08-18,PSX,80.8,82.17,80.73,81.56,2288852
2017-08-21,PSX,81.41,82.04,81.14,81.9,1686896
2017-08-22,PSX,82.12,82.6,81.99,82.23,1709073
2017-08-23,PSX,81.97,82.65,81.88,82.36,1159758
2017-08-24,PSX,82.06,84.41,82.06,83.87,2463215
2017-08-25,PSX,84.3,84.84,83.37,83.42,1778851
2017-08-28,PSX,84.11,84.6,83.52,83.65,2285609
2017-08-29,PSX,83.5,83.99,83.25,83.5,1697342
2017-08-30,PSX,83.5,83.74,82.95,83.6,1853829
2017-08-31,PSX,83.97,83.98,83.12,83.81,2445980
2017-09-01,PSX,83.87,84.61,83.19,84.43,2048819
2017-09-05,PSX,84.32,84.4,82.66,83.24,2491360
2017-09-06,PSX,83.64,83.95,83.18,83.36,1885884
2017-09-07,PSX,83.48,84.2,83.11,84.04,1853228
2017-09-08,PSX,84.03,85.11,83.96,84.7,1936653
2017-09-11,PSX,84.9,85.42,84.43,85.19,1508877
2017-09-12,PSX,85.2,85.84,85.08,85.73,1567276
2017-09-13,PSX,85.89,86.45,85.52,86.35,1748362
2017-09-14,PSX,86.18,86.76,85.95,86.24,2002274
2017-09-15,PSX,86.3,87.82,86.29,87.67,4363635
2017-09-18,PSX,87.61,88.35,87.5,88.31,1815947
2017-09-19,PSX,88.37,89.31,88.02,89.09,1928572
2017-09-20,PSX,89.03,89.51,88.77,89.07,2279024
2017-09-21,PSX,88.9,89.71,88.8,89.14,2035665
2017-09-22,PSX,89.14,90.1,89.02,89.89,2036645
2017-09-25,PSX,89.97,91.5,89.85,91.01,2039664
2017-09-26,PSX,91.15,91.68,90.91,91.35,1986464
2017-09-27,PSX,91.39,92.08,90.58,91.8,2468192
2017-09-28,PSX,91.98,92.19,91.29,91.79,2197416
2017-09-29,PSX,91.66,92.08,91.35,91.61,1947346
2017-10-02,PSX,91.36,92.67,91.21,92.38,1929524
2017-10-03,PSX,93.8,94.69,93.25,93.63,2606137
2017-10-04,PSX,93.39,93.71,92.76,93.43,2214339
2017-10-05,PSX,93.53,94.12,93.1,93.33,2046375
2017-10-06,PSX,92.77,93.33,92.41,92.82,1769365
2017-10-09,PSX,93.45,93.76,93.03,93.32,1238669
2017-10-10,PSX,93.66,94.0,93.32,93.47,1110093
2017-10-11,PSX,93.47,93.95,92.92,93.68,1644346
2017-10-12,PSX,93.45,94.46,93.33,94.34,1692842
2017-10-13,PSX,94.69,95.0,94.22,94.43,1608631
2017-10-16,PSX,93.5,93.79,90.7,90.87,3563007
2017-10-17,PSX,90.69,91.1,90.4,90.63,2398438
2017-10-18,PSX,90.74,90.88,89.9,90.24,1942216
2017-10-19,PSX,89.71,90.58,89.26,90.39,1899788
2017-10-20,PSX,90.79,91.03,90.39,90.8,2109754
2017-10-23,PSX,90.89,91.75,90.7,91.24,2036034
2017-10-24,PSX,91.28,91.89,90.67,91.83,1425678
2017-10-25,PSX,91.82,92.35,91.23,91.71,2187413
2017-10-26,PSX,91.51,92.0,90.8,91.18,1683305
2017-10-27,PSX,91.05,92.08,90.2,91.99,2082916
2017-10-30,PSX,91.58,92.32,90.99,91.02,1923358
2017-10-31,PSX,90.94,91.44,90.29,91.08,1442195
2017-11-01,PSX,91.03,92.65,90.92,92.3,2152232
2017-11-02,PSX,92.21,93.6,91.91,93.46,1822777
2017-11-03,PSX,93.33,94.42,93.06,93.58,1868071
2017-11-06,PSX,93.59,94.95,93.29,94.43,1927063
2017-11-07,PSX,94.67,94.87,93.95,94.57,1371193
2017-11-08,PSX,94.52,94.67,94.02,94.55,2035370
2017-11-09,PSX,93.61,94.63,93.61,94.42,1532600
2017-11-10,PSX,94.31,94.51,93.32,93.66,1347768
2017-11-13,PSX,93.66,94.21,93.2,93.32,1264829
2017-11-14,PSX,92.59,93.39,92.39,92.83,1774911
2017-11-15,PSX,92.2,93.06,91.45,92.57,1765992
2017-11-16,PSX,92.0,92.74,91.54,92.46,2198575
2017-11-17,PSX,92.24,93.19,91.97,92.65,1340724
2017-11-20,PSX,92.49,92.98,92.15,92.62,920207
2017-11-21,PSX,92.93,94.04,92.86,93.62,1509095
2017-11-22,PSX,93.67,93.96,92.7,93.29,1414050
2017-11-24,PSX,93.33,93.86,93.29,93.64,605671
2017-11-27,PSX,93.54,93.64,92.55,92.81,2066230
2017-11-28,PSX,93.46,94.22,92.84,94.05,1584227
2017-11-29,PSX,94.05,95.03,94.05,94.91,2004132
2017-11-30,PSX,95.0,97.69,94.92,97.56,3332633
2017-12-01,PSX,97.98,98.16,95.35,97.57,2329597
2017-12-04,PSX,96.99,99.35,96.99,97.53,1953770
2017-12-05,PSX,97.75,99.34,97.54,98.27,1820192
2017-12-06,PSX,98.12,98.62,97.29,97.59,1612430
2017-12-07,PSX,97.5,98.29,97.32,97.86,1485659
2017-12-08,PSX,98.52,99.87,98.2,99.55,2359950
2017-12-11,PSX,99.37,100.25,99.37,99.72,1299546
2017-12-12,PSX,99.88,100.13,99.0,99.07,1670382
2017-12-13,PSX,99.33,100.39,98.99,99.99,1912677
2017-12-14,PSX,99.85,100.46,99.55,99.55,1455883
2017-12-15,PSX,100.0,100.41,99.58,99.92,2957293
2017-12-18,PSX,99.92,100.42,99.67,99.98,1832961
2017-12-19,PSX,100.04,100.14,99.07,99.14,1552253
2017-12-20,PSX,99.65,100.98,99.22,100.72,2223089
2017-12-21,PSX,100.67,100.84,99.91,100.08,2359861
2017-12-22,PSX,100.65,101.28,100.31,100.89,1092587
2017-12-26,PSX,101.14,101.81,100.86,101.64,900387
2017-12-27,PSX,101.81,102.43,101.27,102.06,1225991
2017-12-28,PSX,102.1,102.16,101.42,101.96,1258339
2017-12-29,PSX,102.25,102.29,101.15,101.15,1267611
2018-01-02,PSX,101.66,101.83,101.07,101.75,1222369
2018-01-03,PSX,101.45,102.8,101.41,102.43,1351711
2018-01-04,PSX,102.4,102.72,101.82,102.15,1110641
2018-01-05,PSX,102.2,102.35,101.64,102.16,1752478
2018-01-08,PSX,102.5,102.5,101.46,102.06,1236474
2018-01-09,PSX,101.9,102.25,101.37,101.72,1536954
2018-01-10,PSX,101.92,102.41,101.3,102.08,978149
2018-01-11,PSX,102.62,102.62,101.51,102.37,1358615
2018-01-12,PSX,102.54,105.09,102.5,104.97,1849280
2018-01-16,PSX,104.54,104.89,103.17,103.5,2601232
2018-01-17,PSX,103.95,106.91,103.83,106.16,2333429
2018-01-18,PSX,106.43,106.43,104.55,105.29,1514010
2018-01-19,PSX,105.53,105.65,104.82,105.63,1657504
2018-01-22,PSX,105.59,106.82,105.39,106.66,1348037
2018-01-23,PSX,106.9,107.34,106.56,106.9,1436529
2018-01-24,PSX,107.22,107.47,103.8,104.63,1945272
2018-01-25,PSX,105.01,105.33,103.97,104.17,1863989
2018-01-26,PSX,104.62,106.92,104.52,106.59,2645111
2018-01-29,PSX,106.12,106.44,103.95,104.25,2563544
2018-01-30,PSX,103.05,103.69,101.89,102.28,2049789
2018-01-31,PSX,102.6,102.95,101.64,102.4,3388700
2018-02-01,PSX,102.33,102.99,99.67,100.86,3243583
2018-02-02,PSX,101.1,101.1,96.08,97.01,4492340
2018-02-05,PSX,95.82,99.57,93.55,95.21,4252511
2018-02-06,PSX,92.88,97.0,92.7,96.88,2894153
2018-02-07,PSX,96.82,98.09,95.59,95.61,2199665
2018-02-08,PSX,95.49,95.52,92.41,92.44,2621070
2018-02-09,PSX,93.12,94.13,89.14,92.6,2679288
2018-02-12,PSX,93.46,94.77,92.61,93.59,1809007
2018-02-13,PSX,93.24,94.29,92.96,93.76,1441217
2018-02-14,PSX,93.39,93.81,91.32,93.33,4091287
2018-02-15,PSX,93.98,94.4,91.62,92.77,2639607
2018-02-16,PSX,91.78,92.92,90.95,91.99,2224825
2018-02-20,PSX,91.95,92.58,90.26,90.99,2957073
2018-02-21,PSX,91.06,91.53,89.56,89.58,2256679
2018-02-22,PSX,90.1,91.2,89.59,90.13,2905595
2018-02-23,PSX,90.59,91.86,90.11,91.83,2921994
2018-02-26,PSX,92.62,93.23,91.96,92.52,3391106
2018-02-27,PSX,92.77,93.75,92.1,92.12,3183120
2018-02-28,PSX,92.95,93.04,90.34,90.37,3233813
2018-03-01,PSX,90.54,91.92,89.5,90.87,3431866
2018-03-02,PSX,90.07,91.64,89.79,91.37,1903789
2018-03-05,PSX,91.02,93.22,90.67,93.06,2953329
2018-03-06,PSX,93.55,94.31,92.75,93.93,2056462
2018-03-07,PSX,93.03,95.04,93.02,94.22,1791368
2018-03-08,PSX,94.23,95.23,93.55,95.19,2101270
2018-03-09,PSX,96.0,96.29,95.43,95.91,1776360
2018-03-12,PSX,95.71,96.25,94.89,94.99,1310643
2018-03-13,PSX,95.11,96.12,94.11,94.55,1735470
2018-03-14,PSX,94.84,95.31,94.01,94.21,1607770
2018-03-15,PSX,94.64,95.18,93.25,94.46,2695923
2018-03-16,PSX,94.61,96.02,94.58,95.79,3193420
2018-03-19,PSX,95.14,95.45,93.89,94.4,1778433
2018-03-20,PSX,94.68,95.9,94.58,95.1,2011815
2018-03-21,PSX,95.34,96.98,95.2,96.15,1623257
2018-03-22,PSX,95.23,96.22,94.5,94.7,1401528
2018-03-23,PSX,95.12,96.17,93.08,93.39,1743564
2018-03-26,PSX,94.73,96.11,93.99,96.0,1618849
2018-03-27,PSX,96.33,97.29,95.13,95.71,1533249
2018-03-28,PSX,95.77,96.57,94.21,94.33,2399280
2018-03-29,PSX,94.93,96.5,94.87,95.92,1553049
2018-04-02,PSX,95.83,96.21,93.38,94.95,1677641
2018-04-03,PSX,95.4,96.3,94.78,96.18,1511055
2018-04-04,PSX,94.99,96.23,92.68,95.99,2492147
2018-04-05,PSX,96.75,98.26,96.26,97.77,1856801
2018-04-06,PSX,97.46,97.89,95.92,96.97,2596342
2018-04-09,PSX,97.33,98.69,97.0,97.74,1401206
2018-04-10,PSX,99.11,100.86,98.87,100.25,1831615
2018-04-11,PSX,99.95,102.92,99.95,102.55,2247500
2018-04-12,PSX,102.78,103.28,101.9,102.63,2038655
2018-04-13,PSX,103.28,104.19,102.71,103.74,1496552
2018-04-16,PSX,104.27,107.24,104.17,106.82,2142009
2018-04-17,PSX,107.34,108.29,106.44,107.86,2087271
2018-04-18,PSX,108.34,110.09,108.31,108.89,2488384
2018-04-19,PSX,109.06,110.85,108.2,110.64,3075287
2018-04-20,PSX,110.41,111.31,109.73,110.99,3155410
2018-04-23,PSX,110.98,111.47,109.79,111.45,1958597
2018-04-24,PSX,111.95,113.27,108.81,109.23,3092869
2018-04-25,PSX,108.57,110.04,107.52,109.79,2043335
2018-04-26,PSX,110.24,112.89,109.52,112.52,2819509
2018-04-27,PSX,110.76,111.97,109.7,111.34,2062797
2018-04-30,PSX,111.88,113.32,111.19,111.31,3310270
2018-05-01,PSX,111.67,111.99,110.33,111.85,3783498
2018-05-02,PSX,111.44,115.47,111.35,114.52,3452738
2018-05-03,PSX,114.1,115.61,112.93,115.59,3096465
2018-05-04,PSX,115.7,115.8,114.44,115.61,2526421
2018-05-07,PSX,115.95,117.99,115.32,115.41,2631500
2018-05-08,PSX,115.4,116.36,113.69,116.25,3056835
2018-05-09,PSX,117.0,118.59,116.56,117.5,3148062
2018-05-10,PSX,118.15,118.39,117.18,117.96,1969581
2018-05-11,PSX,118.13,118.46,117.37,117.76,1851381
2018-05-14,PSX,118.25,119.16,117.87,118.29,2355224
2018-05-15,PSX,118.0,118.72,117.48,118.32,1921735
2018-05-16,PSX,117.92,118.25,116.14,118.16,2034314
2018-05-17,PSX,118.77,122.38,118.25,121.87,3571787
2018-05-18,PSX,121.17,121.33,119.63,120.33,3430981
2018-05-21,PSX,121.0,121.6,120.34,121.44,2064986
2018-05-22,PSX,121.47,121.71,117.77,118.75,2780617
2018-05-23,PSX,117.99,119.44,117.31,118.95,2507656
2018-05-24,PSX,118.0,119.75,117.39,118.82,1630805
2018-05-25,PSX,116.96,117.31,114.4,115.6,1941711
2018-05-29,PSX,116.36,118.16,115.7,116.81,2961851
2018-05-30,PSX,118.24,119.76,117.36,119.18,3583069
2018-05-31,PSX,119.19,120.3,116.43,116.49,5907147
2018-06-01,PSX,117.39,119.17,116.75,119.0,2757041
2018-06-04,PSX,119.4,120.8,118.59,119.2,2979083
2018-06-05,PSX,119.0,119.47,117.65,118.83,2369815
2018-06-06,PSX,118.78,119.14,116.21,116.65,2413007
2018-06-07,PSX,117.29,117.86,116.51,117.44,2478317
2018-06-08,PSX,117.12,117.4,116.25,116.84,2220624
2018-06-11,PSX,116.94,117.8,115.94,117.02,2225185
2018-06-12,PSX,116.7,116.96,115.31,115.55,2471104
2018-06-13,PSX,115.55,116.49,113.84,115.75,2973037
2018-06-14,PSX,116.61,117.0,115.35,115.55,2464091
2018-06-15,PSX,115.12,116.07,113.84,114.3,3483893
2018-06-18,PSX,114.25,115.79,113.94,114.94,2654196
2018-06-19,PSX,113.68,115.16,113.4,114.58,1997008
2018-06-20,PSX,115.17,115.23,113.28,114.59,2317034
2018-06-21,PSX,113.98,114.5,110.97,111.45,2481159
2018-06-22,PSX,113.41,114.49,111.81,112.02,3049905
2018-06-25,PSX,111.94,112.0,109.72,110.45,1799844
2018-06-26,PSX,110.79,111.99,110.64,110.81,1878679
2018-06-27,PSX,111.37,112.47,110.46,110.71,1831713
2018-06-28,PSX,110.76,112.2,109.91,111.74,1723234
2018-06-29,PSX,112.27,113.49,112.08,112.31,1927994
2018-07-02,PSX,111.75,112.22,110.14,110.61,2516549
2018-07-03,PSX,111.91,112.19,110.08,110.51,1248929
2018-07-05,PSX,111.58,111.72,109.61,110.15,2070771
2018-07-06,PSX,109.7,111.81,109.07,111.18,1561270
2018-07-09,PSX,111.55,112.98,111.37,112.59,1608813
2018-07-10,PSX,113.05,114.61,112.82,113.19,1867873
2018-07-11,PSX,112.53,112.68,110.16,110.66,1433525
2018-07-12,PSX,111.11,111.55,109.74,111.14,1249348
2018-07-13,PSX,111.0,112.34,110.85,111.81,1563325
2018-07-16,PSX,111.59,112.25,111.2,111.32,1795067
2018-07-17,PSX,111.11,111.58,110.19,111.06,2061981
2018-07-18,PSX,110.76,111.49,109.68,110.9,2561742
2018-07-19,PSX,110.96,111.49,110.45,110.9,2333057
2018-07-20,PSX,110.73,111.2,110.31,110.36,840286
2018-07-23,PSX,111.03,111.37,110.1,110.44,1568033
2018-07-24,PSX,110.89,111.99,110.46,111.22,2162999
2018-07-25,PSX,111.55,112.59,111.13,112.35,1668740
2018-07-26,PSX,112.48,116.15,112.48,116.0,3212093
2018-07-27,PSX,117.79,120.36,116.77,118.79,3715622
2018-07-30,PSX,119.57,122.71,119.57,122.15,3986269
2018-07-31,PSX,122.6,123.88,122.41,123.34,3831112
2018-08-01,PSX,122.55,123.92,121.85,123.01,2679293
2018-08-02,PSX,122.08,122.69,120.8,122.05,2627005
2018-08-03,PSX,121.99,122.42,120.41,121.66,1691968
2018-08-06,PSX,121.72,123.03,121.03,122.54,1542678
2018-08-07,PSX,122.99,123.97,122.4,122.72,2058090
2018-08-08,PSX,122.44,123.09,121.91,122.98,1411577
2018-08-09,PSX,123.09,123.48,121.89,122.18,1897574
2018-08-10,PSX,121.73,122.75,121.71,122.59,1847443
2018-08-13,PSX,122.85,123.45,121.5,121.57,1989103
2018-08-14,PSX,121.93,122.0,120.13,120.94,2703271
2018-08-15,PSX,120.09,120.09,115.27,115.38,3985449
2018-08-16,PSX,115.77,115.98,114.84,114.94,2748667
2018-08-17,PSX,115.33,115.72,114.59,115.44,1774010
2018-08-20,PSX,114.69,116.82,114.4,116.08,2461587
2018-08-21,PSX,116.58,117.8,115.78,116.51,2479719
2018-08-22,PSX,117.03,117.97,116.65,117.02,3889755
2018-08-23,PSX,116.93,118.41,116.28,118.37,2062813
2018-08-24,PSX,118.61,120.01,118.35,119.25,2959238
2018-08-27,PSX,119.74,120.37,119.42,120.03,2328769
2018-08-28,PSX,120.25,121.55,119.63,119.75,2237270
2018-08-29,PSX,120.05,121.01,119.24,120.44,1956715
2018-08-30,PSX,120.75,120.89,118.54,119.55,1847423
2018-08-31,PSX,118.91,119.42,117.11,118.51,2575203
2018-09-04,PSX,118.61,120.24,118.27,118.96,2477398
2018-09-05,PSX,118.66,118.66,117.01,117.99,2324747
2018-09-06,PSX,117.53,118.9,116.58,116.7,1943520
2018-09-07,PSX,116.15,116.21,113.42,114.3,3032374
2018-09-10,PSX,114.65,115.0,113.89,113.95,2543928
2018-09-11,PSX,112.12,113.2,111.58,112.55,3772467
2018-09-12,PSX,113.27,114.45,111.66,112.16,3762830
2018-09-13,PSX,112.44,113.39,111.53,113.02,3368507
2018-09-14,PSX,112.97,114.1,112.97,113.6,2774275
2018-09-17,PSX,113.65,114.02,112.73,112.81,2773374
2018-09-18,PSX,113.41,114.06,113.03,113.3,2520979
2018-09-19,PSX,113.12,113.12,109.21,109.36,2934868
2018-09-20,PSX,109.86,110.84,108.85,110.33,3175735
2018-09-21,PSX,109.89,111.95,109.71,111.66,5963288
2018-09-24,PSX,112.2,113.89,111.69,113.46,2757474
2018-09-25,PSX,113.99,115.9,113.81,114.88,2819811
2018-09-26,PSX,114.92,115.04,113.17,113.89,2692824
2018-09-27,PSX,114.25,114.85,112.84,112.88,1943879
2018-09-28,PSX,112.0,113.63,111.58,112.72,2540023
2018-10-01,PSX,113.25,114.92,113.25,114.48,2021607
2018-10-02,PSX,114.64,115.3,112.74,114.69,2884679
2018-10-03,PSX,115.1,118.58,114.58,118.47,3310026
2018-10-04,PSX,118.35,118.86,116.71,117.7,2576401
2018-10-05,PSX,117.98,118.78,117.14,118.37,2572216
2018-10-08,PSX,117.9,118.47,117.07,118.14,2306276
2018-10-09,PSX,118.09,119.14,117.11,117.68,2263648
2018-10-10,PSX,117.75,118.1,112.94,113.05,2576502
2018-10-11,PSX,112.5,112.6,109.16,109.46,3565239
2018-10-12,PSX,110.87,111.33,107.89,109.46,3078193
2018-10-15,PSX,109.45,109.51,107.2,107.21,2670580
2018-10-16,PSX,108.19,109.93,107.95,109.86,2643964
2018-10-17,PSX,109.94,110.65,108.42,108.78,2214673
2018-10-18,PSX,108.01,110.09,107.71,109.12,1841057
2018-10-19,PSX,105.62,106.86,102.08,102.77,4013513
2018-10-22,PSX,103.26,103.8,101.1,103.15,4927106
2018-10-23,PSX,101.09,101.39,97.93,99.8,3292208
2018-10-24,PSX,99.99,99.99,95.05,95.3,3379073
2018-10-25,PSX,96.76,99.66,96.56,98.49,4015762
2018-10-26,PSX,101.45,103.79,95.3,99.45,5267769
2018-10-29,PSX,100.21,102.03,97.29,98.52,2752001
2018-10-30,PSX,99.38,102.25,99.37,102.06,2554438
2018-10-31,PSX,103.12,104.6,102.41,102.82,2688231
2018-11-01,PSX,102.64,103.35,101.2,102.5,2147691
2018-11-02,PSX,103.05,103.57,98.53,99.01,2726725
2018-11-05,PSX,100.2,101.15,99.64,100.52,2226624
2018-11-06,PSX,100.52,100.96,99.6,100.88,2185162
2018-11-07,PSX,102.18,103.48,101.38,103.12,4212358
2018-11-08,PSX,102.74,103.07,97.89,98.67,2989356
2018-11-09,PSX,97.84,100.34,97.29,99.74,2096724
2018-11-12,PSX,100.39,100.93,97.52,97.67,1677422
2018-11-13,PSX,97.29,98.24,94.67,94.8,2990220
2018-11-14,PSX,96.48,97.56,94.35,95.6,2933375
2018-11-15,PSX,95.0,96.4,94.57,96.23,2618226
2018-11-16,PSX,96.29,97.78,95.84,96.61,3468784
2018-11-19,PSX,96.13,96.61,93.72,94.9,1987202
2018-11-20,PSX,93.46,94.44,92.08,92.54,4553569
2018-11-21,PSX,93.19,94.48,92.02,93.65,2447374
2018-11-23,PSX,91.69,91.99,88.99,89.0,2169890
2018-11-26,PSX,90.39,92.19,90.23,92.07,3324162
2018-11-27,PSX,91.7,91.93,90.71,91.26,2675935
2018-11-28,PSX,91.82,92.73,90.0,92.63,3525698
2018-11-29,PSX,93.0,93.83,92.36,92.68,2290799
2018-11-30,PSX,92.24,93.61,91.58,93.52,4393693
2018-12-03,PSX,93.83,95.95,90.51,92.09,5780292
2018-12-04,PSX,92.63,93.85,91.23,91.4,3191756
2018-12-06,PSX,89.8,92.68,89.07,92.6,4165250
2018-12-07,PSX,93.39,95.01,89.88,90.35,3880736
2018-12-10,PSX,89.5,90.47,86.62,88.84,2610767
2018-12-11,PSX,89.68,90.62,87.42,88.42,2535983
2018-12-12,PSX,89.84,90.88,88.97,89.25,2570706
2018-12-13,PSX,89.21,89.86,87.62,88.83,3040678
2018-12-14,PSX,88.32,90.08,86.47,86.83,2867079
2018-12-17,PSX,86.82,87.0,84.87,85.86,4397232
2018-12-18,PSX,86.31,87.21,84.29,84.73,2708735
2018-12-19,PSX,85.27,88.2,84.16,85.16,3893459
2018-12-20,PSX,84.38,86.44,82.34,82.78,4929666
2018-12-21,PSX,82.46,84.0,81.64,82.38,5015242
2018-12-24,PSX,81.59,81.75,78.44,78.5,2322107
2018-12-26,PSX,79.01,84.25,78.93,84.2,3493346
2018-12-27,PSX,82.95,85.87,82.7,85.82,2737799
2018-12-28,PSX,86.25,86.88,84.47,84.96,2248900
2018-12-31,PSX,85.43,86.26,84.61,86.15,2580624
2019-01-02,PSX,85.32,88.44,85.0,88.12,3147818
2019-01-03,PSX,88.18,88.46,85.1,86.9,3182049
2019-01-04,PSX,88.45,91.14,87.94,90.84,3307308
2019-01-07,PSX,90.61,92.46,89.56,91.47,3474041
2019-01-08,PSX,92.29,92.57,90.17,91.39,2357255
2019-01-09,PSX,92.3,92.59,90.32,91.99,2588716
2019-01-10,PSX,91.75,92.99,90.37,92.94,2323660
2019-01-11,PSX,92.25,93.69,91.87,92.69,2102633
2019-01-14,PSX,91.79,93.15,91.32,92.83,2178577
2019-01-15,PSX,93.46,93.73,91.94,92.45,1953520
2019-01-16,PSX,92.12,93.37,91.86,92.99,2316210
2019-01-17,PSX,92.54,94.13,92.31,93.42,3069160
2019-01-18,PSX,94.32,95.75,92.9,95.3,4014857
2019-01-22,PSX,94.61,95.4,92.82,93.0,4733526
2019-01-23,PSX,93.29,93.79,92.21,92.63,2542409
2019-01-24,PSX,92.5,93.03,91.33,91.33,3194296
2019-01-25,PSX,92.25,93.62,91.61,93.02,2045409
2019-01-28,PSX,92.0,93.05,91.91,92.5,2349546
2019-01-29,PSX,92.73,93.69,91.89,93.35,2056493
2019-01-30,PSX,94.04,95.25,93.64,94.53,3093445
2019-01-31,PSX,96.1,96.6,95.07,95.41,4044490
2019-02-01,PSX,95.57,95.95,93.41,94.21,2618109
2019-02-04,PSX,93.8,94.76,93.2,94.76,2758451
2019-02-05,PSX,94.76,95.53,94.4,95.17,2849317
2019-02-06,PSX,94.65,95.44,94.34,94.42,3127817
2019-02-07,PSX,94.41,95.21,91.36,91.74,5291472
2019-02-08,PSX,94.92,95.17,91.72,93.52,4248380
2019-02-11,PSX,92.99,95.35,92.87,94.23,4229453
2019-02-12,PSX,95.25,95.49,93.91,94.0,2485975
2019-02-13,PSX,94.27,96.33,94.09,96.12,2627153
2019-02-14,PSX,95.57,96.23,95.09,95.65,2701720
2019-02-15,PSX,96.0,96.75,95.21,95.99,2647295
2019-02-19,PSX,95.44,96.96,95.39,96.75,2107968
2019-02-20,PSX,96.75,98.13,96.07,97.45,3586874
2019-02-21,PSX,97.28,98.27,96.4,96.81,2054025
2019-02-22,PSX,97.78,98.1,97.0,97.36,2102522
2019-02-25,PSX,97.15,97.7,97.01,97.29,1661041
2019-02-26,PSX,97.33,98.29,97.18,97.84,2274421
2019-02-27,PSX,98.1,98.84,97.33,97.64,1881874
2019-02-28,PSX,97.93,98.06,95.94,96.36,2351185
2019-03-01,PSX,96.82,97.86,96.46,97.48,2878955
2019-03-04,PSX,98.41,98.41,95.65,97.28,2386214
2019-03-05,PSX,97.47,97.89,96.82,97.46,2511854
2019-03-06,PSX,97.46,98.76,97.04,97.6,2644587
2019-03-07,PSX,97.58,97.71,95.89,96.45,3638046
2019-03-08,PSX,95.26,95.45,93.84,94.31,3334118
2019-03-11,PSX,95.14,96.8,94.82,96.67,2257371
2019-03-12,PSX,97.04,98.24,96.75,97.39,2362589
2019-03-13,PSX,98.05,98.35,97.38,98.08,2294506
2019-03-14,PSX,98.25,98.67,97.65,98.47,1663011
2019-03-15,PSX,98.0,99.8,97.9,98.52,3785836
2019-03-18,PSX,98.6,99.27,97.75,98.72,2530779
2019-03-19,PSX,99.29,100.41,98.56,98.89,2932645
2019-03-20,PSX,98.64,99.31,97.84,98.18,3292605
2019-03-21,PSX,98.04,99.14,97.87,98.55,2124044
2019-03-22,PSX,97.72,97.98,95.48,95.98,1856948
2019-03-25,PSX,95.76,95.97,94.93,95.86,1357466
2019-03-26,PSX,96.66,98.31,96.66,98.02,2284663
2019-03-27,PSX,97.75,98.29,96.97,97.27,1657384
2019-03-28,PSX,96.81,97.27,95.16,95.67,2530144
2019-03-29,PSX,96.61,96.91,94.48,95.17,2900374
2019-04-01,PSX,96.01,96.29,94.66,95.07,2635258
2019-04-02,PSX,95.34,95.78,93.87,94.52,2594750
2019-04-03,PSX,94.96,96.37,94.83,95.04,2096066
2019-04-04,PSX,95.56,96.87,94.57,96.86,2146848
2019-04-05,PSX,96.84,98.12,96.33,97.79,2705248
2019-04-08,PSX,97.88,98.86,97.21,98.3,2332436
2019-04-09,PSX,97.64,98.24,96.96,97.37,2352789
2019-04-10,PSX,97.9,99.34,97.64,98.61,1792063
2019-04-11,PSX,98.77,99.66,98.16,98.51,1486176
2019-04-12,PSX,99.56,99.73,96.96,97.17,2223657
2019-04-15,PSX,96.84,97.16,96.04,96.24,1934410
2019-04-16,PSX,96.15,96.36,94.62,95.98,1829595
2019-04-17,PSX,96.66,97.2,95.94,96.46,1591586
2019-04-18,PSX,96.46,96.75,94.85,95.42,2400062
2019-04-22,PSX,96.19,97.38,95.83,97.14,1927348
2019-04-23,PSX,97.38,97.92,96.59,97.4,2461002
2019-04-24,PSX,97.36,97.36,94.04,94.28,2974074
2019-04-25,PSX,94.15,96.04,93.53,95.22,2745440
2019-04-26,PSX,94.85,95.53,94.0,94.92,2091493
2019-04-29,PSX,95.25,95.92,94.88,95.36,2651246
2019-04-30,PSX,95.5,96.64,93.65,94.27,3303289
2019-05-01,PSX,94.25,94.89,91.78,91.84,3350690
2019-05-02,PSX,91.75,91.96,88.87,89.1,3708797
2019-05-03,PSX,89.89,90.57,89.53,89.56,2811129
2019-05-06,PSX,88.32,88.7,86.98,87.03,3427454
2019-05-07,PSX,86.4,86.66,84.85,86.55,3421727
2019-05-08,PSX,86.67,87.0,85.48,85.9,3095319
2019-05-09,PSX,85.46,86.06,83.72,85.75,3393720
2019-05-10,PSX,85.76,87.12,84.55,86.65,3094911
2019-05-13,PSX,85.6,86.61,84.73,85.79,3065641
2019-05-14,PSX,86.14,87.4,86.05,86.92,2450292
2019-05-15,PSX,86.71,87.65,86.15,87.3,2059992
2019-05-16,PSX,87.5,88.77,87.5,88.3,2645722
2019-05-17,PSX,86.56,86.74,84.72,84.81,2562450
2019-05-20,PSX,84.63,85.67,84.3,84.52,2106492
2019-05-21,PSX,84.7,86.6,84.68,86.16,2722744
2019-05-22,PSX,85.73,86.29,85.3,85.6,2111624
2019-05-23,PSX,84.3,84.35,82.01,82.27,3020026
2019-05-24,PSX,83.01,83.72,82.24,82.94,2661630
2019-05-28,PSX,82.93,83.26,82.36,82.52,3105057
2019-05-29,PSX,81.76,82.79,81.55,82.75,2232015
2019-05-30,PSX,82.42,83.02,81.33,82.06,2449628
2019-05-31,PSX,80.74,81.77,80.24,80.8,2785005
2019-06-03,PSX,80.92,82.27,80.6,82.2,3144766
2019-06-04,PSX,83.17,84.24,83.13,84.12,2781842
2019-06-05,PSX,84.67,84.88,82.8,84.83,3097024
2019-06-06,PSX,84.77,85.95,83.92,84.9,2837567
2019-06-07,PSX,85.35,85.94,84.48,85.52,2623685
2019-06-10,PSX,85.8,86.77,85.67,85.9,3026707
2019-06-11,PSX,86.56,87.19,84.71,84.71,2736701
2019-06-12,PSX,84.34,85.41,82.94,83.25,3232777
2019-06-13,PSX,84.09,85.74,84.02,85.24,3029685
2019-06-14,PSX,85.22,85.88,84.6,85.59,1830547
2019-06-17,PSX,85.49,86.49,85.49,85.91,2003390
2019-06-18,PSX,86.34,87.71,86.34,86.8,2336682
2019-06-19,PSX,86.92,87.98,86.35,87.6,2901702
2019-06-20,PSX,89.07,91.28,88.6,90.83,4082579
2019-06-21,PSX,91.4,91.92,90.0,90.58,6129787
2019-06-24,PSX,90.36,91.24,89.34,89.76,2360756
2019-06-25,PSX,89.42,90.6,89.06,89.83,3343756
2019-06-26,PSX,91.0,93.51,90.53,92.76,3816179
2019-06-27,PSX,92.66,92.95,91.54,91.75,2086373
2019-06-28,PSX,92.13,93.64,92.01,93.54,4442560
2019-07-01,PSX,94.86,95.33,93.62,94.06,2673167
2019-07-02,PSX,93.72,96.15,93.06,95.72,4112269
2019-07-03,PSX,96.0,97.04,95.86,97.02,2035536
2019-07-05,PSX,96.68,97.35,95.68,96.8,1955952
2019-07-08,PSX,96.55,98.54,96.55,96.96,3044531
2019-07-09,PSX,96.99,98.34,96.59,97.72,2369966
2019-07-10,PSX,98.22,98.96,97.51,98.11,1954622
2019-07-11,PSX,98.66,99.65,97.96,99.59,2446840
2019-07-12,PSX,99.25,100.64,99.25,100.33,1842401
2019-07-15,PSX,100.35,101.15,99.39,101.01,3089539
2019-07-16,PSX,101.0,101.77,99.81,101.38,2625551
2019-07-17,PSX,101.39,102.04,100.28,100.79,2254372
2019-07-18,PSX,100.2,101.93,99.83,101.92,2467999
2019-07-19,PSX,102.33,102.87,101.8,101.96,3972941
2019-07-22,PSX,102.61,103.15,101.53,102.55,1967810
2019-07-23,PSX,103.0,103.25,101.98,102.32,1873750
2019-07-24,PSX,102.04,102.82,101.36,102.42,2924353
2019-07-25,PSX,102.71,102.84,99.98,101.57,3649042
2019-07-26,PSX,102.35,102.64,100.47,102.32,2267327
2019-07-29,PSX,101.91,103.22,101.33,102.81,2275185
2019-07-30,PSX,102.36,103.65,101.59,103.61,1465867
2019-07-31,PSX,103.63,104.46,101.48,102.56,2415888
2019-08-01,PSX,101.95,103.6,101.41,101.99,2153198
2019-08-02,PSX,101.76,101.9,99.43,99.52,2075611
2019-08-05,PSX,97.9,98.34,94.99,95.64,3034848
2019-08-06,PSX,96.56,97.54,96.04,97.41,2164451
2019-08-07,PSX,95.63,97.72,95.06,97.33,2349829
2019-08-08,PSX,98.31,100.74,97.88,100.71,2311903
2019-08-09,PSX,100.53,100.96,99.56,100.44,2005576
2019-08-12,PSX,97.92,99.92,97.1,98.31,2069671
2019-08-13,PSX,97.92,101.15,97.1,99.74,2286185
2019-08-14,PSX,97.61,98.7,97.13,97.53,2529810
2019-08-15,PSX,97.92,98.45,96.38,97.47,2089861
2019-08-16,PSX,98.04,99.1,97.67,98.83,2118447
2019-08-19,PSX,99.29,99.72,98.1,98.76,2747905
2019-08-20,PSX,98.8,99.69,98.06,98.68,1904478
2019-08-21,PSX,99.61,100.0,98.28,99.3,1988298
2019-08-22,PSX,99.25,99.93,98.21,98.46,1946057
2019-08-23,PSX,97.48,98.87,94.73,95.18,3305150
2019-08-26,PSX,96.03,96.4,95.1,96.31,1568102
2019-08-27,PSX,96.98,97.49,94.35,94.52,2585973
2019-08-28,PSX,94.54,96.86,94.54,96.17,2318121
2019-08-29,PSX,97.11,98.46,97.04,98.12,2372544
2019-08-30,PSX,98.67,99.75,98.13,98.63,1932545
2019-09-03,PSX,97.28,99.61,97.03,99.47,2140081
2019-09-04,PSX,100.34,100.61,99.11,99.69,1664622
2019-09-05,PSX,100.6,101.5,99.75,99.8,2668725
2019-09-06,PSX,100.13,101.38,99.42,100.91,2117513
2019-09-09,PSX,101.55,102.74,101.01,102.17,2396158
2019-09-10,PSX,102.42,103.91,102.25,102.96,2367199
2019-09-11,PSX,103.29,104.22,102.1,102.47,1924459
2019-09-12,PSX,101.44,102.61,100.7,102.19,1868513
2019-09-13,PSX,102.93,103.43,102.08,102.77,1688406
2019-09-16,PSX,102.11,105.0,102.02,104.03,4654402
2019-09-17,PSX,103.73,103.93,101.96,102.2,2498681
2019-09-18,PSX,101.65,103.15,101.15,102.99,1819116
2019-09-19,PSX,103.47,103.99,102.59,103.08,1340630
2019-09-20,PSX,103.42,104.04,102.87,103.27,9414955
2019-09-23,PSX,103.01,104.82,103.01,104.26,2470693
2019-09-24,PSX,104.2,104.39,102.33,103.62,2611169
2019-09-25,PSX,103.39,105.52,102.9,105.06,3350078
2019-09-26,PSX,104.63,105.05,103.11,104.56,1768405
2019-09-27,PSX,104.81,105.48,102.98,103.66,2297000
2019-09-30,PSX,103.4,103.95,102.34,102.4,1806025
2019-10-01,PSX,103.16,103.51,100.83,101.03,1898518
2019-10-02,PSX,100.4,100.46,97.2,98.24,2281153
2019-10-03,PSX,97.76,98.89,96.95,98.87,2071307
2019-10-04,PSX,99.27,100.98,99.21,100.86,2097649
2019-10-07,PSX,101.26,102.25,100.73,101.36,2476961
2019-10-08,PSX,100.88,101.55,100.39,100.82,2057961
2019-10-09,PSX,101.96,103.57,101.76,102.71,1837299
2019-10-10,PSX,103.62,106.71,103.45,106.6,3788992
2019-10-11,PSX,107.0,108.2,106.42,106.53,2396358
2019-10-14,PSX,106.0,107.19,105.78,106.65,1430466
2019-10-15,PSX,106.5,108.12,106.16,107.3,1634310
2019-10-16,PSX,106.79,107.77,105.94,106.26,1869186
2019-10-17,PSX,107.0,107.26,106.39,107.21,1768646
2019-10-18,PSX,107.0,107.98,106.71,107.2,3015994
2019-10-21,PSX,108.0,108.57,107.57,108.2,1669346
2019-10-22,PSX,108.69,109.83,108.07,108.77,1583112
2019-10-23,PSX,108.77,109.2,108.33,109.0,2342765
2019-10-24,PSX,109.51,110.97,109.18,110.63,3478032
2019-10-25,PSX,112.23,117.0,111.9,114.42,6245871
2019-10-28,PSX,115.0,118.92,115.0,117.25,4706822
2019-10-29,PSX,116.49,119.78,116.35,118.96,3838397
2019-10-30,PSX,119.22,119.22,116.16,116.45,2286659
2019-10-31,PSX,116.65,117.24,114.9,116.82,3940607
2019-11-01,PSX,117.63,118.59,117.4,118.4,2248758
2019-11-04,PSX,119.47,119.56,117.61,118.54,2031562
2019-11-05,PSX,119.0,119.89,117.84,118.92,2268947
2019-11-06,PSX,119.18,119.39,117.76,118.42,2130305
2019-11-07,PSX,119.15,119.79,118.39,119.57,2386393
2019-11-08,PSX,118.89,119.92,118.1,119.7,1577558
2019-11-11,PSX,118.65,119.82,118.35,118.41,1634279
2019-11-12,PSX,118.86,119.57,117.56,118.1,2178390
2019-11-13,PSX,117.35,118.92,117.12,118.43,1555439
2019-11-14,PSX,118.65,119.58,118.38,119.44,1507850
2019-11-15,PSX,119.21,119.21,117.82,118.36,1636697
2019-11-18,PSX,118.15,118.67,117.53,118.65,1365005
2019-11-19,PSX,117.86,118.96,117.03,117.42,2781514
2019-11-20,PSX,117.27,117.27,114.44,116.06,4337044
2019-11-21,PSX,116.36,118.68,115.9,118.37,2401328
2019-11-22,PSX,118.88,118.92,116.2,116.63,2261036
2019-11-25,PSX,117.0,117.0,115.17,115.42,2758857
2019-11-26,PSX,115.53,115.76,114.05,114.33,4118139
2019-11-27,PSX,114.93,115.32,114.04,114.69,2290451
2019-11-29,PSX,114.42,115.14,114.17,114.72,1105696
2019-12-02,PSX,114.87,116.06,114.06,114.33,2418315
2019-12-03,PSX,113.68,113.68,112.42,112.75,4624610
2019-12-04,PSX,113.54,114.0,112.43,112.57,2128875
2019-12-05,PSX,112.78,113.21,112.17,112.54,1688644
2019-12-06,PSX,113.06,114.32,112.95,113.56,2142636
2019-12-09,PSX,113.2,113.28,111.85,111.96,1660473
2019-12-10,PSX,112.3,112.57,111.69,111.93,2215780
2019-12-11,PSX,111.94,112.65,111.48,112.21,1652617
2019-12-12,PSX,112.13,113.97,111.92,113.73,1619110
2019-12-13,PSX,113.88,114.66,112.69,112.99,1621930
2019-12-16,PSX,113.14,114.63,112.79,114.14,2097715
2019-12-17,PSX,114.16,114.95,112.71,113.03,2671965
2019-12-18,PSX,113.29,113.94,112.59,113.04,3074781
2019-12-19,PSX,113.41,113.62,112.49,112.81,1924496
2019-12-20,PSX,113.79,114.15,112.85,113.35,4666850
2019-12-23,PSX,113.4,113.67,112.21,112.67,1937506
2019-12-24,PSX,112.65,113.24,112.59,113.2,1190781
2019-12-26,PSX,112.57,113.2,111.85,112.06,1147896
2019-12-27,PSX,112.41,112.41,110.53,110.6,1427480
2019-12-30,PSX,110.5,111.25,110.13,110.37,1712035
2019-12-31,PSX,110.22,111.41,110.04,111.41,1695942
2020-01-02,PSX,112.08,113.18,111.38,112.2,1469773
2020-01-03,PSX,111.25,112.42,108.19,108.49,2237135
2020-01-06,PSX,108.24,108.44,107.21,107.81,3917122
2020-01-07,PSX,107.13,108.22,106.74,108.14,2690090
2020-01-08,PSX,108.32,108.44,103.81,104.1,3452638
2020-01-09,PSX,103.38,105.67,102.22,105.62,3127698
2020-01-10,PSX,105.64,106.75,104.81,104.87,1910747
2020-01-13,PSX,104.92,106.02,104.54,105.3,2243088
2020-01-14,PSX,105.27,106.66,104.99,106.38,2753817
2020-01-15,PSX,105.57,105.71,104.12,104.89,2386282
2020-01-16,PSX,105.56,105.67,103.65,103.79,2568201
2020-01-17,PSX,103.79,103.95,102.52,103.31,2781995
2020-01-21,PSX,102.5,102.99,101.91,102.34,2102017
2020-01-22,PSX,102.8,102.99,101.56,101.86,2505423
2020-01-23,PSX,101.49,102.13,100.0,102.08,3520509
2020-01-24,PSX,101.9,101.99,99.37,100.32,2120500
2020-01-27,PSX,98.27,98.35,96.61,96.92,2472985
2020-01-28,PSX,97.45,97.9,96.61,96.69,2926859
2020-01-29,PSX,97.18,98.91,95.55,95.8,2395608
2020-01-30,PSX,95.23,96.55,94.5,96.41,2610444
2020-01-31,PSX,94.9,94.93,90.21,91.37,6451028
2020-02-03,PSX,91.29,91.38,88.44,88.97,4307459
2020-02-04,PSX,90.57,90.86,88.28,88.72,3427940
2020-02-05,PSX,90.37,93.29,90.31,92.64,3100723
2020-02-06,PSX,92.99,93.07,90.05,90.22,2606346
2020-02-07,PSX,89.97,90.49,89.26,90.33,2481483
2020-02-10,PSX,89.86,91.04,89.62,90.26,2171395
2020-02-11,PSX,90.94,90.98,89.55,90.27,2682937
2020-02-12,PSX,91.59,92.3,90.45,91.14,2361351
2020-02-13,PSX,91.0,91.47,90.17,90.34,2727711
2020-02-14,PSX,89.52,90.23,88.61,89.47,2254908
2020-02-18,PSX,88.71,89.1,87.07,88.0,4543080
2020-02-19,PSX,88.5,88.73,86.72,88.36,2441873
2020-02-20,PSX,88.51,90.29,88.41,90.19,2905910
2020-02-21,PSX,89.52,90.16,88.69,89.25,2406868
2020-02-24,PSX,86.62,87.88,85.93,86.56,3732757
2020-02-25,PSX,86.83,87.3,82.27,82.81,4212064
2020-02-26,PSX,83.1,83.74,80.28,80.33,4159813
2020-02-27,PSX,78.7,78.74,74.24,74.26,6900538
2020-02-28,PSX,71.7,75.37,71.39,74.86,7138472
2020-03-02,PSX,75.27,75.45,72.22,75.11,5279387
2020-03-03,PSX,75.46,77.58,72.1,72.86,5710315
2020-03-04,PSX,74.02,74.77,72.42,74.63,4201827
2020-03-05,PSX,72.15,73.82,71.53,71.98,5724919
2020-03-06,PSX,70.0,71.16,68.02,69.3,6374474
2020-03-09,PSX,62.65,69.1,60.2,62.09,7993839
2020-03-10,PSX,65.95,66.87,60.29,63.36,7035372
2020-03-11,PSX,61.04,61.66,54.12,55.15,8448739
2020-03-12,PSX,51.02,51.21,44.81,46.4,11492097
2020-03-13,PSX,50.71,54.41,46.65,54.36,6997585
2020-03-16,PSX,46.77,57.59,45.32,48.27,7192788
2020-03-17,PSX,49.08,50.73,45.96,46.67,6274518
2020-03-18,PSX,44.84,46.93,40.04,42.97,6970763
2020-03-19,PSX,43.25,46.64,41.81,45.68,4936139
2020-03-20,PSX,47.19,50.96,45.36,48.35,7605062
2020-03-23,PSX,47.69,48.0,41.41,42.09,6075837
2020-03-24,PSX,45.75,46.32,42.4,45.58,5476034
2020-03-25,PSX,46.19,52.9,43.66,50.5,6516942
2020-03-26,PSX,51.4,56.74,51.06,54.39,6014909
2020-03-27,PSX,52.08,54.34,50.05,52.32,4191468
2020-03-30,PSX,50.67,54.93,48.69,54.16,5207896
2020-03-31,PSX,55.71,56.5,52.05,53.65,4743844
2020-04-01,PSX,51.47,51.85,49.04,49.51,4143185
2020-04-02,PSX,51.5,56.1,50.06,51.72,5169006
2020-04-03,PSX,53.0,53.35,50.34,51.62,3587494
2020-04-06,PSX,54.09,57.93,53.44,57.42,5347793
2020-04-07,PSX,60.17,61.56,58.01,58.63,5281147
2020-04-08,PSX,59.62,64.2,59.39,63.7,3754830
2020-04-09,PSX,67.11,67.44,59.4,61.52,5316775
2020-04-13,PSX,63.1,63.8,60.98,61.56,3438279
2020-04-14,PSX,61.81,62.41,60.08,61.07,3496922
2020-04-15,PSX,58.31,58.4,55.06,56.47,4093093
2020-04-16,PSX,55.97,56.39,53.16,53.53,4363342
2020-04-17,PSX,54.95,59.69,54.64,59.53,5601686
2020-04-20,PSX,57.0,60.27,56.51,58.12,3468482
2020-04-21,PSX,55.51,58.0,54.41,56.8,3287125
2020-04-22,PSX,59.67,59.87,57.35,58.18,3073447
2020-04-23,PSX,60.07,60.64,58.36,59.97,3419823
2020-04-24,PSX,61.0,61.62,59.53,60.53,3400340
2020-04-27,PSX,60.65,64.13,60.17,63.49,3234507
2020-04-28,PSX,65.15,67.67,64.23,67.34,3851930
2020-04-29,PSX,70.0,73.8,69.5,73.5,5191398
2020-04-30,PSX,73.51,75.63,72.01,73.17,5993424
2020-05-01,PSX,70.55,71.37,65.26,66.36,6626638
2020-05-04,PSX,66.01,74.41,65.7,73.48,7575846
2020-05-05,PSX,75.5,76.77,73.91,75.2,6934417
2020-05-06,PSX,75.82,76.29,71.82,71.91,5971967
2020-05-07,PSX,73.79,75.63,72.53,73.31,3588376
2020-05-08,PSX,74.63,77.44,73.78,77.06,3278985
2020-05-11,PSX,76.16,77.73,75.85,76.67,3442156
2020-05-12,PSX,77.12,77.37,73.49,73.53,3117400
2020-05-13,PSX,73.0,73.36,70.52,71.03,3687456
2020-05-14,PSX,69.6,72.79,67.87,71.75,3159700
2020-05-15,PSX,70.47,71.9,69.13,70.93,2830592
2020-05-18,PSX,75.0,77.74,74.74,76.28,4532558
2020-05-19,PSX,76.0,76.81,74.11,75.22,3736997
2020-05-20,PSX,76.81,79.11,76.65,78.25,3501458
2020-05-21,PSX,78.65,79.1,76.82,77.09,2299484
2020-05-22,PSX,76.34,76.84,75.15,76.46,2036416
2020-05-26,PSX,79.16,79.92,78.46,78.97,2747470
2020-05-27,PSX,80.0,81.92,79.11,81.73,3328408
2020-05-28,PSX,81.92,82.03,78.2,78.56,4131089
2020-05-29,PSX,78.33,79.3,77.08,78.26,4305494
2020-06-01,PSX,78.03,78.97,76.31,78.83,2470640
2020-06-02,PSX,79.64,81.73,79.08,81.57,3151882
2020-06-03,PSX,82.85,84.36,82.64,83.73,2562417
2020-06-04,PSX,82.56,83.64,81.68,83.13,2586649
2020-06-05,PSX,86.77,88.46,86.15,87.4,3767337
2020-06-08,PSX,88.56,89.79,87.39,89.73,3355900
2020-06-09,PSX,86.56,86.91,85.13,85.67,3810238
2020-06-10,PSX,85.05,87.02,83.41,84.33,3201673
2020-06-11,PSX,78.01,79.85,74.96,75.0,4387240
2020-06-12,PSX,77.73,79.66,75.31,77.26,3025939
2020-06-15,PSX,73.43,76.59,72.6,75.6,4309403
2020-06-16,PSX,78.9,78.95,75.18,77.04,3419649
2020-06-17,PSX,77.04,77.27,72.84,72.88,3665501
2020-06-18,PSX,72.51,76.67,72.1,76.24,3760186
2020-06-19,PSX,78.0,78.41,74.61,74.7,7484416
2020-06-22,PSX,74.1,74.84,72.9,74.4,2455728
2020-06-23,PSX,74.75,75.45,74.17,74.7,2749912
2020-06-24,PSX,73.5,73.72,69.32,69.99,3560170
2020-06-25,PSX,69.42,71.46,68.89,70.07,2655162
2020-06-26,PSX,69.73,69.75,67.96,68.07,3797733
2020-06-29,PSX,68.84,69.76,67.82,68.66,2365292
2020-06-30,PSX,68.02,72.35,67.26,71.9,3502936
2020-07-01,PSX,71.77,73.35,68.83,69.11,2251711
2020-07-02,PSX,70.27,70.98,68.28,68.42,2624126
2020-07-06,PSX,69.61,69.95,66.28,68.09,3592368
2020-07-07,PSX,67.19,67.25,64.48,64.61,3120815
2020-07-08,PSX,64.68,65.56,63.64,63.98,3798034
2020-07-09,PSX,64.0,64.33,58.92,58.98,6096188
2020-07-10,PSX,58.73,61.12,58.72,61.06,4247860
2020-07-13,PSX,61.34,61.77,59.5,60.27,3481437
2020-07-14,PSX,59.63,62.21,59.4,61.96,3423297
2020-07-15,PSX,63.97,65.72,62.7,65.46,3635513
2020-07-16,PSX,65.07,66.12,63.87,64.87,1857268
2020-07-17,PSX,65.31,66.16,63.59,63.84,2123470
2020-07-20,PSX,63.85,64.56,62.27,62.33,2079577
2020-07-21,PSX,63.73,66.9,63.5,66.42,3242033
2020-07-22,PSX,65.16,65.53,63.91,65.25,2585748
2020-07-23,PSX,64.82,65.7,63.97,65.18,2104706
2020-07-24,PSX,65.45,66.48,64.75,65.06,2040648
2020-07-27,PSX,64.75,65.03,63.6,64.59,1826579
2020-07-28,PSX,64.14,64.96,63.4,63.58,2428573
2020-07-29,PSX,64.16,65.59,63.71,65.58,2449149
2020-07-30,PSX,64.01,64.21,61.3,63.09,3118401
2020-07-31,PSX,61.37,63.1,60.59,62.02,5835880
2020-08-03,PSX,61.31,62.0,60.03,61.12,4331873
2020-08-04,PSX,60.75,62.33,60.12,61.85,3412611
2020-08-05,PSX,63.12,63.12,60.53,61.96,4595467
2020-08-06,PSX,61.1,62.95,60.68,60.97,3187788
2020-08-07,PSX,60.6,62.99,60.14,62.87,2913999
2020-08-10,PSX,63.37,64.92,62.9,64.87,3387086
2020-08-11,PSX,66.39,67.47,63.75,64.11,3544158
2020-08-12,PSX,65.34,65.51,63.8,64.41,3442555
2020-08-13,PSX,63.85,64.29,62.62,62.63,2875543
2020-08-14,PSX,62.1,63.76,61.86,63.66,2638121
2020-08-17,PSX,62.7,63.14,62.13,62.36,2816430
2020-08-18,PSX,62.26,62.5,61.09,61.31,2658848
2020-08-19,PSX,61.5,62.09,60.37,61.42,3100845
2020-08-20,PSX,60.76,61.59,60.62,60.97,2598679
2020-08-21,PSX,61.0,61.78,60.57,60.97,3125231
2020-08-24,PSX,61.25,63.68,60.67,63.65,3011164
2020-08-25,PSX,63.7,63.95,61.42,61.63,2303863
2020-08-26,PSX,61.42,61.84,60.01,60.03,3003408
2020-08-27,PSX,60.18,60.43,59.07,60.26,3160242
2020-08-28,PSX,60.35,62.07,60.35,61.79,2470843
2020-08-31,PSX,61.85,61.92,58.46,58.47,3656992
2020-09-01,PSX,58.38,59.41,57.71,58.79,3195032
2020-09-02,PSX,58.59,60.38,57.83,60.05,4491722
2020-09-03,PSX,60.13,61.73,59.2,59.69,3365737
2020-09-04,PSX,60.0,60.64,58.56,58.98,3420393
2020-09-08,PSX,58.32,59.63,57.87,57.96,4120005
2020-09-09,PSX,58.04,58.63,57.16,57.87,3057108
2020-09-10,PSX,58.16,58.26,55.35,55.36,3100885
2020-09-11,PSX,55.69,57.42,54.88,57.07,3002097
2020-09-14,PSX,57.52,58.92,57.43,58.37,2889682
2020-09-15,PSX,58.25,59.54,57.71,58.05,3397667
2020-09-16,PSX,58.75,61.73,58.11,60.51,5347858
2020-09-17,PSX,58.82,60.42,58.76,60.35,4186969
2020-09-18,PSX,59.25,60.72,58.93,59.82,7292385
2020-09-21,PSX,57.92,58.23,55.58,55.92,6187532
2020-09-22,PSX,55.71,56.82,54.87,55.36,4135916
2020-09-23,PSX,55.47,55.82,52.56,52.63,3725292
2020-09-24,PSX,52.3,53.85,51.05,52.85,2980966
2020-09-25,PSX,52.07,53.28,51.7,52.88,2824527
2020-09-28,PSX,53.94,54.64,53.43,53.98,2126626
2020-09-29,PSX,53.76,53.82,51.76,52.19,2464654
2020-09-30,PSX,52.47,53.05,51.59,51.84,2670325
2020-10-01,PSX,51.19,51.6,49.75,50.28,4047133
2020-10-02,PSX,48.96,51.76,48.82,51.06,3453476
2020-10-05,PSX,51.83,53.13,51.72,52.55,2711639
2020-10-06,PSX,53.49,53.49,50.94,51.06,2926513
2020-10-07,PSX,51.45,52.18,50.65,51.93,2621494
2020-10-08,PSX,52.12,53.66,52.06,53.64,2397977
2020-10-09,PSX,54.04,54.5,52.55,53.04,3185968
2020-10-12,PSX,52.66,54.36,51.92,53.46,2768995
2020-10-13,PSX,52.87,53.46,51.12,51.27,2885576
2020-10-14,PSX,51.72,53.36,51.53,52.08,2112867
2020-10-15,PSX,51.05,52.74,50.42,52.51,3502154
2020-10-16,PSX,52.46,52.5,50.47,50.58,2939724
2020-10-19,PSX,50.91,50.93,48.88,48.95,3683154
2020-10-20,PSX,49.37,50.09,49.08,49.59,3471831
2020-10-21,PSX,48.88,49.82,48.66,48.72,3798361
2020-10-22,PSX,48.68,50.19,47.55,50.01,3408707
2020-10-23,PSX,50.55,51.44,49.41,50.48,3291382
2020-10-26,PSX,49.64,49.65,47.9,48.14,3215005
2020-10-27,PSX,48.0,48.37,47.02,47.07,3525708
2020-10-28,PSX,45.73,46.5,44.14,44.22,4911672
2020-10-29,PSX,43.62,46.18,43.27,45.98,4436266
2020-10-30,PSX,45.38,46.74,44.91,46.66,4579288
2020-11-02,PSX,47.38,48.48,46.51,47.96,3732559
2020-11-03,PSX,48.62,49.04,46.85,47.52,3287310
2020-11-04,PSX,47.66,49.25,46.61,47.92,3709042
2020-11-05,PSX,47.71,48.91,47.43,48.19,3211571
2020-11-06,PSX,48.11,48.89,46.19,46.68,3617112
2020-11-09,PSX,52.42,58.23,52.3,57.03,8912774
2020-11-10,PSX,58.69,58.78,55.7,58.14,5192434
2020-11-11,PSX,58.9,58.99,57.69,58.98,4588526
2020-11-12,PSX,57.68,58.53,54.6,54.85,5079940
2020-11-13,PSX,55.57,59.5,55.5,58.76,5658371
2020-11-16,PSX,61.19,63.13,59.1,62.62,6020348
2020-11-17,PSX,61.25,64.43,60.25,64.34,5370214
2020-11-18,PSX,64.76,64.85,60.72,60.75,4151026
2020-11-19,PSX,60.0,61.81,59.53,61.45,2673663
2020-11-20,PSX,61.3,62.49,61.01,61.59,2651716
2020-11-23,PSX,62.72,65.92,62.6,65.84,4506466
2020-11-24,PSX,68.15,68.71,66.6,67.72,4208532
2020-11-25,PSX,66.88,67.23,65.77,66.26,3755886
2020-11-27,PSX,65.62,66.25,64.69,65.23,1936013
2020-11-30,PSX,64.26,64.5,60.3,60.58,6423021
2020-12-01,PSX,62.78,64.18,61.53,61.88,4022000
2020-12-02,PSX,61.2,65.28,61.04,64.43,4410677
2020-12-03,PSX,64.75,66.9,63.84,65.02,2732736
2020-12-04,PSX,66.74,69.92,66.52,69.32,4437462
2020-12-07,PSX,68.32,68.81,66.32,67.05,3059542
2020-12-08,PSX,66.06,69.08,66.06,67.39,3050808
2020-12-09,PSX,68.46,70.09,66.98,68.77,3602172
2020-12-10,PSX,68.15,71.7,68.15,70.86,3352563
2020-12-11,PSX,70.2,70.42,68.45,69.51,2557008
2020-12-14,PSX,69.71,70.55,66.86,67.19,2816386
2020-12-15,PSX,67.16,68.69,66.25,68.25,3028539
2020-12-16,PSX,68.45,68.5,66.92,67.29,3395174
2020-12-17,PSX,67.86,67.87,66.4,67.17,3162471
2020-12-18,PSX,67.09,67.52,66.06,66.85,8457011
2020-12-21,PSX,64.76,67.26,63.8,66.49,3479152
2020-12-22,PSX,66.52,68.18,66.15,67.51,3574303
2020-12-23,PSX,68.38,69.97,68.01,69.36,2988063
2020-12-24,PSX,69.19,69.28,68.04,68.73,1295243
2020-12-28,PSX,69.44,70.93,69.04,69.33,2442348
2020-12-29,PSX,69.45,69.87,67.78,68.38,3847467
2020-12-30,PSX,68.59,70.91,68.49,70.6,2906007
2020-12-31,PSX,70.5,70.74,69.76,69.94,2003500
2021-01-04,PSX,70.61,71.29,68.56,69.88,2714167
2021-01-05,PSX,70.0,73.78,70.0,71.75,3907023
2021-01-06,PSX,73.01,73.42,70.34,71.22,5097922
2021-01-07,PSX,71.5,73.31,70.78,71.86,2568254
2021-01-08,PSX,72.51,72.6,70.34,70.71,2683622
2021-01-11,PSX,69.0,72.8,68.68,72.27,4944577
2021-01-12,PSX,72.72,74.07,71.64,73.74,2649654
2021-01-13,PSX,73.5,73.7,71.53,71.77,2520582
2021-01-14,PSX,72.03,74.95,72.0,74.14,3028678
2021-01-15,PSX,73.15,73.45,70.93,71.74,3413699
2021-01-19,PSX,72.72,75.17,72.08,74.78,2976262
2021-01-20,PSX,75.4,75.96,73.94,75.39,2566771
2021-01-21,PSX,74.56,75.41,72.63,73.16,2698745
2021-01-22,PSX,71.7,73.09,71.15,72.55,2563594
2021-01-25,PSX,72.0,73.2,71.03,72.08,3003634
2021-01-26,PSX,72.85,74.08,71.26,71.31,2056790
2021-01-27,PSX,70.22,73.18,69.7,71.2,3080395
2021-01-28,PSX,71.7,72.62,70.56,71.45,2654497
2021-01-29,PSX,69.3,71.4,67.39,67.8,5732821
2021-02-01,PSX,68.34,68.45,65.38,67.38,2968958
2021-02-02,PSX,69.16,70.15,67.61,68.66,2324929
2021-02-03,PSX,68.66,71.39,68.66,71.29,2599046
2021-02-04,PSX,71.56,72.6,70.74,71.93,1997224
2021-02-05,PSX,73.15,73.51,71.35,72.04,2466668
2021-02-08,PSX,72.8,76.14,72.55,75.79,2678792
2021-02-09,PSX,75.45,75.56,73.84,74.53,2644898
2021-02-10,PSX,74.8,76.78,74.45,76.72,2231573
2021-02-11,PSX,76.4,77.26,74.85,77.24,2307966
2021-02-12,PSX,77.06,77.79,76.24,77.23,1954789
2021-02-16,PSX,78.89,80.6,78.1,79.39,2763706
2021-02-17,PSX,80.0,80.91,78.23,80.64,2135756
2021-02-18,PSX,80.17,80.59,78.91,80.05,2074993
2021-02-19,PSX,79.77,82.98,79.51,82.31,3401823
2021-02-22,PSX,81.47,85.37,81.16,83.96,3213866
2021-02-23,PSX,85.25,85.99,82.39,85.53,2557175
2021-02-24,PSX,85.85,87.94,85.53,87.25,3540784
2021-02-25,PSX,88.0,88.05,84.21,84.64,2766973
2021-02-26,PSX,83.92,84.44,80.16,83.05,4790763
2021-03-01,PSX,85.05,85.75,84.1,84.7,2231004
2021-03-02,PSX,84.26,85.34,82.19,82.27,2354128
2021-03-03,PSX,83.12,85.62,82.81,83.84,2352430
2021-03-04,PSX,84.45,86.16,82.79,84.41,2829315
2021-03-05,PSX,86.61,87.43,84.11,87.35,3367091
2021-03-08,PSX,88.88,90.1,87.25,88.47,2892272
2021-03-09,PSX,87.69,90.59,85.33,85.4,3497455
2021-03-10,PSX,85.55,89.07,84.96,88.44,720398
2021-03-11,PSX,88.6,89.5,87.55,87.73,2667686
2021-03-12,PSX,88.98,89.13,87.49,88.66,1864139
2021-03-15,PSX,88.46,89.12,86.86,87.84,2201089
2021-03-16,PSX,86.65,86.78,84.58,84.93,3063951
2021-03-17,PSX,84.95,85.72,83.65,85.46,2490304
2021-03-18,PSX,84.67,85.19,81.3,81.37,3517519
2021-03-19,PSX,81.64,83.54,80.61,82.26,5098201
2021-03-22,PSX,81.41,81.94,80.36,80.58,2946131
2021-03-23,PSX,79.12,80.86,77.72,78.98,3348646
2021-03-24,PSX,80.47,82.26,80.33,82.03,3417604
2021-03-25,PSX,80.78,82.73,79.13,82.44,2613343
2021-03-26,PSX,83.95,84.44,82.57,84.31,2369981
2021-03-29,PSX,83.16,83.38,81.32,82.53,1880583
2021-03-30,PSX,81.76,83.31,81.6,82.31,1960584
2021-03-31,PSX,81.99,82.62,81.27,81.54,2665242
2021-04-01,PSX,81.59,83.3,80.52,83.16,2732912
2021-04-05,PSX,83.04,83.37,81.18,82.06,3060213
2021-04-06,PSX,82.19,82.92,80.52,80.85,2905408
2021-04-07,PSX,80.87,80.94,79.11,80.0,2707163
2021-04-08,PSX,78.96,79.17,77.66,78.42,2908528
2021-04-09,PSX,78.52,80.63,78.1,79.03,3592067
2021-04-12,PSX,79.66,80.37,77.46,77.62,1846620
2021-04-13,PSX,77.26,77.84,76.66,77.62,2000604
2021-04-14,PSX,78.35,80.53,78.21,79.39,2237334
2021-04-15,PSX,79.03,79.27,78.25,79.02,2143816
2021-04-16,PSX,79.56,80.45,78.15,78.69,2422272
2021-04-19,PSX,78.85,79.65,77.46,77.94,2352661
2021-04-20,PSX,77.27,77.49,74.6,75.42,2283883
2021-04-21,PSX,74.62,77.35,74.33,77.02,2553179
2021-04-22,PSX,77.17,77.17,74.92,74.95,2625807
2021-04-23,PSX,75.31,76.8,74.98,76.49,1993125
2021-04-26,PSX,76.49,77.41,76.25,76.5,1582120
2021-04-27,PSX,76.69,78.34,76.4,78.1,1955083
2021-04-28,PSX,78.51,80.55,78.4,80.1,2670651
2021-04-29,PSX,81.0,82.28,80.38,81.12,2814464
2021-04-30,PSX,80.05,82.49,79.9,80.91,3061354
2021-05-03,PSX,82.22,84.21,81.99,83.94,3078223
2021-05-04,PSX,84.46,85.12,82.23,83.03,2867576
2021-05-05,PSX,83.66,85.05,83.84,84.99,2150324
2021-05-06,PSX,85.26,85.73,84.11,85.61,1661248
2021-05-07,PSX,84.5,86.29,84.26,86.04,1894905
2021-05-10,PSX,87.13,87.95,85.55,85.59,2567358
2021-05-11,PSX,84.15,85.01,82.65,83.63,2450652
2021-05-12,PSX,83.59,87.58,83.53,85.34,3060622
2021-05-13,PSX,84.15,86.2,83.24,84.35,2265275
2021-05-14,PSX,85.23,87.8,85.23,87.7,2818396
2021-05-17,PSX,87.49,88.99,86.75,88.7,3022152
2021-05-18,PSX,88.7,89.1,86.59,86.76,2147671
2021-05-19,PSX,85.2,86.74,83.83,85.73,2669671
2021-05-20,PSX,85.74,86.13,83.96,85.1,3492282
2021-05-21,PSX,85.2,86.05,84.23,84.29,2675083
2021-05-24,PSX,85.0,85.67,84.22,85.51,1683270
2021-05-25,PSX,85.03,85.32,83.14,83.23,2433243
2021-05-26,PSX,83.61,83.93,83.05,83.37,2529140
2021-05-27,PSX,83.65,84.5,83.51,84.41,2903691
2021-05-28,PSX,85.0,85.1,83.64,84.22,1723076
2021-06-01,PSX,85.96,87.31,85.9,86.85,3599887
2021-06-02,PSX,87.2,89.75,86.1,89.62,3142109
2021-06-03,PSX,89.24,90.47,88.39,89.21,2996085
2021-06-04,PSX,90.0,91.86,89.52,91.48,3267578
2021-06-07,PSX,91.82,93.79,91.62,92.41,3160045
2021-06-08,PSX,91.72,93.77,90.26,92.56,2778097
2021-06-09,PSX,93.52,93.98,92.44,92.45,3671006
2021-06-10,PSX,93.96,94.34,90.68,91.64,2248760
2021-06-11,PSX,92.32,92.64,90.91,90.97,2518630
2021-06-14,PSX,91.41,92.06,90.44,91.44,2030935
2021-06-15,PSX,92.07,93.39,91.17,92.1,2450089
2021-06-16,PSX,91.57,91.96,89.77,90.74,2188577
2021-06-17,PSX,90.51,91.14,86.01,86.66,3044120
2021-06-18,PSX,85.39,86.37,84.1,84.17,3990645
2021-06-21,PSX,85.21,87.52,84.94,87.35,2828442
2021-06-22,PSX,86.92,88.49,85.89,87.97,2689679
2021-06-23,PSX,88.61,90.04,88.18,88.26,3452518
2021-06-24,PSX,88.82,89.99,88.03,89.69,3097473
2021-06-25,PSX,89.8,90.45,88.55,90.04,8032599
2021-06-28,PSX,89.67,89.67,84.98,85.42,4141785
2021-06-29,PSX,86.16,86.51,84.69,85.11,3392691
2021-06-30,PSX,85.53,85.95,85.08,85.82,3103484
2021-07-01,PSX,87.59,87.85,86.05,87.09,2358413
2021-07-02,PSX,86.78,88.66,86.35,87.9,2080322
2021-07-06,PSX,88.0,88.0,84.03,84.45,6464418
2021-07-07,PSX,83.41,84.42,81.12,82.54,5109264
2021-07-08,PSX,80.38,82.17,79.73,80.79,2484306
2021-07-09,PSX,81.6,82.83,80.72,82.7,2376882
2021-07-12,PSX,81.4,83.18,81.0,82.4,3251865
2021-07-13,PSX,81.81,82.33,81.08,81.65,3340560
2021-07-14,PSX,81.49,82.37,78.3,78.54,4263746
2021-07-15,PSX,77.6,78.63,76.81,77.17,3481013
2021-07-16,PSX,77.79,77.97,74.22,74.48,3305414
2021-07-19,PSX,72.0,72.81,70.07,70.55,5171620
2021-07-20,PSX,70.5,72.51,69.73,71.13,4956907
2021-07-21,PSX,72.5,74.3,72.38,73.76,4450187
2021-07-22,PSX,73.28,73.45,71.38,72.31,2807086
2021-07-23,PSX,72.29,72.61,71.41,72.17,2126090
2021-07-26,PSX,72.38,74.39,72.27,74.32,2168139
2021-07-27,PSX,73.53,74.67,72.8,74.54,1932835
2021-07-28,PSX,74.91,75.91,73.78,75.22,1957971
2021-07-29,PSX,76.17,76.4,74.66,74.78,1938356
2021-07-30,PSX,74.34,74.9,72.97,73.43,3300998
2021-08-02,PSX,73.75,76.15,73.25,73.48,4061231
2021-08-03,PSX,73.5,76.1,73.12,76.07,3148671
2021-08-04,PSX,73.76,73.87,71.6,71.64,4259696
2021-08-05,PSX,72.58,74.34,72.12,73.37,2183159
2021-08-06,PSX,74.35,74.67,73.39,73.96,1808025
2021-08-09,PSX,72.81,73.92,72.57,73.01,2220786
2021-08-10,PSX,73.25,74.5,73.11,74.23,2823889
2021-08-11,PSX,73.98,74.54,73.44,74.41,2021356
2021-08-12,PSX,74.25,74.62,73.4,74.44,1792048
2021-08-13,PSX,74.64,74.96,73.78,73.89,2214774
2021-08-16,PSX,72.89,72.98,71.5,71.85,4753318
2021-08-17,PSX,70.34,71.31,69.44,69.97,3161415
2021-08-18,PSX,69.94,70.74,68.05,68.15,3895199
2021-08-19,PSX,66.84,67.25,65.35,66.27,4008930
2021-08-20,PSX,65.2,66.5,64.45,65.95,4518639
2021-08-23,PSX,67.63,68.99,67.55,68.8,3549901
2021-08-24,PSX,69.58,71.22,69.16,70.93,3351854
2021-08-25,PSX,70.83,72.65,70.34,72.18,2229491
2021-08-26,PSX,71.0,71.74,70.46,70.68,2518503
2021-08-27,PSX,71.3,73.17,71.24,72.61,2349882
2021-08-30,PSX,73.18,73.5,71.55,71.57,1790399
2021-08-31,PSX,71.07,72.19,70.68,71.09,3333522
2021-09-01,PSX,71.46,71.46,68.91,69.21,3334483
2021-09-02,PSX,69.83,71.16,69.67,69.92,2336526
2021-09-03,PSX,69.9,70.44,69.05,69.62,1606198
2021-09-07,PSX,69.09,70.4,68.73,68.74,528074
2021-09-08,PSX,69.27,69.61,66.94,66.99,742630
2021-09-09,PSX,66.48,68.19,66.05,66.74,3575665
2021-09-10,PSX,67.74,67.75,66.15,66.38,2477451
2021-09-13,PSX,67.32,67.95,66.71,67.26,3545053
2021-09-14,PSX,67.82,68.04,64.95,65.24,3572503
2021-09-15,PSX,65.88,66.92,65.47,66.03,4584466
2021-09-16,PSX,66.0,66.45,65.14,65.76,2426996
2021-09-17,PSX,65.75,66.62,65.26,66.02,6201971
2021-09-20,PSX,64.3,65.32,63.19,64.27,2989687
2021-09-21,PSX,65.15,65.32,63.56,64.34,2170007
2021-09-22,PSX,65.46,68.02,65.44,67.01,4003699
2021-09-23,PSX,67.09,68.86,66.88,68.61,2520553
2021-09-24,PSX,67.98,68.49,67.4,68.04,2424696
2021-09-27,PSX,69.53,71.51,69.08,71.13,3136273
2021-09-28,PSX,72.26,72.95,70.77,70.91,3790438
2021-09-29,PSX,70.78,70.84,69.69,69.96,2352137
2021-09-30,PSX,70.12,70.89,69.09,70.03,3439043
2021-10-01,PSX,70.09,72.78,70.09,72.57,2859395
2021-10-04,PSX,73.0,75.93,72.29,75.71,6311962
2021-10-05,PSX,77.1,78.92,75.67,77.35,5064952
2021-10-06,PSX,77.02,78.68,76.27,78.39,4437321
2021-10-07,PSX,78.71,79.98,78.45,79.3,2746519
2021-10-08,PSX,80.01,82.65,79.64,82.13,3274088
2021-10-11,PSX,82.96,84.51,82.01,82.04,2671866
2021-10-12,PSX,82.0,83.34,81.81,82.63,2217544
2021-10-13,PSX,81.8,82.39,80.56,81.87,3511912
2021-10-14,PSX,83.1,83.53,81.73,82.16,2283380
2021-10-15,PSX,83.0,83.35,81.19,81.22,2093211
2021-10-18,PSX,81.67,82.64,80.4,80.87,2534548
2021-10-19,PSX,81.4,82.89,81.06,82.78,2880026
2021-10-20,PSX,82.34,83.33,81.88,83.32,2016929
2021-10-21,PSX,82.68,84.24,81.86,82.73,2536207
2021-10-22,PSX,82.93,83.85,81.52,82.89,1880319
2021-10-25,PSX,83.55,84.08,82.83,83.73,1939249
2021-10-26,PSX,83.74,83.75,81.96,82.22,3262743
2021-10-27,PSX,80.5,80.85,77.13,77.35,5417208
2021-10-28,PSX,76.5,77.99,76.0,76.75,3379977
2021-10-29,PSX,77.0,77.68,74.07,74.78,5110922
2021-11-01,PSX,75.41,78.18,75.3,78.14,5824619
2021-11-02,PSX,78.1,79.97,77.55,77.55,4552836
2021-11-03,PSX,77.26,79.54,76.99,78.94,4270800
2021-11-04,PSX,79.84,80.13,76.31,76.88,2859185
2021-11-05,PSX,78.0,78.38,76.6,77.77,2682537
2021-11-08,PSX,78.6,79.07,77.42,77.99,1640797
2021-11-09,PSX,77.82,79.23,77.27,79.17,2363732
2021-11-10,PSX,79.08,79.76,77.11,77.53,2910335
2021-11-11,PSX,77.5,78.72,77.17,77.87,1510504
2021-11-12,PSX,77.18,78.14,76.56,77.47,2146479
2021-11-15,PSX,78.1,79.56,77.26,78.91,3720970
2021-11-16,PSX,78.04,78.5,76.6,76.99,2950027
2021-11-17,PSX,76.23,76.57,74.47,74.68,2300004
2021-11-18,PSX,74.47,75.07,73.0,73.71,2550189
2021-11-19,PSX,72.01,72.3,69.51,69.64,4692548
2021-11-22,PSX,69.61,73.44,69.57,72.19,3782909
2021-11-23,PSX,73.16,74.14,72.84,73.83,3452545
2021-11-24,PSX,73.38,74.79,73.14,73.87,2305228
2021-11-26,PSX,69.87,69.97,67.08,69.25,5044544
2021-11-29,PSX,70.74,71.91,69.02,69.86,3400458
2021-11-30,PSX,68.01,69.74,68.01,69.17,5819951
2021-12-01,PSX,71.4,71.83,68.63,68.67,3978361
2021-12-02,PSX,68.83,71.73,67.93,71.38,3617488
2021-12-03,PSX,72.5,72.88,69.47,70.0,3219673
2021-12-06,PSX,71.1,72.31,69.54,71.07,3866116
2021-12-07,PSX,72.04,74.09,72.0,72.48,2572870
2021-12-08,PSX,72.7,73.17,71.71,71.85,1947670
2021-12-09,PSX,72.01,72.84,71.26,72.3,3913365
2021-12-10,PSX,73.01,73.21,71.32,72.52,2268847
2021-12-13,PSX,71.53,71.97,69.51,69.64,2528025
2021-12-14,PSX,69.45,72.42,69.32,70.73,3360111
2021-12-15,PSX,70.24,71.03,69.24,70.52,2666139
2021-12-16,PSX,71.36,72.4,70.8,70.96,2965665
2021-12-17,PSX,70.84,71.89,69.53,71.8,5988214
2021-12-20,PSX,69.77,71.02,68.57,69.43,5883195
2021-12-21,PSX,70.41,72.77,70.24,72.14,5058536
2021-12-22,PSX,72.32,72.98,71.48,71.62,2320715
2021-12-23,PSX,72.58,73.17,71.85,71.9,2970139
2021-12-27,PSX,71.56,72.84,70.66,72.79,2230538
2021-12-28,PSX,73.1,74.2,72.96,73.93,2317432
2021-12-29,PSX,73.6,73.92,72.79,72.85,2693249
2021-12-30,PSX,72.92,73.98,72.38,72.45,2469226
2021-12-31,PSX,72.25,73.05,72.05,72.46,2317845
2022-01-03,PSX,72.89,75.85,72.89,75.74,3710593
2022-01-04,PSX,76.53,78.75,76.46,78.57,4484384
2022-01-05,PSX,79.25,80.26,77.86,78.32,4196435
2022-01-06,PSX,80.25,80.71,78.4,80.48,3631368
2022-01-07,PSX,80.48,82.09,79.89,81.96,3770954
2022-01-10,PSX,82.33,84.3,81.97,83.86,5816288
2022-01-11,PSX,84.63,86.73,84.02,86.15,4409607
2022-01-12,PSX,86.5,86.99,85.5,86.3,4263350
2022-01-13,PSX,85.81,87.99,85.81,86.78,3706627
2022-01-14,PSX,86.5,88.64,86.5,88.58,3389739
2022-01-18,PSX,89.57,89.9,87.17,88.66,3865032
2022-01-19,PSX,89.52,89.55,86.5,87.24,3086642
2022-01-20,PSX,86.45,88.28,85.47,85.5,2943521
2022-01-21,PSX,85.15,85.15,82.24,83.44,3592736
2022-01-24,PSX,81.22,83.11,79.53,82.83,3804943
2022-01-25,PSX,82.24,86.25,81.24,85.96,3122822
2022-01-26,PSX,86.92,87.96,84.41,85.05,3907904
2022-01-27,PSX,87.23,87.85,84.0,85.82,3920073
2022-01-28,PSX,86.16,89.2,81.98,84.25,6743044
2022-01-31,PSX,84.42,85.79,83.21,84.79,3778707
2022-02-01,PSX,84.08,87.8,83.45,87.66,3360113
2022-02-02,PSX,87.02,87.95,84.76,87.7,4159524
2022-02-03,PSX,87.75,88.0,86.27,87.22,2829436
2022-02-04,PSX,88.05,89.5,87.9,88.84,3256318
2022-02-07,PSX,88.38,91.2,88.0,90.29,4104940
2022-02-08,PSX,89.45,90.24,87.86,88.82,3048413
2022-02-09,PSX,89.01,90.1,88.8,89.45,2605879
2022-02-10,PSX,89.0,91.2,88.87,89.46,2660235
2022-02-11,PSX,90.0,93.55,89.88,93.2,4821312
2022-02-14,PSX,92.44,92.52,89.35,90.52,3951794
2022-02-15,PSX,88.65,89.56,87.75,88.42,3397421
2022-02-16,PSX,89.54,90.73,87.75,88.3,3426275
2022-02-17,PSX,87.96,88.48,86.57,87.04,2670670
2022-02-18,PSX,85.19,86.68,84.55,85.07,2487999
2022-02-22,PSX,86.94,87.33,83.02,84.1,3562070
2022-02-23,PSX,84.85,84.89,83.37,83.98,3261776
2022-02-24,PSX,85.0,85.04,81.68,83.48,3774956
2022-02-25,PSX,84.03,85.4,83.59,84.69,2999728
2022-02-28,PSX,83.51,84.74,82.94,84.24,4639411
2022-03-01,PSX,85.08,86.21,81.09,82.17,5324468
2022-03-02,PSX,83.04,85.16,82.6,84.31,3644171
2022-03-03,PSX,84.0,85.39,82.41,83.0,3894272
2022-03-04,PSX,82.46,84.49,82.3,84.3,4031564
2022-03-07,PSX,85.22,85.95,82.37,82.6,6183515
2022-03-08,PSX,84.56,88.3,83.79,84.31,16579769
2022-03-09,PSX,79.5,80.35,78.12,79.35,14161439
2022-03-10,PSX,80.2,81.33,78.29,81.21,10788649
2022-03-11,PSX,80.56,82.1,79.8,80.77,7198196
2022-03-14,PSX,80.03,80.97,77.25,78.27,5807218
2022-03-15,PSX,76.91,77.58,73.85,75.34,5925274
2022-03-16,PSX,75.75,76.84,75.46,76.5,4031763
2022-03-17,PSX,77.27,77.98,76.08,77.55,4840517
2022-03-18,PSX,77.74,78.84,76.5,78.76,8269590
2022-03-21,PSX,80.0,81.4,79.78,80.63,4278933
2022-03-22,PSX,80.2,80.58,78.31,79.79,3541669
2022-03-23,PSX,80.5,80.98,79.86,80.27,3446740
2022-03-24,PSX,80.63,81.33,79.8,81.12,3946908
2022-03-25,PSX,80.79,83.85,80.58,83.85,4292803
2022-03-28,PSX,82.5,83.22,81.45,82.29,4214582
2022-03-29,PSX,81.0,83.55,80.61,83.47,3546041
2022-03-30,PSX,84.64,87.5,84.64,87.44,4512742
2022-03-31,PSX,87.0,88.72,86.31,86.39,4830844
2022-04-01,PSX,86.43,87.49,84.53,85.96,3204443
2022-04-04,PSX,86.68,87.0,85.54,86.67,2411213
2022-04-05,PSX,86.98,88.16,85.89,85.91,3003192
2022-04-06,PSX,86.55,86.99,85.22,85.68,2563332
2022-04-07,PSX,86.16,86.65,80.17,83.08,7514565
2022-04-08,PSX,83.67,84.93,83.15,84.25,4686321
2022-04-11,PSX,83.59,84.2,82.17,82.49,3973778
2022-04-12,PSX,83.5,84.73,81.71,81.97,2943935
2022-04-13,PSX,82.43,83.39,81.64,83.14,2659557
2022-04-14,PSX,83.32,84.09,82.79,82.85,3014970
2022-04-18,PSX,83.68,87.17,82.61,87.16,3679643
2022-04-19,PSX,86.96,90.5,86.79,89.55,5120868
2022-04-20,PSX,89.77,90.64,88.53,88.87,2816570
2022-04-21,PSX,89.76,90.51,85.54,85.95,4574045
2022-04-22,PSX,85.99,86.72,83.5,83.62,3458606
2022-04-25,PSX,81.28,82.01,78.09,81.02,5577452
2022-04-26,PSX,81.42,83.44,81.05,81.88,4847004
2022-04-27,PSX,81.89,84.11,80.68,83.01,4482569
2022-04-28,PSX,83.64,87.76,83.05,87.21,4230647
2022-04-29,PSX,88.63,90.33,86.47,86.76,6279911
2022-05-02,PSX,86.68,89.46,86.09,89.18,4280420
2022-05-03,PSX,89.39,91.25,89.37,90.79,4291951
2022-05-04,PSX,91.74,96.45,90.95,96.17,5874760
2022-05-05,PSX,96.61,96.76,92.46,94.52,5448472
2022-05-06,PSX,95.93,96.54,93.09,96.36,4093630
2022-05-09,PSX,94.27,94.7,89.16,89.48,5173001
2022-05-10,PSX,90.41,92.54,87.83,89.57,4186095
2022-05-11,PSX,91.36,92.98,90.1,91.2,2981776
2022-05-12,PSX,91.42,91.67,88.75,91.19,3910836
2022-05-13,PSX,92.69,94.89,92.69,94.6,3328982
2022-05-16,PSX,94.72,97.98,94.72,97.08,4561899
2022-05-17,PSX,98.36,98.66,96.42,97.72,3747194
2022-05-18,PSX,98.2,98.58,94.31,95.52,4002610
2022-05-19,PSX,93.2,96.41,92.55,95.33,4660644
2022-05-20,PSX,95.43,95.91,91.48,93.79,3838918
2022-05-23,PSX,95.16,95.92,94.18,95.08,4220538
2022-05-24,PSX,94.04,97.05,93.7,96.77,3076311
2022-05-25,PSX,96.99,99.63,96.75,99.08,3422128
2022-05-26,PSX,99.89,100.63,98.47,98.68,3262709
2022-05-27,PSX,98.7,102.27,98.61,101.73,3621395
2022-05-31,PSX,102.31,103.67,100.56,100.81,5541811
2022-06-01,PSX,101.84,104.01,101.21,103.18,4086093
2022-06-02,PSX,102.55,104.05,101.65,103.0,3031652
2022-06-03,PSX,103.2,104.84,102.77,104.46,2940164
2022-06-06,PSX,104.88,106.96,104.71,106.02,3046037
2022-06-07,PSX,105.53,109.97,105.53,109.92,3477600
2022-06-08,PSX,109.75,111.28,108.84,110.25,3611255
2022-06-09,PSX,109.73,110.4,108.19,108.27,2947271
2022-06-10,PSX,106.91,107.77,104.84,106.31,3015314
2022-06-13,PSX,103.31,104.19,100.06,101.44,4227454
2022-06-14,PSX,104.93,107.71,102.35,104.13,4522751
2022-06-15,PSX,104.2,105.06,100.12,102.38,4747321
2022-06-16,PSX,99.37,101.08,95.94,96.5,6847784
2022-06-17,PSX,96.94,97.37,90.23,90.51,14917997
2022-06-21,PSX,93.71,96.7,93.55,95.98,5764941
2022-06-22,PSX,92.0,94.03,90.48,90.51,5181745
2022-06-23,PSX,91.63,92.05,83.16,84.39,6160645
2022-06-24,PSX,86.23,86.6,83.91,84.2,5269760
2022-06-27,PSX,85.45,88.09,85.07,87.2,3796203
2022-06-28,PSX,89.07,91.3,87.42,88.85,3791882
2022-06-29,PSX,90.28,90.77,84.22,84.58,4246324
2022-06-30,PSX,82.68,84.22,80.89,81.99,4829111
2022-07-01,PSX,82.38,84.71,80.65,84.37,4093267
2022-07-05,PSX,83.06,83.51,78.13,80.39,5208565
2022-07-06,PSX,79.98,80.88,76.67,79.53,4624352
2022-07-07,PSX,81.89,83.35,81.22,82.54,3711308
2022-07-08,PSX,83.57,83.77,80.84,82.01,2219375
2022-07-11,PSX,80.67,82.18,79.74,81.76,2448252
2022-07-12,PSX,79.47,81.13,79.03,80.51,2565244
2022-07-13,PSX,79.3,81.4,78.45,79.65,3591348
2022-07-14,PSX,77.15,78.59,75.75,78.55,4199050
2022-07-15,PSX,80.05,81.74,79.2,81.64,2792219
2022-07-18,PSX,83.54,84.32,82.33,82.75,2709757
2022-07-19,PSX,82.5,85.68,82.5,85.41,2767356
2022-07-20,PSX,85.3,87.3,84.62,86.85,3590906
2022-07-21,PSX,84.45,85.31,81.53,85.21,3628248
2022-07-22,PSX,85.06,86.08,84.06,84.53,2706668
2022-07-25,PSX,85.74,87.44,84.71,87.24,2756621
2022-07-26,PSX,88.26,88.55,85.34,85.95,1869994
2022-07-27,PSX,86.5,88.81,85.54,88.34,2277253
2022-07-28,PSX,89.24,90.08,86.7,88.01,3257055
2022-07-29,PSX,88.32,89.47,86.76,89.0,4750396
2022-08-01,PSX,87.64,88.2,85.65,87.49,2910902
2022-08-02,PSX,87.62,88.78,86.18,87.54,2455903
2022-08-03,PSX,88.98,89.83,84.85,85.51,3539718
2022-08-04,PSX,84.9,85.05,82.44,82.65,2989681
2022-08-05,PSX,81.71,84.49,81.51,83.76,1796206
2022-08-08,PSX,84.0,84.81,83.27,83.8,1680224
2022-08-09,PSX,84.91,85.84,84.44,85.53,2062364
2022-08-10,PSX,86.11,86.35,83.66,85.63,2191630
2022-08-11,PSX,87.03,88.6,86.22,88.33,2803166
2022-08-12,PSX,87.89,90.04,87.65,90.0,2795622
2022-08-15,PSX,87.28,89.45,86.2,89.16,3082716
2022-08-16,PSX,89.58,91.0,88.31,89.36,3420056
2022-08-17,PSX,87.46,90.54,87.08,89.87,3064022
2022-08-18,PSX,90.29,90.58,86.66,88.69,5465987
2022-08-19,PSX,88.54,89.26,87.86,88.44,3167509
2022-08-22,PSX,87.76,89.44,86.28,88.23,2694601
2022-08-23,PSX,89.1,91.69,88.91,91.41,3128049
2022-08-24,PSX,91.41,92.7,90.89,92.37,3200709
2022-08-25,PSX,92.65,94.23,92.42,93.81,2766027
2022-08-26,PSX,94.11,94.75,92.14,92.18,2750003
2022-08-29,PSX,92.17,94.42,91.81,93.2,2576596
2022-08-30,PSX,91.94,91.98,89.34,90.15,2836369
2022-08-31,PSX,87.82,91.09,87.56,89.46,2841663
2022-09-01,PSX,87.76,88.38,84.4,86.33,4004399
2022-09-02,PSX,88.28,89.91,87.7,88.46,2641561
2022-09-06,PSX,89.19,89.22,86.4,86.76,2556417
2022-09-07,PSX,85.08,86.76,84.03,86.32,2633167
2022-09-08,PSX,86.68,86.9,85.0,85.93,2477370
2022-09-09,PSX,87.44,88.41,86.95,88.03,2476899
2022-09-12,PSX,89.23,91.07,88.84,89.56,2454498
2022-09-13,PSX,87.99,89.42,86.01,86.16,3004016
2022-09-14,PSX,86.83,88.86,84.91,86.0,3872132
2022-09-15,PSX,84.07,84.29,81.16,81.87,5077630
2022-09-16,PSX,81.94,81.94,79.01,80.73,6839916
2022-09-19,PSX,78.59,82.15,78.55,81.93,3124482
2022-09-20,PSX,81.13,83.85,80.85,83.22,3482761
2022-09-21,PSX,84.85,84.91,81.2,81.27,2872297
2022-09-22,PSX,82.2,83.39,81.14,82.27,2963939
2022-09-23,PSX,79.39,79.46,75.53,75.99,5632447
2022-09-26,PSX,75.0,76.64,74.02,74.16,4717533
2022-09-27,PSX,75.54,77.44,75.39,76.22,4147818
2022-09-28,PSX,76.36,81.58,76.22,81.4,5401123
2022-09-29,PSX,80.73,81.41,79.34,80.63,3118025
2022-09-30,PSX,79.82,81.43,79.37,80.72,3259539
2022-10-03,PSX,83.63,85.27,82.32,84.58,3892029
2022-10-04,PSX,86.48,90.45,85.49,90.36,5402354
2022-10-05,PSX,89.6,93.8,89.45,92.61,5443391
2022-10-06,PSX,91.91,93.78,91.55,93.36,3237499
2022-10-07,PSX,93.9,94.5,91.86,92.5,3283474
2022-10-10,PSX,93.16,93.88,90.8,91.11,2785974
2022-10-11,PSX,90.12,91.97,88.64,90.34,2939553
2022-10-12,PSX,89.89,93.73,89.03,92.94,2838819
2022-10-13,PSX,91.96,97.9,91.81,96.9,3690032
2022-10-14,PSX,96.5,97.5,93.92,94.1,3905281
2022-10-17,PSX,95.77,97.99,94.54,95.46,3667635
2022-10-18,PSX,95.96,97.3,93.97,96.11,2756488
2022-10-19,PSX,96.46,98.86,95.6,97.95,3343521
2022-10-20,PSX,98.77,99.9,97.47,97.74,3033556
2022-10-21,PSX,98.26,100.68,97.75,100.44,3260090
2022-10-24,PSX,100.3,101.4,99.92,100.4,1996080
2022-10-25,PSX,99.65,100.73,98.6,100.22,2627265
2022-10-26,PSX,100.68,102.98,100.39,102.26,3172547
2022-10-27,PSX,104.0,105.96,103.45,103.56,3394346
2022-10-28,PSX,104.52,106.06,102.7,104.2,3561146
2022-10-31,PSX,102.67,105.34,102.67,104.29,3581559
2022-11-01,PSX,107.0,109.98,106.33,107.38,5810757
2022-11-02,PSX,106.7,106.88,103.01,103.24,3683020
2022-11-03,PSX,102.57,103.94,101.56,103.12,3073692
2022-11-04,PSX,105.14,105.82,102.39,103.48,3059218
2022-11-07,PSX,103.87,105.95,103.87,105.43,3226657
2022-11-08,PSX,105.27,105.74,103.62,105.11,2488599
2022-11-09,PSX,106.59,108.51,103.23,104.09,4702312
2022-11-10,PSX,106.17,106.4,104.31,106.24,3457335
2022-11-11,PSX,107.46,112.72,107.46,111.3,5586863
2022-11-14,PSX,111.0,113.53,110.23,110.26,3977366
2022-11-15,PSX,110.71,111.69,109.31,111.11,3785692
2022-11-16,PSX,108.88,110.6,107.39,107.68,3021877
2022-11-17,PSX,106.03,109.87,105.8,109.73,2445969
2022-11-18,PSX,107.97,109.3,106.89,108.99,3696427
2022-11-21,PSX,107.49,109.27,105.9,109.03,3047236
2022-11-22,PSX,110.83,112.85,110.55,112.29,3494145
2022-11-23,PSX,110.48,111.84,109.45,110.71,2662261
2022-11-25,PSX,111.04,111.81,110.35,110.78,1409419
2022-11-28,PSX,108.25,110.09,107.6,107.82,3601223
2022-11-29,PSX,109.12,110.32,108.41,108.97,3854134
2022-11-30,PSX,110.16,110.37,107.0,108.44,3987279
2022-12-01,PSX,109.08,109.67,106.86,108.04,3214314
2022-12-02,PSX,107.2,108.7,106.05,106.66,2675983
2022-12-05,PSX,107.8,108.17,103.2,104.15,3015204
2022-12-06,PSX,103.35,105.36,101.96,103.08,3627009
2022-12-07,PSX,102.75,104.96,101.92,103.01,2817139
2022-12-08,PSX,104.63,104.75,100.47,100.9,2899713
2022-12-09,PSX,100.46,101.25,97.94,98.0,3210060
2022-12-12,PSX,98.67,102.15,98.02,102.07,3692377
2022-12-13,PSX,103.97,104.33,101.74,102.13,2984029
2022-12-14,PSX,102.2,103.17,101.05,101.28,2646772
2022-12-15,PSX,100.75,101.53,99.68,101.47,2445464
2022-12-16,PSX,99.75,100.95,99.06,100.64,7235170
2022-12-19,PSX,101.31,102.39,99.57,100.61,2451214
2022-12-20,PSX,101.0,103.45,100.6,102.64,2442301
2022-12-21,PSX,104.24,104.66,102.27,103.35,2471941
2022-12-22,PSX,103.4,103.49,98.97,100.53,2287727
2022-12-23,PSX,101.05,104.02,101.05,103.94,2216304
2022-12-27,PSX,104.57,104.79,103.69,104.58,2474864
2022-12-28,PSX,104.4,104.72,101.99,102.15,1910695
2022-12-29,PSX,102.0,104.3,101.67,104.11,1827314
2022-12-30,PSX,103.84,104.88,103.51,104.08,2088915
2023-01-03,PSX,103.4,104.47,100.54,101.03,2877150
2023-01-04,PSX,99.55,102.0,99.38,100.68,2959185
2023-01-05,PSX,100.2,103.07,100.2,103.02,3348430
2023-01-06,PSX,104.22,106.33,103.82,105.7,3101312
2023-01-09,PSX,106.7,106.97,101.56,102.01,4707383
2023-01-10,PSX,102.44,103.45,100.57,101.57,3259164
2023-01-11,PSX,102.47,102.73,100.53,101.42,3551134
2023-01-12,PSX,101.94,103.77,101.72,102.86,2231790
2023-01-13,PSX,102.86,103.38,101.52,103.03,2133215
2023-01-17,PSX,103.55,105.01,102.36,102.51,2600814
2023-01-18,PSX,103.22,105.51,102.3,102.71,2908164
2023-01-19,PSX,102.68,104.82,101.83,104.38,2696925
2023-01-20,PSX,104.8,107.23,103.83,106.96,2986434
2023-01-23,PSX,107.5,108.68,106.6,106.94,3070063
2023-01-24,PSX,94.25,107.26,98.96,107.01,2360475
2023-01-25,PSX,106.36,108.86,105.54,108.85,2889143
2023-01-26,PSX,109.55,111.67,108.28,111.49,2723551
2023-01-27,PSX,111.44,111.84,108.7,108.73,2506688
2023-01-30,PSX,108.37,108.93,105.89,106.42,3109975
2023-01-31,PSX,104.7,104.7,99.13,100.27,7890068
2023-02-01,PSX,99.8,101.59,97.03,97.99,4467782
2023-02-02,PSX,98.0,99.0,96.34,98.98,4668651
2023-02-03,PSX,99.28,100.61,98.51,98.81,3525128
2023-02-06,PSX,98.58,99.5,96.15,98.08,2666327
2023-02-07,PSX,98.86,102.38,98.49,102.28,3628394
2023-02-08,PSX,101.76,103.65,101.24,102.74,3683762
2023-02-09,PSX,103.16,104.28,101.92,102.11,2897444
2023-02-10,PSX,103.73,107.53,103.48,107.38,3003312
2023-02-13,PSX,107.0,108.31,105.75,108.26,2608803
2023-02-14,PSX,107.5,108.84,107.1,107.95,2267541
2023-02-15,PSX,107.0,107.66,105.25,106.65,2627471
2023-02-16,PSX,106.47,107.3,104.82,104.92,2876507
2023-02-17,PSX,102.02,102.57,99.18,99.54,3537586
2023-02-21,PSX,98.93,100.69,98.49,99.65,2569243
2023-02-22,PSX,99.32,100.81,98.53,99.47,2087817
2023-02-23,PSX,101.05,101.5,99.12,100.35,2737977
2023-02-24,PSX,99.1,102.01,98.1,102.0,3005771
2023-02-27,PSX,102.43,104.33,102.01,103.65,2699527
2023-02-28,PSX,104.63,104.88,101.87,102.56,4104526
2023-03-01,PSX,103.0,107.45,102.62,107.24,4581106
2023-03-02,PSX,106.5,107.34,104.35,105.81,4644015
2023-03-03,PSX,104.96,106.64,104.15,106.02,3755760
2023-03-06,PSX,105.08,105.08,102.81,103.98,4000193
2023-03-07,PSX,103.74,103.97,101.24,101.79,3119897
2023-03-08,PSX,101.83,102.66,98.36,99.31,3876430
2023-03-09,PSX,100.32,104.07,100.05,101.14,5194922
2023-03-10,PSX,101.41,103.92,100.59,101.22,4367161
2023-03-13,PSX,98.16,98.31,95.08,95.52,6037714
2023-03-14,PSX,96.38,100.4,95.75,97.95,3521193
2023-03-15,PSX,94.58,95.0,92.6,93.65,6810328
2023-03-16,PSX,91.48,95.31,91.36,95.05,5801948
2023-03-17,PSX,95.27,96.45,93.48,94.72,10256824
2023-03-20,PSX,95.21,96.87,94.79,95.55,4692905
2023-03-21,PSX,97.48,98.31,95.13,95.55,7228894
2023-03-22,PSX,95.75,97.34,94.67,94.69,3012552
2023-03-23,PSX,95.24,96.57,92.7,93.54,2856274
2023-03-24,PSX,91.64,93.94,90.66,93.73,3719072
2023-03-27,PSX,95.21,96.87,93.74,96.23,3475259
2023-03-28,PSX,96.15,99.87,96.0,98.78,3350655
2023-03-29,PSX,99.75,101.09,99.25,100.28,3053583
2023-03-30,PSX,101.28,101.43,99.68,99.99,2336727
2023-03-31,PSX,99.87,101.44,99.16,101.38,3920648
2023-04-03,PSX,104.99,104.99,102.17,102.91,4212311
2023-04-04,PSX,102.36,102.92,97.51,98.28,4202315
2023-04-05,PSX,98.4,104.64,98.16,104.43,6353422
2023-04-06,PSX,104.81,105.34,102.46,102.84,3808311
2023-04-10,PSX,103.01,105.46,103.0,104.96,2887785
2023-04-11,PSX,105.8,107.33,105.17,106.46,2484051
2023-04-12,PSX,106.67,107.47,105.86,106.03,3192466
2023-04-13,PSX,105.59,106.35,104.73,106.27,2765358
2023-04-14,PSX,106.19,106.9,105.26,106.26,2111466
2023-04-17,PSX,105.88,106.2,103.46,103.92,3326842
2023-04-18,PSX,103.63,104.84,103.15,104.31,2932417
2023-04-19,PSX,104.31,104.4,100.79,103.06,3676839
2023-04-20,PSX,101.71,102.76,100.6,101.25,3784393
2023-04-21,PSX,101.17,101.95,99.48,100.15,3111024
2023-04-24,PSX,99.57,101.34,99.46,100.69,2897956
2023-04-25,PSX,99.57,100.28,99.05,99.32,2738676
2023-04-26,PSX,99.53,100.41,98.32,99.27,2716070
2023-04-27,PSX,99.11,99.47,96.33,97.74,3132762
2023-04-28,PSX,97.02,99.6,96.81,99.0,2710485
2023-05-01,PSX,98.2,99.59,97.58,98.4,2546587
2023-05-02,PSX,97.9,98.19,93.11,94.73,4207234
2023-05-03,PSX,93.95,98.09,93.04,95.95,6286041
2023-05-04,PSX,95.76,95.94,91.86,92.31,4619484
2023-05-05,PSX,94.21,94.86,93.24,93.44,2720782
2023-05-08,PSX,94.82,95.3,93.79,93.96,3352863
2023-05-09,PSX,93.3,95.12,93.09,93.98,3274214
2023-05-10,PSX,94.34,94.92,93.05,94.23,3323817
2023-05-11,PSX,92.78,93.89,92.35,93.4,3428605
2023-05-12,PSX,94.29,94.75,92.71,93.22,2776955
2023-05-15,PSX,93.25,94.78,92.54,94.22,3344012
2023-05-16,PSX,94.15,94.58,91.42,91.89,4390724
2023-05-17,PSX,93.22,94.98,92.31,94.79,3408562
2023-05-18,PSX,94.39,96.53,93.74,96.28,4404978
2023-05-19,PSX,95.51,95.92,94.45,94.94,3206527
2023-05-22,PSX,95.06,96.45,94.95,95.56,2398058
2023-05-23,PSX,96.43,97.76,95.41,95.64,3113670
2023-05-24,PSX,96.13,96.89,95.45,96.56,2780433
2023-05-25,PSX,95.4,95.48,93.35,95.14,3091753
2023-05-26,PSX,95.87,96.0,94.35,94.91,2442781
2023-05-30,PSX,93.52,93.8,92.18,93.59,2943571
2023-05-31,PSX,91.99,92.73,91.3,91.61,4851674
2023-06-01,PSX,92.88,94.42,92.57,93.05,3100970
2023-06-02,PSX,94.75,97.17,94.24,97.03,4658623
2023-06-05,PSX,98.06,96.85,95.1,96.02,2996096
2023-06-06,PSX,94.66,97.17,94.52,96.82,2888028
2023-06-07,PSX,97.3,101.2,97.13,101.05,3871062
2023-06-08,PSX,101.0,101.5,98.75,99.14,3653791
2023-06-09,PSX,99.42,99.6,97.43,98.76,3247747
2023-06-12,PSX,97.12,98.82,96.64,96.78,2884111
2023-06-13,PSX,98.09,99.25,96.79,96.88,2733415
2023-06-14,PSX,97.84,98.28,94.84,95.7,2297510
2023-06-15,PSX,95.68,97.25,95.36,97.02,2123043
2023-06-16,PSX,97.53,97.84,96.67,97.13,4965113
2023-06-20,PSX,96.68,96.78,93.47,93.48,3274828
2023-06-21,PSX,93.0,94.96,92.65,93.28,2902845
2023-06-22,PSX,92.46,93.17,90.69,90.81,3516093
2023-06-23,PSX,90.0,91.39,89.74,90.86,4192024
2023-06-26,PSX,91.07,92.34,90.86,91.52,2846011
2023-06-27,PSX,91.59,93.03,91.18,92.57,3763977
2023-06-28,PSX,92.67,94.01,91.78,93.4,2574060
2023-06-29,PSX,93.69,94.67,93.4,94.53,2254388
2023-06-30,PSX,95.07,95.88,94.27,95.38,2574225
2023-07-03,PSX,95.65,96.64,95.4,95.66,1348799
2023-07-05,PSX,95.65,96.31,94.54,96.13,3854909
2023-07-06,PSX,95.4,96.2,94.52,95.4,4693913
2023-07-07,PSX,95.76,100.3,95.52,99.44,5340880
2023-07-10,PSX,99.52,101.27,99.46,100.33,3785248
2023-07-11,PSX,99.86,101.69,99.8,101.52,3060825
2023-07-12,PSX,102.31,103.16,101.53,101.96,2374181
2023-07-13,PSX,102.29,103.93,101.61,102.58,2886437
2023-07-14,PSX,102.06,102.22,98.65,100.46,2865206
2023-07-17,PSX,100.0,100.84,99.01,99.04,3078258
2023-07-18,PSX,99.03,102.04,98.89,101.16,2367543
2023-07-19,PSX,101.16,103.5,101.13,102.46,3052143
2023-07-20,PSX,103.18,104.55,103.12,104.05,2520486
2023-07-21,PSX,104.42,105.95,104.07,105.73,2711753
2023-07-24,PSX,106.0,108.16,105.8,106.85,3691802
2023-07-25,PSX,106.51,108.46,105.56,107.71,2744836
2023-07-26,PSX,106.95,109.94,106.83,109.59,2687565
2023-07-27,PSX,109.98,110.85,108.8,108.89,2925876
2023-07-28,PSX,109.48,110.68,109.08,110.35,2141474
2023-07-31,PSX,110.72,111.57,110.6,111.55,3801275
2023-08-01,PSX,111.19,112.45,110.65,112.11,2695397
2023-08-02,PSX,111.16,113.24,108.1,108.99,4888063
2023-08-03,PSX,109.54,110.76,107.41,110.41,3512340
2023-08-04,PSX,111.58,113.18,110.45,110.48,2650599
2023-08-07,PSX,111.08,112.81,111.04,111.44,2982091
2023-08-08,PSX,109.92,113.44,108.97,112.68,2865139
2023-08-09,PSX,113.3,115.79,113.01,114.42,3864782
2023-08-10,PSX,114.97,116.19,114.26,114.67,2587861
2023-08-11,PSX,115.04,117.29,115.04,116.64,2558962
2023-08-14,PSX,116.47,116.96,114.3,114.67,3044005
2023-08-15,PSX,112.74,114.54,112.48,113.43,5087597
2023-08-16,PSX,114.0,115.29,113.22,113.27,3904400
2023-08-17,PSX,113.73,115.78,113.48,113.59,4704415
2023-08-18,PSX,112.61,114.78,112.61,114.24,4896486
2023-08-21,PSX,114.9,115.39,112.22,113.33,2662829
2023-08-22,PSX,113.7,114.22,112.62,112.94,2220777
2023-08-23,PSX,111.93,112.44,110.16,112.26,2027553
2023-08-24,PSX,111.62,113.22,111.55,112.39,1713642
2023-08-25,PSX,112.79,114.46,111.75,113.89,2262140
2023-08-28,PSX,113.26,114.78,112.62,113.13,1702264
2023-08-29,PSX,113.18,113.52,112.03,112.69,1933180
2023-08-30,PSX,112.85,114.0,112.75,113.65,2113438
2023-08-31,PSX,113.7,114.61,112.07,114.16,3086357
2023-09-01,PSX,116.13,117.31,115.1,117.17,2787680
2023-09-05,PSX,117.7,118.77,116.71,116.74,2326951
2023-09-06,PSX,116.87,117.99,115.61,116.64,1764173
2023-09-07,PSX,117.25,118.99,116.77,118.75,3348859
2023-09-08,PSX,119.87,123.56,119.43,122.23,4711697
2023-09-11,PSX,122.9,124.06,121.28,122.34,3105436
2023-09-12,PSX,122.88,124.83,122.6,124.28,4229642
2023-09-13,PSX,124.75,125.19,122.39,123.17,2779402
2023-09-14,PSX,123.91,124.0,122.7,122.97,2526293
2023-09-15,PSX,121.97,122.47,120.34,121.03,9312919
2023-09-18,PSX,122.53,123.91,121.0,122.45,2237463
2023-09-19,PSX,123.4,123.48,119.07,120.22,2970167
2023-09-20,PSX,119.72,121.8,119.55,120.07,2491645
2023-09-21,PSX,122.42,123.84,119.69,119.94,2732189
2023-09-22,PSX,120.5,121.7,118.52,118.58,2427225
2023-09-25,PSX,118.5,120.64,118.46,120.26,2499087
2023-09-26,PSX,119.2,120.28,118.6,119.42,2350834
2023-09-27,PSX,120.46,121.54,119.73,120.8,2793805
2023-09-28,PSX,120.49,123.47,120.39,123.38,3294259
2023-09-29,PSX,123.44,123.44,119.48,120.15,2841901
2023-10-02,PSX,120.09,120.3,118.19,119.02,2445763
2023-10-03,PSX,118.0,118.54,114.13,115.63,2988368
2023-10-04,PSX,113.16,113.3,108.66,110.49,4464181
2023-10-05,PSX,108.78,111.17,108.59,109.48,3206047
2023-10-06,PSX,110.51,110.82,108.2,109.19,2625538
2023-10-09,PSX,111.06,111.66,109.34,111.21,2769837
2023-10-10,PSX,110.86,112.99,110.34,112.39,2662275
2023-10-11,PSX,111.42,112.49,110.16,112.13,2035924
2023-10-12,PSX,112.92,113.0,109.89,110.75,1976849
2023-10-13,PSX,112.46,112.74,110.48,110.6,3393245
2023-10-16,PSX,111.5,112.66,111.07,111.78,2750191
2023-10-17,PSX,111.68,113.98,111.68,113.91,2471913
2023-10-18,PSX,114.19,116.77,113.98,116.25,3249740
2023-10-19,PSX,116.15,116.36,114.63,115.19,2091534
2023-10-20,PSX,115.35,116.03,113.15,113.54,2667169
2023-10-23,PSX,113.31,113.58,112.02,113.05,2463535
2023-10-24,PSX,113.53,113.69,111.89,111.93,2331660
2023-10-25,PSX,112.13,112.89,110.47,110.74,2581248
2023-10-26,PSX,109.86,110.54,108.09,110.1,3517855
2023-10-27,PSX,111.14,112.06,107.85,110.93,5214890
2023-10-30,PSX,112.22,113.5,109.86,112.44,3194635
2023-10-31,PSX,114.43,115.23,112.42,114.07,3618684
2023-11-01,PSX,114.85,117.09,113.74,116.09,3343079
2023-11-02,PSX,116.16,118.52,116.0,118.12,2566872
2023-11-03,PSX,117.76,118.34,115.27,116.79,2524985
2023-11-06,PSX,117.24,118.11,116.34,116.85,2484723
2023-11-07,PSX,115.33,115.47,113.21,113.86,2180700
2023-11-08,PSX,113.05,113.89,111.62,111.81,2898607
2023-11-09,PSX,111.81,112.93,110.54,110.63,1802213
2023-11-10,PSX,112.0,113.59,111.74,113.44,2429424
2023-11-13,PSX,113.5,114.64,113.25,114.15,1487894
2023-11-14,PSX,114.31,115.54,114.16,115.02,2407969
2023-11-15,PSX,114.56,116.92,114.25,115.49,3203544
2023-11-16,PSX,113.44,114.74,111.9,113.53,4559639
2023-11-17,PSX,114.17,117.38,114.17,116.37,3354387
2023-11-20,PSX,116.58,119.02,116.58,118.11,2877278
2023-11-21,PSX,117.5,118.14,116.43,117.41,2039391
2023-11-22,PSX,115.89,118.21,114.94,118.01,2211968
2023-11-24,PSX,118.3,120.04,118.0,118.63,1173601
2023-11-27,PSX,118.23,118.87,117.31,118.33,2447213
2023-11-28,PSX,118.55,119.23,117.74,118.0,1926431
2023-11-29,PSX,123.0,123.87,121.3,122.22,6873919
2023-11-30,PSX,122.72,129.75,122.41,128.89,9147416
2023-12-01,PSX,128.5,131.26,127.75,129.7,4757297
2023-12-04,PSX,128.91,131.37,127.9,128.44,4842966
2023-12-05,PSX,128.6,130.58,127.51,127.7,3484550
2023-12-06,PSX,126.84,127.86,124.63,125.0,2952137
2023-12-07,PSX,125.94,126.74,124.07,124.62,3702197
2023-12-08,PSX,125.42,126.4,123.29,125.32,4102731
2023-12-11,PSX,125.04,127.36,124.76,126.41,2976836
2023-12-12,PSX,125.08,125.5,123.87,125.22,3484854
2023-12-13,PSX,125.01,127.42,123.38,127.16,3054796
2023-12-14,PSX,128.0,130.37,126.26,130.11,4260304
2023-12-15,PSX,127.94,130.18,127.72,129.87,9648402
2023-12-18,PSX,131.31,133.02,130.73,131.3,2987703
2023-12-19,PSX,131.52,133.83,131.42,133.8,2873140
2023-12-20,PSX,134.29,136.69,133.83,134.07,3365745
2023-12-21,PSX,134.34,135.34,133.28,134.29,3235165
2023-12-22,PSX,135.63,135.81,133.92,134.06,1402176
2023-12-26,PSX,135.1,136.09,134.52,135.72,1542454
2023-12-27,PSX,135.21,135.99,134.21,134.7,1798972
2023-12-28,PSX,134.1,134.69,132.79,132.84,1827485
2023-12-29,PSX,133.34,133.9,132.69,133.14,2024084
2024-01-02,PSX,133.5,135.25,133.25,134.29,2500499
2024-01-03,PSX,134.01,136.45,134.01,135.75,3094793
2024-01-04,PSX,136.39,138.06,134.89,135.28,3125400
2024-01-05,PSX,136.35,137.42,134.66,135.24,3126499
2024-01-08,PSX,133.49,134.19,131.75,133.85,3636586
2024-01-09,PSX,133.79,133.79,131.83,133.21,2172650
2024-01-10,PSX,133.55,133.55,128.93,129.41,3619920
2024-01-11,PSX,129.94,130.92,129.21,130.28,3540003
2024-01-12,PSX,132.51,132.95,131.59,132.87,2909875
2024-01-16,PSX,133.0,133.53,129.09,129.47,3169591
2024-01-17,PSX,128.14,130.22,127.47,128.27,2437029
2024-01-18,PSX,128.47,128.47,126.63,127.67,2337343
2024-01-19,PSX,127.98,129.12,127.06,129.09,2880390
2024-01-22,PSX,128.9,129.95,128.0,129.66,2307871
2024-01-23,PSX,129.48,131.42,129.12,131.11,2309601
2024-01-24,PSX,131.97,133.7,131.62,133.67,2649203
2024-01-25,PSX,135.39,137.68,134.75,137.65,3167705
2024-01-26,PSX,137.65,140.28,137.17,140.22,3389088
2024-01-29,PSX,139.66,139.78,137.7,139.09,3099599
2024-01-30,PSX,137.8,142.58,137.1,142.41,3664664
2024-01-31,PSX,144.49,147.68,142.85,144.31,8307882
2024-02-01,PSX,145.33,148.72,142.38,145.55,5090493
2024-02-02,PSX,145.91,147.71,143.97,145.47,3702262
2024-02-05,PSX,144.36,148.27,143.7,147.24,2899768
2024-02-06,PSX,148.0,149.52,145.85,145.91,3323376
2024-02-07,PSX,146.29,147.51,145.77,146.53,2607825
2024-02-08,PSX,146.68,147.93,145.68,146.82,4018737
2024-02-09,PSX,146.83,147.78,145.34,145.66,2889143
2024-02-12,PSX,146.27,146.29,144.24,144.45,3753922
2024-02-13,PSX,144.61,146.43,143.51,145.16,3226333
2024-02-14,PSX,146.21,146.53,143.06,145.21,3086691
2024-02-15,PSX,144.5,147.38,144.28,146.37,2810921
2024-02-16,PSX,145.33,145.43,143.21,143.81,2690099
2024-02-20,PSX,143.65,143.65,140.49,141.14,3483203
2024-02-21,PSX,141.46,143.96,141.46,143.55,2403109
2024-02-22,PSX,143.48,146.67,142.69,146.62,2633683
2024-02-23,PSX,145.96,147.66,145.28,147.11,2189678
2024-02-26,PSX,147.01,150.08,146.8,148.31,2584665
2024-02-27,PSX,148.64,149.17,144.96,145.34,2106185
2024-02-28,PSX,144.75,145.09,140.87,141.24,2594715
2024-02-29,PSX,141.24,143.44,140.95,142.51,3370261
2024-03-01,PSX,143.23,144.81,143.22,144.2,2063580
2024-03-04,PSX,143.31,145.99,143.05,144.26,3479248
2024-03-05,PSX,144.26,147.13,143.81,146.1,2886752
2024-03-06,PSX,147.12,148.14,145.13,146.77,3210224
2024-03-07,PSX,147.67,150.41,147.32,149.21,2947186
2024-03-08,PSX,148.88,150.77,148.33,149.34,2398568
2024-03-11,PSX,147.86,149.5,146.21,149.49,3230904
2024-03-12,PSX,149.5,151.42,148.43,150.37,2367873
2024-03-13,PSX,152.07,155.43,152.0,154.47,4028633
2024-03-14,PSX,155.84,156.85,153.45,154.38,3637336
2024-03-15,PSX,154.22,159.74,154.22,159.03,11725959
2024-03-18,PSX,159.41,159.59,156.31,156.76,3470618
2024-03-19,PSX,156.85,158.22,156.28,156.99,2877227
2024-03-20,PSX,156.18,159.12,155.52,158.76,2389137
2024-03-21,PSX,159.0,159.44,157.0,159.08,2488073
2024-03-22,PSX,159.43,159.8,158.1,159.45,2078481
2024-03-25,PSX,160.0,161.42,156.43,156.46,2306152
2024-03-26,PSX,156.62,157.7,155.88,156.6,2351431
2024-03-27,PSX,155.9,159.0,155.9,158.96,2211378
2024-03-28,PSX,159.34,163.79,158.84,163.34,3177289
2024-04-01,PSX,163.18,163.85,160.97,163.34,2214137
2024-04-02,PSX,164.33,169.69,164.07,169.49,2999389
2024-04-03,PSX,170.2,173.55,169.1,172.71,3210644
2024-04-04,PSX,173.18,173.75,170.0,170.68,2781083
2024-04-05,PSX,172.88,174.08,170.64,170.75,2182779
2024-04-08,PSX,170.03,171.41,168.48,168.55,2624346
2024-04-09,PSX,168.85,169.41,163.73,165.41,2358126
2024-04-10,PSX,165.46,166.74,163.57,165.16,1802354
2024-04-11,PSX,165.54,165.95,163.16,165.41,1997209
2024-04-12,PSX,166.35,166.47,161.88,162.49,2002433
2024-04-15,PSX,163.8,165.0,159.91,160.82,1589886
2024-04-16,PSX,160.81,161.13,157.6,157.88,1864189
2024-04-17,PSX,158.64,159.86,156.28,157.25,1946768
2024-04-18,PSX,157.38,157.91,152.72,153.31,2347141
2024-04-19,PSX,153.66,157.21,153.48,154.71,2760769
2024-04-22,PSX,154.43,158.33,153.09,157.05,1625543
2024-04-23,PSX,156.21,159.25,154.88,158.84,1756428
2024-04-24,PSX,157.96,158.38,156.29,157.79,1944972
2024-04-25,PSX,157.56,158.11,155.62,157.24,2617534
2024-04-26,PSX,152.5,155.84,149.55,151.41,4206800
2024-04-29,PSX,150.7,152.19,150.06,151.54,2823654
2024-04-30,PSX,150.91,150.91,143.02,143.21,3763934
2024-05-01,PSX,143.04,144.31,138.63,140.21,2537281
2024-05-02,PSX,141.55,144.65,141.4,143.87,2310273
2024-05-03,PSX,144.06,144.67,142.06,143.61,1806203
2024-05-06,PSX,144.65,146.41,143.87,145.12,2239088
2024-05-07,PSX,145.48,146.53,144.5,145.21,2212394
2024-05-08,PSX,144.8,147.81,144.06,146.94,2918980
2024-05-09,PSX,146.97,149.23,146.97,147.72,2187108
2024-05-10,PSX,148.38,149.09,145.42,145.6,1808750
