date,close,high,low,open,symbol,volume,changeOverTime,marketChangeOverTime,uOpen,uClose,uHigh,uLow,uVolume,fOpen,fClose,fHigh,fLow,fVolume,change,changePercent
2012-01-17,8.38,8.46,8.27,8.35,MNST,20982677,0.0,0.0,100.25,100.56,101.55,99.25,1747857,8.35,8.38,8.46,8.27,20982677,0.0,0.0
2012-04-09,10.48,10.54,10.38,10.46,MNST,3656993,0.2505966587112171,0.2505966587112171,62.8,62.9,63.29,62.31,609255,10.46,10.48,10.54,10.38,3656993,2.0999999999999996,0.2506
2012-05-03,11.17,11.49,11.13,11.48,MNST,11278956,0.3329355608591884,0.3329355608591884,68.92,67.07,68.95,66.83,1879074,11.48,11.17,11.49,11.13,11278956,0.6899999999999995,0.0658
2014-08-11,11.69,11.76,11.5,11.64,MNST,8140354,0.3949880668257755,0.3949880668257755,69.87,70.14,70.56,69.0,1356183,11.64,11.69,11.76,11.5,8140354,0.5199999999999996,0.0466
2014-08-13,11.85,11.88,11.77,11.81,MNST,4560702,0.41408114558472536,0.41408114558472536,70.86,71.15,71.33,70.67,759813,11.81,11.85,11.88,11.77,4560702,0.16000000000000014,0.0137
2014-08-15,15.58,15.82,15.0,15.4,MNST,118197047,0.8591885441527445,0.8591885441527445,92.44,93.49,94.93,90.03,19691628,15.4,15.58,15.82,15.0,118197047,3.7300000000000004,0.3148
2014-08-19,14.83,14.93,14.67,14.77,MNST,19150618,0.7696897374701669,0.7696897374701669,88.66,89.04,89.62,88.04,3190493,14.77,14.83,14.93,14.67,19150618,-0.75,-0.0481
2014-08-21,14.58,14.85,14.53,14.73,MNST,12574178,0.7398568019093077,0.7398568019093077,88.4,87.5,89.16,87.22,2094858,14.73,14.58,14.85,14.53,12574178,-0.25,-0.0169
2014-08-25,14.39,14.58,14.37,14.45,MNST,7720942,0.7171837708830548,0.7171837708830548,86.76,86.4,87.49,86.28,1286309,14.45,14.39,14.58,14.37,7720942,-0.1899999999999995,-0.013
2014-08-29,14.73,14.79,14.61,14.75,MNST,6377935,0.7577565632458233,0.7577565632458233,88.51,88.41,88.75,87.7,1062564,14.75,14.73,14.79,14.61,6377935,0.33999999999999986,0.0236
2014-09-08,14.98,14.99,14.75,14.82,MNST,6533373,0.7875894988066825,0.7875894988066825,88.94,89.91,89.97,88.52,1088460,14.82,14.98,14.99,14.75,6533373,0.25,0.017
2014-09-09,14.94,15.07,14.89,14.92,MNST,9524514,0.7828162291169449,0.7828162291169449,89.55,89.69,90.43,89.37,1586784,14.92,14.94,15.07,14.89,9524514,-0.040000000000000924,-0.0027
2014-09-10,15.26,15.3,14.92,14.92,MNST,8019046,0.8210023866348447,0.8210023866348447,89.56,91.61,91.83,89.55,1335973,14.92,15.26,15.3,14.92,8019046,0.3200000000000003,0.0214
2014-09-15,14.99,15.0,14.85,14.94,MNST,3798517,0.7887828162291168,0.7887828162291168,89.65,90.0,90.01,89.15,632833,14.94,14.99,15.0,14.85,3798517,-0.2699999999999996,-0.0177
2014-09-16,15.09,15.12,14.85,14.93,MNST,5063529,0.8007159904534604,0.8007159904534604,89.6,90.59,90.75,89.14,843584,14.93,15.09,15.12,14.85,5063529,0.09999999999999964,0.0067
2014-09-23,15.08,15.41,15.08,15.39,MNST,5508187,0.7995226730310261,0.7995226730310261,92.36,90.53,92.5,90.5,917664,15.39,15.08,15.41,15.08,5508187,-0.009999999999999787,-0.0007
2014-09-24,15.27,15.34,15.09,15.09,MNST,6084874,0.822195704057279,0.822195704057279,90.57,91.68,92.06,90.57,1013740,15.09,15.27,15.34,15.09,6084874,0.1899999999999995,0.0126
2014-09-26,15.08,15.1,14.82,14.88,MNST,4459856,0.7995226730310261,0.7995226730310261,89.34,90.53,90.65,88.94,743012,14.88,15.08,15.1,14.82,4459856,-0.1899999999999995,-0.0124
2014-10-03,15.33,15.42,15.09,15.15,MNST,17775342,0.8293556085918853,0.8293556085918853,90.96,92.03,92.53,90.58,2961372,15.15,15.33,15.42,15.09,17775342,0.25,0.0166
2014-10-06,15.39,15.41,15.18,15.4,MNST,8017995,0.8365155131264915,0.8365155131264915,92.44,92.37,92.5,91.14,1335798,15.4,15.39,15.41,15.18,8017995,0.0600000000000005,0.0039
2014-10-07,15.4,15.53,15.25,15.27,MNST,8496236,0.8377088305489259,0.8377088305489259,91.65,92.43,93.22,91.53,1415473,15.27,15.4,15.53,15.25,8496236,0.009999999999999787,0.0006
2014-10-10,15.8,16.14,15.8,15.92,MNST,7720924,0.8854415274463007,0.8854415274463007,95.56,94.84,96.9,94.81,1286306,15.92,15.8,16.14,15.8,7720924,0.40000000000000036,0.026
2014-10-16,15.13,15.22,14.92,15.0,MNST,7457239,0.805489260143198,0.805489260143198,90.05,90.83,91.33,89.56,1242376,15.0,15.13,15.22,14.92,7457239,-0.6699999999999999,-0.0424
2014-10-29,16.44,16.51,16.22,16.25,MNST,6670888,0.9618138424821002,0.9618138424821002,97.51,98.65,99.08,97.33,1111370,16.25,16.44,16.51,16.22,6670888,1.3100000000000005,0.0866
2015-06-15,21.14,21.39,21.05,21.32,MNST,5335954,1.5226730310262528,1.5226730310262528,127.96,126.91,128.37,126.33,888970,21.32,21.14,21.39,21.05,5335954,4.699999999999999,0.2859
2015-06-16,22.02,22.22,21.37,21.37,MNST,8275408,1.627684964200477,1.627684964200477,128.27,132.18,133.4,128.27,1378683,21.37,22.02,22.22,21.37,8275408,0.879999999999999,0.0416
2015-06-17,22.03,22.11,21.84,22.07,MNST,5709406,1.6288782816229115,1.6288782816229115,132.5,132.25,132.74,131.1,951187,22.07,22.03,22.11,21.84,5709406,0.010000000000001563,0.0005
2015-06-18,22.3,22.41,22.07,22.09,MNST,6241981,1.6610978520286395,1.6610978520286395,132.62,133.86,134.49,132.46,1039914,22.09,22.3,22.41,22.07,6241981,0.2699999999999996,0.0123
2015-06-19,22.28,22.54,22.09,22.3,MNST,9171152,1.6587112171837708,1.6587112171837708,133.86,133.72,135.27,132.62,1527914,22.3,22.28,22.54,22.09,9171152,-0.019999999999999574,-0.0009
2015-06-22,22.24,22.54,22.22,22.46,MNST,4400108,1.653937947494033,1.653937947494033,134.8,133.5,135.3,133.37,733058,22.46,22.24,22.54,22.22,4400108,-0.0400000000000027,-0.0018
2015-06-23,22.22,22.47,22.0,22.47,MNST,4884640,1.6515513126491643,1.6515513126491643,134.85,133.4,134.85,132.07,813781,22.47,22.22,22.47,22.0,4884640,-0.019999999999999574,-0.0009
2015-06-24,22.15,22.23,22.02,22.23,MNST,5063445,1.6431980906921237,1.6431980906921237,133.44,132.96,133.44,132.19,843570,22.23,22.15,22.23,22.02,5063445,-0.07000000000000028,-0.0032
2015-06-25,22.79,22.86,22.0,22.23,MNST,8927671,1.7195704057279233,1.7195704057279233,133.43,136.77,137.23,132.03,1487350,22.23,22.79,22.86,22.0,8927671,0.6400000000000006,0.0289
2015-06-26,23.23,23.27,22.83,22.99,MNST,15110102,1.7720763723150357,1.7720763723150357,137.99,139.41,139.65,137.03,2517343,22.99,23.23,23.27,22.83,15110102,0.4400000000000013,0.0193
2015-06-29,22.39,23.16,22.32,23.02,MNST,6203733,1.6718377088305487,1.6718377088305487,138.17,134.39,139.0,133.97,1033542,23.02,22.39,23.16,22.32,6203733,-0.8399999999999999,-0.0362
2015-06-30,22.33,22.64,22.24,22.61,MNST,5641663,1.6646778042959423,1.6646778042959423,135.73,134.02,135.92,133.5,939901,22.61,22.33,22.64,22.24,5641663,-0.060000000000002274,-0.0027
2015-07-01,22.41,22.47,22.14,22.38,MNST,5518259,1.6742243436754174,1.6742243436754174,134.35,134.5,134.84,132.87,919342,22.38,22.41,22.47,22.14,5518259,0.08000000000000185,0.0036
2015-07-02,22.26,22.44,22.02,22.38,MNST,4335096,1.6563245823389021,1.6563245823389021,134.34,133.6,134.69,132.17,722227,22.38,22.26,22.44,22.02,4335096,-0.14999999999999858,-0.0067
2015-07-06,22.46,22.47,21.95,21.96,MNST,7478043,1.6801909307875893,1.6801909307875893,131.81,134.82,134.86,131.74,1245842,21.96,22.46,22.47,21.95,7478043,0.1999999999999993,0.009
2015-07-07,22.71,22.78,22.27,22.53,MNST,6097995,1.7100238663484486,1.7100238663484486,135.26,136.34,136.76,133.67,1015926,22.53,22.71,22.78,22.27,6097995,0.25,0.0111
2015-07-08,22.29,22.63,22.17,22.63,MNST,5240744,1.659904534606205,1.659904534606205,135.84,133.8,135.84,133.07,873108,22.63,22.29,22.63,22.17,5240744,-0.4200000000000017,-0.0185
2015-07-09,22.23,22.64,22.22,22.62,MNST,3912653,1.6527446300715989,1.6527446300715989,135.76,133.44,135.88,133.4,651848,22.62,22.23,22.64,22.22,3912653,-0.05999999999999872,-0.0027
2015-07-10,22.68,22.74,22.31,22.44,MNST,4584694,1.7064439140811454,1.7064439140811454,134.68,136.11,136.47,133.92,763810,22.44,22.68,22.74,22.31,4584694,0.4499999999999993,0.0202
2015-07-13,23.22,23.25,22.83,22.9,MNST,4947869,1.7708830548926011,1.7708830548926011,137.47,139.39,139.55,137.0,824315,22.9,23.22,23.25,22.83,4947869,0.5399999999999991,0.0238
2015-07-14,23.47,23.53,23.23,23.25,MNST,9537185,1.8007159904534602,1.8007159904534602,139.53,140.88,141.26,139.45,1588895,23.25,23.47,23.53,23.23,9537185,0.25,0.0108
2015-07-15,23.34,23.65,23.3,23.41,MNST,4247689,1.7852028639618136,1.7852028639618136,140.5,140.12,141.97,139.86,707665,23.41,23.34,23.65,23.3,4247689,-0.129999999999999,-0.0055
2015-07-16,23.27,23.47,23.1,23.4,MNST,4764178,1.776849642004773,1.776849642004773,140.46,139.68,140.85,138.64,793712,23.4,23.27,23.47,23.1,4764178,-0.07000000000000028,-0.003
2015-07-17,23.33,23.35,23.02,23.35,MNST,3624988,1.784009546539379,1.784009546539379,140.16,140.06,140.16,138.18,603923,23.35,23.33,23.35,23.02,3624988,0.05999999999999872,0.0026
2015-07-20,23.78,23.85,23.35,23.35,MNST,4365198,1.837708830548926,1.837708830548926,140.14,142.75,143.16,140.14,727242,23.35,23.78,23.85,23.35,4365198,0.45000000000000284,0.0193
2015-07-21,24.0,24.06,23.67,23.8,MNST,6084250,1.8639618138424818,1.8639618138424818,142.86,144.05,144.42,142.08,1013636,23.8,24.0,24.06,23.67,6084250,0.21999999999999886,0.0093
2015-07-22,24.63,24.81,24.09,24.13,MNST,6822359,1.939140811455847,1.939140811455847,144.86,147.85,148.9,144.58,1136605,24.13,24.63,24.81,24.09,6822359,0.629999999999999,0.0262
2015-07-23,24.75,24.95,24.41,24.58,MNST,5386194,1.953460620525059,1.953460620525059,147.56,148.53,149.76,146.54,897340,24.58,24.75,24.95,24.41,5386194,0.120000000000001,0.0049
2015-07-24,24.81,24.87,24.54,24.56,MNST,5295204,1.9606205250596656,1.9606205250596656,147.44,148.89,149.27,147.32,882181,24.56,24.81,24.87,24.54,5295204,0.05999999999999872,0.0024
2015-07-27,24.78,24.92,24.53,24.78,MNST,5868409,1.9570405727923623,1.9570405727923623,148.74,148.76,149.55,147.23,977677,24.78,24.78,24.92,24.53,5868409,-0.029999999999997584,-0.0012
2015-07-28,24.99,25.09,24.57,24.81,MNST,5144298,1.9821002386634843,1.9821002386634843,148.92,149.99,150.58,147.48,857040,24.81,24.99,25.09,24.57,5144298,0.2099999999999973,0.0085
2015-07-29,25.21,25.3,24.86,24.98,MNST,4991315,2.0083532219570404,2.0083532219570404,149.94,151.32,151.87,149.22,831553,24.98,25.21,25.3,24.86,4991315,0.22000000000000242,0.0088
2015-07-30,25.35,25.41,24.92,25.15,MNST,3870504,2.0250596658711215,2.0250596658711215,150.98,152.18,152.53,149.6,644826,25.15,25.35,25.41,24.92,3870504,0.14000000000000057,0.0056
2015-07-31,25.58,25.67,25.39,25.52,MNST,4737179,2.0525059665871113,2.0525059665871113,153.17,153.55,154.07,152.43,789214,25.52,25.58,25.67,25.39,4737179,0.22999999999999687,0.0091
2015-08-03,25.96,25.96,25.58,25.76,MNST,7080270,2.097852028639618,2.097852028639618,154.61,155.81,155.83,153.55,1179573,25.76,25.96,25.96,25.58,7080270,0.38000000000000256,0.0149
2015-08-04,25.28,25.91,25.26,25.91,MNST,10794106,2.0167064439140807,2.0167064439140807,155.52,151.72,155.52,151.6,1798298,25.91,25.28,25.91,25.26,10794106,-0.6799999999999997,-0.0262
2015-08-05,25.66,25.75,25.24,25.32,MNST,10149994,2.062052505966587,2.062052505966587,152.0,154.0,154.55,151.51,1690989,25.32,25.66,25.75,25.24,10149994,0.379999999999999,0.015
2015-08-06,24.14,25.64,24.04,25.64,MNST,20574958,1.880668257756563,1.880668257756563,153.9,144.87,153.9,144.29,3427788,25.64,24.14,25.64,24.04,20574958,-1.5199999999999996,-0.0592
2015-08-07,24.85,25.45,24.33,24.84,MNST,15696285,1.9653937947494031,1.9653937947494031,149.09,149.17,152.74,146.02,2615001,24.84,24.85,25.45,24.33,15696285,0.7100000000000009,0.0294
2015-08-10,24.11,25.1,24.02,25.05,MNST,10865324,1.8770883054892598,1.8770883054892598,150.37,144.73,150.68,144.17,1810163,25.05,24.11,25.1,24.02,10865324,-0.740000000000002,-0.0298
2015-08-11,23.79,24.11,23.6,23.87,MNST,7282503,1.83890214797136,1.83890214797136,143.26,142.8,144.72,141.63,1213265,23.87,23.79,24.11,23.6,7282503,-0.3200000000000003,-0.0133
2015-08-12,23.68,23.71,23.09,23.49,MNST,7485390,1.825775656324582,1.825775656324582,140.98,142.15,142.33,138.6,1247066,23.49,23.68,23.71,23.09,7485390,-0.10999999999999943,-0.0046
2015-08-13,24.83,25.07,23.95,23.96,MNST,11970846,1.963007159904534,1.963007159904534,143.84,149.06,150.51,143.77,1994343,23.96,24.83,25.07,23.95,11970846,1.1499999999999986,0.0486
2015-08-14,25.06,25.1,24.65,24.72,MNST,7011489,1.9904534606205249,1.9904534606205249,148.36,150.4,150.67,147.98,1168114,24.72,25.06,25.1,24.65,7011489,0.23000000000000043,0.0093
2015-08-17,25.11,25.15,24.89,24.92,MNST,4819178,1.9964200477326963,1.9964200477326963,149.56,150.71,150.97,149.4,802875,24.92,25.11,25.15,24.89,4819178,0.05000000000000071,0.002
2015-08-18,25.08,25.27,24.99,25.26,MNST,4779544,1.992840095465393,1.992840095465393,151.65,150.52,151.7,149.98,796272,25.26,25.08,25.27,24.99,4779544,-0.030000000000001137,-0.0012
2015-08-19,24.53,25.1,24.53,24.91,MNST,7501807,1.9272076372315032,1.9272076372315032,149.53,147.25,150.66,147.22,1249801,24.91,24.53,25.1,24.53,7501807,-0.5499999999999972,-0.0219
2015-08-20,24.09,24.54,24.09,24.26,MNST,6125492,1.874701670644391,1.874701670644391,145.64,144.6,147.27,144.6,1020507,24.26,24.09,24.54,24.09,6125492,-0.4400000000000013,-0.0179
2015-08-21,23.14,23.86,23.14,23.75,MNST,10130762,1.7613365155131262,1.7613365155131262,142.56,138.91,143.2,138.9,1687785,23.75,23.14,23.86,23.14,10130762,-0.9499999999999993,-0.0394
2015-08-24,22.57,22.96,19.26,21.41,MNST,15513607,1.6933174224343672,1.6933174224343672,128.52,135.46,137.83,115.62,2584567,21.41,22.57,22.96,19.26,15513607,-0.5700000000000003,-0.0246
2015-08-25,22.38,23.15,22.38,23.03,MNST,11050996,1.6706443914081142,1.6706443914081142,138.24,134.36,138.93,134.36,1841096,23.03,22.38,23.15,22.38,11050996,-0.19000000000000128,-0.0084
2015-08-26,23.09,23.11,22.38,22.8,MNST,9278445,1.7553699284009543,1.7553699284009543,136.87,138.59,138.71,134.31,1545789,22.8,23.09,23.11,22.38,9278445,0.7100000000000009,0.0317
2015-08-27,23.33,23.63,22.88,23.26,MNST,7394304,1.784009546539379,1.784009546539379,139.62,140.01,141.86,137.35,1231891,23.26,23.33,23.63,22.88,7394304,0.23999999999999844,0.0104
2015-08-28,23.4,23.41,22.97,23.09,MNST,7217473,1.7923627684964196,1.7923627684964196,138.61,140.43,140.51,137.87,1202431,23.09,23.4,23.41,22.97,7217473,0.07000000000000028,0.003
2015-08-31,23.07,23.62,22.74,23.33,MNST,9929352,1.7529832935560856,1.7529832935560856,140.06,138.46,141.78,136.5,1654230,23.33,23.07,23.62,22.74,9929352,-0.3299999999999983,-0.0141
2015-09-01,22.5,22.88,22.4,22.62,MNST,7144196,1.6849642004773266,1.6849642004773266,135.79,135.03,137.36,134.45,1190223,22.62,22.5,22.88,22.4,7144196,-0.5700000000000003,-0.0247
2015-09-02,22.72,22.77,22.35,22.72,MNST,8527317,1.7112171837708827,1.7112171837708827,136.38,136.4,136.7,134.13,1420651,22.72,22.72,22.77,22.35,8527317,0.21999999999999886,0.0098
2015-09-03,22.6,22.92,22.49,22.8,MNST,6379802,1.6968973747016705,1.6968973747016705,136.86,135.64,137.58,134.99,1062875,22.8,22.6,22.92,22.49,6379802,-0.11999999999999744,-0.0053
2015-09-04,22.36,22.64,22.11,22.27,MNST,6967383,1.6682577565632455,1.6682577565632455,133.68,134.24,135.9,132.71,1160766,22.27,22.36,22.64,22.11,6967383,-0.240000000000002,-0.0106
2015-09-08,22.81,23.02,22.42,22.67,MNST,10119556,1.721957040572792,1.721957040572792,136.09,136.9,138.16,134.58,1685918,22.67,22.81,23.02,22.42,10119556,0.4499999999999993,0.0201
2015-09-09,22.06,23.08,21.08,23.02,MNST,7268097,1.6324582338902145,1.6324582338902145,138.2,132.4,138.55,126.51,1210865,23.02,22.06,23.08,21.08,7268097,-0.75,-0.0329
2015-09-10,22.03,22.3,21.85,21.98,MNST,4754508,1.6288782816229115,1.6288782816229115,131.92,132.24,133.88,131.18,792101,21.98,22.03,22.3,21.85,4754508,-0.029999999999997584,-0.0014
2015-09-11,22.12,22.23,21.92,22.03,MNST,4533884,1.639618138424821,1.639618138424821,132.25,132.77,133.46,131.6,755345,22.03,22.12,22.23,21.92,4533884,0.08999999999999986,0.0041
2015-09-14,22.02,22.24,21.78,22.22,MNST,6491285,1.627684964200477,1.627684964200477,133.4,132.16,133.5,130.73,1081448,22.22,22.02,22.24,21.78,6491285,-0.10000000000000142,-0.0045
2015-09-15,22.07,22.25,21.74,21.89,MNST,4783487,1.633651551312649,1.633651551312649,131.38,132.48,133.53,130.5,796929,21.89,22.07,22.25,21.74,4783487,0.05000000000000071,0.0023
2015-09-16,22.31,22.4,21.7,21.73,MNST,6990666,1.6622911694510736,1.6622911694510736,130.45,133.93,134.44,130.25,1164645,21.73,22.31,22.4,21.7,6990666,0.23999999999999844,0.0109
2015-09-17,22.44,22.79,22.31,22.39,MNST,5546903,1.6778042959427206,1.6778042959427206,134.38,134.7,136.77,133.9,924114,22.39,22.44,22.79,22.31,5546903,0.13000000000000256,0.0058
2015-09-18,22.42,22.76,22.16,22.16,MNST,24776585,1.675417661097852,1.675417661097852,133.02,134.6,136.63,133.02,4127779,22.16,22.42,22.76,22.16,24776585,-0.019999999999999574,-0.0009
2015-09-21,22.53,22.63,22.36,22.47,MNST,5680894,1.6885441527446299,1.6885441527446299,134.88,135.24,135.81,134.22,946437,22.47,22.53,22.63,22.36,5680894,0.10999999999999943,0.0049
2015-09-22,22.41,22.62,22.13,22.27,MNST,7945396,1.6742243436754174,1.6742243436754174,133.69,134.54,135.79,132.81,1323703,22.27,22.41,22.62,22.13,7945396,-0.120000000000001,-0.0053
2015-09-23,22.38,22.53,22.17,22.38,MNST,4185858,1.6706443914081142,1.6706443914081142,134.35,134.36,135.24,133.05,697364,22.38,22.38,22.53,22.17,4185858,-0.030000000000001137,-0.0013
2015-09-24,22.85,23.02,22.37,22.67,MNST,8849748,1.7267303102625298,1.7267303102625298,136.1,137.14,138.19,134.25,1474368,22.67,22.85,23.02,22.37,8849748,0.4700000000000024,0.021
2015-09-25,22.7,23.15,22.57,23.08,MNST,5091477,1.708830548926014,1.708830548926014,138.55,136.23,138.98,135.45,848240,23.08,22.7,23.15,22.57,5091477,-0.15000000000000213,-0.0066
2015-09-28,22.34,22.85,22.16,22.69,MNST,6864106,1.6658711217183768,1.6658711217183768,136.18,134.08,137.14,133.0,1143560,22.69,22.34,22.85,22.16,6864106,-0.35999999999999943,-0.0159
2015-09-29,22.42,22.53,22.21,22.38,MNST,6719040,1.675417661097852,1.675417661097852,134.33,134.55,135.22,133.28,1119392,22.38,22.42,22.53,22.21,6719040,0.08000000000000185,0.0036
2015-09-30,22.51,22.97,22.36,22.66,MNST,6360732,1.6861575178997612,1.6861575178997612,136.0,135.14,137.88,134.2,1059698,22.66,22.51,22.97,22.36,6360732,0.08999999999999986,0.004
2015-10-01,22.36,22.54,22.0,22.4,MNST,5774094,1.6682577565632455,1.6682577565632455,134.44,134.2,135.3,132.06,961964,22.4,22.36,22.54,22.0,5774094,-0.15000000000000213,-0.0067
2015-10-02,22.31,22.33,21.82,22.13,MNST,6343529,1.6622911694510736,1.6622911694510736,132.85,133.93,134.02,131.0,1056832,22.13,22.31,22.33,21.82,6343529,-0.05000000000000071,-0.0022
2015-10-05,22.51,22.89,22.34,22.48,MNST,7996062,1.6861575178997612,1.6861575178997612,134.96,135.12,137.4,134.1,1332144,22.48,22.51,22.89,22.34,7996062,0.20000000000000284,0.009
2015-10-06,22.31,22.66,22.25,22.52,MNST,4446050,1.6622911694510736,1.6622911694510736,135.15,133.9,136.0,133.57,740712,22.52,22.31,22.66,22.25,4446050,-0.20000000000000284,-0.0089
2015-10-07,22.43,22.64,22.18,22.41,MNST,5479664,1.676610978520286,1.676610978520286,134.52,134.66,135.87,133.12,912912,22.41,22.43,22.64,22.18,5479664,0.120000000000001,0.0054
2015-10-08,22.68,22.72,22.21,22.41,MNST,4832467,1.7064439140811454,1.7064439140811454,134.52,136.16,136.38,133.33,805089,22.41,22.68,22.72,22.21,4832467,0.25,0.0111
2015-10-09,22.9,23.11,22.46,22.64,MNST,5508241,1.7326968973747012,1.7326968973747012,135.91,137.43,138.73,134.82,917673,22.64,22.9,23.11,22.46,5508241,0.21999999999999886,0.0097
2015-10-12,22.9,23.1,22.81,22.91,MNST,2923830,1.7326968973747012,1.7326968973747012,137.5,137.46,138.63,136.93,487110,22.91,22.9,23.1,22.81,2923830,0.0,0.0
2015-10-13,21.94,22.92,21.88,22.89,MNST,6665546,1.6181384248210022,1.6181384248210022,137.38,131.68,137.6,131.35,1110480,22.89,21.94,22.92,21.88,6665546,-0.9599999999999973,-0.0419
2015-10-14,21.42,21.93,21.22,21.79,MNST,8161026,1.5560859188544152,1.5560859188544152,130.81,128.57,131.61,127.36,1359627,21.79,21.42,21.93,21.22,8161026,-0.5199999999999996,-0.0237
2015-10-15,21.75,21.8,21.21,21.53,MNST,6039244,1.5954653937947492,1.5954653937947492,129.22,130.56,130.87,127.34,1006138,21.53,21.75,21.8,21.21,6039244,0.3299999999999983,0.0154
2015-10-16,22.03,22.26,21.83,21.96,MNST,5045252,1.6288782816229115,1.6288782816229115,131.81,132.25,133.64,131.06,840539,21.96,22.03,22.26,21.83,5045252,0.28000000000000114,0.0129
2015-10-19,22.11,22.14,21.89,22.0,MNST,3751783,1.6384248210023864,1.6384248210023864,132.05,132.7,132.89,131.38,625047,22.0,22.11,22.14,21.89,3751783,0.0799999999999983,0.0036
2015-10-20,23.26,23.74,22.21,22.32,MNST,15831459,1.775656324582339,1.775656324582339,134.0,139.61,142.49,133.34,2637521,22.32,23.26,23.74,22.21,15831459,1.1500000000000021,0.052
2015-10-21,23.14,23.61,22.96,23.42,MNST,6812953,1.7613365155131262,1.7613365155131262,140.6,138.89,141.71,137.8,1135038,23.42,23.14,23.61,22.96,6812953,-0.120000000000001,-0.0052
2015-10-22,23.74,23.9,23.16,23.21,MNST,6540870,1.8329355608591882,1.8329355608591882,139.34,142.47,143.49,139.04,1089709,23.21,23.74,23.9,23.16,6540870,0.5999999999999979,0.0259
2015-10-23,23.59,23.84,23.24,23.83,MNST,4017191,1.8150357995226727,1.8150357995226727,143.06,141.58,143.07,139.52,669264,23.83,23.59,23.84,23.24,4017191,-0.14999999999999858,-0.0063
2015-10-26,23.57,23.91,23.41,23.57,MNST,6332005,1.812649164677804,1.812649164677804,141.46,141.46,143.5,140.5,1054912,23.57,23.57,23.91,23.41,6332005,-0.019999999999999574,-0.0008
2015-10-27,23.43,23.81,23.29,23.51,MNST,3746038,1.7959427207637229,1.7959427207637229,141.11,140.61,142.93,139.77,624090,23.51,23.43,23.81,23.29,3746038,-0.14000000000000057,-0.0059
2015-10-28,23.55,23.56,23.11,23.46,MNST,2995078,1.8102625298329353,1.8102625298329353,140.8,141.34,141.41,138.74,498980,23.46,23.55,23.56,23.11,2995078,0.120000000000001,0.0051
2015-10-29,22.76,23.34,22.32,23.34,MNST,9881543,1.7159904534606205,1.7159904534606205,140.08,136.64,140.08,133.96,1646265,23.34,22.76,23.34,22.32,9881543,-0.7899999999999991,-0.0335
2015-10-30,22.71,23.01,22.66,22.78,MNST,6521513,1.7100238663484486,1.7100238663484486,136.73,136.32,138.09,136.0,1086484,22.78,22.71,23.01,22.66,6521513,-0.05000000000000071,-0.0022
2015-11-02,22.49,22.72,22.22,22.65,MNST,4737029,1.683770883054892,1.683770883054892,135.95,134.98,136.39,133.35,789189,22.65,22.49,22.72,22.22,4737029,-0.22000000000000242,-0.0097
2015-11-03,22.44,22.74,22.08,22.34,MNST,6713986,1.6778042959427206,1.6778042959427206,134.09,134.7,136.5,132.53,1118550,22.34,22.44,22.74,22.08,6713986,-0.04999999999999716,-0.0022
2015-11-04,22.13,22.48,21.86,22.41,MNST,9377905,1.640811455847255,1.640811455847255,134.5,132.82,134.93,131.24,1562359,22.41,22.13,22.48,21.86,9377905,-0.3100000000000023,-0.0138
2015-11-05,22.03,22.29,21.8,22.25,MNST,10182833,1.6288782816229115,1.6288782816229115,133.53,132.24,133.77,130.83,1696460,22.25,22.03,22.29,21.8,10182833,-0.09999999999999787,-0.0045
2015-11-06,25.03,25.47,23.82,23.82,MNST,24986224,1.9868735083532216,1.9868735083532216,143.0,150.24,152.87,143.0,4162705,23.82,25.03,25.47,23.82,24986224,3.0,0.1362
2015-11-09,24.83,24.98,24.45,24.95,MNST,9156777,1.963007159904534,1.963007159904534,149.76,149.05,149.97,146.74,1525519,24.95,24.83,24.98,24.45,9156777,-0.20000000000000284,-0.008
2015-11-10,25.3,25.41,24.58,24.84,MNST,8852059,2.01909307875895,2.01909307875895,149.12,151.89,152.54,147.51,1474753,24.84,25.3,25.41,24.58,8852059,0.4700000000000024,0.0189
2015-11-11,25.33,25.64,25.01,25.52,MNST,9592041,2.0226730310262524,2.0226730310262524,153.16,152.05,153.9,150.12,1598034,25.52,25.33,25.64,25.01,9592041,0.029999999999997584,0.0012
2015-11-12,24.73,25.31,24.51,25.31,MNST,6200078,1.9510739856801909,1.9510739856801909,151.93,148.46,151.93,147.14,1032933,25.31,24.73,25.31,24.51,6200078,-0.5999999999999979,-0.0237
2015-11-13,24.45,24.99,24.35,24.66,MNST,5425102,1.9176610978520285,1.9176610978520285,148.02,146.73,150.0,146.15,903822,24.66,24.45,24.99,24.35,5425102,-0.28000000000000114,-0.0113
2015-11-16,24.57,24.58,24.16,24.52,MNST,4429796,1.9319809069212406,1.9319809069212406,147.15,147.47,147.52,145.02,738004,24.52,24.57,24.58,24.16,4429796,0.120000000000001,0.0049
2015-11-17,24.26,24.85,24.13,24.57,MNST,4905270,1.8949880668257755,1.8949880668257755,147.5,145.61,149.15,144.85,817218,24.57,24.26,24.85,24.13,4905270,-0.3099999999999987,-0.0126
2015-11-18,24.85,24.88,24.23,24.25,MNST,4576279,1.9653937947494031,1.9653937947494031,145.57,149.13,149.34,145.46,762408,24.25,24.85,24.88,24.23,4576279,0.5899999999999999,0.0243
2015-11-19,24.88,24.98,24.65,24.81,MNST,4490864,1.9689737470167064,1.9689737470167064,148.93,149.36,149.93,147.95,748178,24.81,24.88,24.98,24.65,4490864,0.029999999999997584,0.0012
2015-11-20,24.67,25.06,24.56,25.05,MNST,8915054,1.9439140811455844,1.9439140811455844,150.39,148.09,150.44,147.42,1485248,25.05,24.67,25.06,24.56,8915054,-0.2099999999999973,-0.0084
2015-11-23,25.06,25.38,24.74,24.76,MNST,7599658,1.9904534606205249,1.9904534606205249,148.6,150.41,152.32,148.51,1266103,24.76,25.06,25.38,24.74,7599658,0.389999999999997,0.0158
2015-11-24,25.37,25.47,24.84,25.09,MNST,6138950,2.0274463007159906,2.0274463007159906,150.58,152.26,152.86,149.1,1022749,25.09,25.37,25.47,24.84,6138950,0.3100000000000023,0.0124
2015-11-25,26.06,26.16,25.25,25.35,MNST,7013950,2.1097852028639617,2.1097852028639617,152.19,156.41,157.02,151.55,1168524,25.35,26.06,26.16,25.25,7013950,0.6899999999999977,0.0272
2015-11-27,26.08,26.27,25.92,26.06,MNST,2489886,2.11217183770883,2.11217183770883,156.41,156.54,157.66,155.59,414815,26.06,26.08,26.27,25.92,2489886,0.019999999999999574,0.0008
2015-11-30,25.76,26.38,25.71,26.11,MNST,7268031,2.073985680190931,2.073985680190931,156.71,154.61,158.35,154.35,1210854,26.11,25.76,26.38,25.71,7268031,-0.31999999999999673,-0.0123
2015-12-01,26.19,26.37,25.82,25.91,MNST,5875786,2.1252983293556085,2.1252983293556085,155.55,157.22,158.26,155.01,978906,25.91,26.19,26.37,25.82,5875786,0.4299999999999997,0.0167
2015-12-02,25.79,26.29,25.74,26.16,MNST,5347311,2.0775656324582332,2.0775656324582332,157.0,154.81,157.79,154.5,890862,26.16,25.79,26.29,25.74,5347311,-0.40000000000000213,-0.0153
2015-12-03,25.5,26.33,25.34,25.71,MNST,6567245,2.0429594272076366,2.0429594272076366,154.35,153.07,158.06,152.11,1094103,25.71,25.5,26.33,25.34,6567245,-0.28999999999999915,-0.0112
2015-12-04,26.11,26.37,25.5,25.5,MNST,6904172,2.115751789976133,2.115751789976133,153.09,156.69,158.27,153.09,1150235,25.5,26.11,26.37,25.5,6904172,0.6099999999999994,0.0239
2015-12-07,25.92,26.74,25.72,26.69,MNST,9579274,2.0930787589498805,2.0930787589498805,160.19,155.58,160.5,154.4,1595907,26.69,25.92,26.74,25.72,9579274,-0.18999999999999773,-0.0073
2015-12-08,26.07,26.26,25.57,25.78,MNST,7036357,2.1109785202863955,2.1109785202863955,154.74,156.5,157.62,153.51,1172257,25.78,26.07,26.26,25.57,7036357,0.14999999999999858,0.0058
2015-12-09,25.32,26.06,25.09,25.9,MNST,8061693,2.021479713603818,2.021479713603818,155.48,152.0,156.42,150.58,1343078,25.9,25.32,26.06,25.09,8061693,-0.75,-0.0288
2015-12-10,25.29,25.58,25.16,25.2,MNST,4489208,2.017899761336515,2.017899761336515,151.29,151.83,153.57,151.02,747902,25.2,25.29,25.58,25.16,4489208,-0.030000000000001137,-0.0012
2015-12-11,24.95,25.3,24.85,24.99,MNST,5559400,1.977326968973747,1.977326968973747,150.02,149.74,151.87,149.14,926196,24.99,24.95,25.3,24.85,5559400,-0.33999999999999986,-0.0134
2015-12-14,25.31,25.35,24.86,24.97,MNST,5074874,2.020286396181384,2.020286396181384,149.9,151.91,152.13,149.22,845474,24.97,25.31,25.35,24.86,5074874,0.35999999999999943,0.0144
2015-12-15,25.42,25.63,25.14,25.43,MNST,5561735,2.033412887828162,2.033412887828162,152.63,152.58,153.82,150.9,926585,25.43,25.42,25.63,25.14,5561735,0.11000000000000298,0.0043
2015-12-16,25.54,25.69,25.12,25.52,MNST,4780246,2.047732696897374,2.047732696897374,153.18,153.31,154.22,150.79,796389,25.52,25.54,25.69,25.12,4780246,0.11999999999999744,0.0047
2015-12-17,25.04,25.72,24.93,25.72,MNST,6189490,1.9880668257756557,1.9880668257756557,154.41,150.29,154.41,149.63,1031169,25.72,25.04,25.72,24.93,6189490,-0.5,-0.0196
2015-12-18,24.3,24.99,24.25,24.83,MNST,24433800,1.899761336515513,1.899761336515513,149.04,145.84,150.0,145.54,4070671,24.83,24.3,24.99,24.25,24433800,-0.7399999999999984,-0.0296
2015-12-21,24.57,24.85,24.32,24.53,MNST,5640492,1.9319809069212406,1.9319809069212406,147.21,147.48,149.17,145.95,939706,24.53,24.57,24.85,24.32,5640492,0.2699999999999996,0.0111
2015-12-22,24.57,24.71,24.26,24.68,MNST,4534022,1.9319809069212406,1.9319809069212406,148.11,147.5,148.29,145.62,755368,24.68,24.57,24.71,24.26,4534022,0.0,0.0
2015-12-23,24.57,24.97,24.54,24.78,MNST,4468061,1.9319809069212406,1.9319809069212406,148.76,147.47,149.9,147.32,744379,24.78,24.57,24.97,24.54,4468061,0.0,0.0
2015-12-24,24.79,24.94,24.58,24.63,MNST,2010780,1.9582338902147964,1.9582338902147964,147.84,148.82,149.7,147.53,334996,24.63,24.79,24.94,24.58,2010780,0.21999999999999886,0.009
2015-12-28,24.68,24.87,24.51,24.76,MNST,2633770,1.9451073985680185,1.9451073985680185,148.63,148.16,149.29,147.13,438786,24.76,24.68,24.87,24.51,2633770,-0.10999999999999943,-0.0044
2015-12-29,25.02,25.17,24.75,24.84,MNST,3397317,1.9856801909307875,1.9856801909307875,149.09,150.17,151.06,148.53,565993,24.84,25.02,25.17,24.75,3397317,0.33999999999999986,0.0138
2015-12-30,25.03,25.17,24.79,24.97,MNST,3544826,1.9868735083532216,1.9868735083532216,149.9,150.24,151.11,148.8,590568,24.97,25.03,25.17,24.79,3544826,0.010000000000001563,0.0004
2015-12-31,24.82,25.14,24.71,24.9,MNST,4330486,1.9618138424821,1.9618138424821,149.46,148.96,150.91,148.29,721459,24.9,24.82,25.14,24.71,4330486,-0.21000000000000085,-0.0084
2016-01-04,24.05,24.6,23.67,24.41,MNST,7981561,1.8699284009546537,1.8699284009546537,146.52,144.34,147.63,142.07,1329728,24.41,24.05,24.6,23.67,7981561,-0.7699999999999996,-0.031
2016-01-05,24.34,24.39,24.04,24.05,MNST,5535486,1.9045346062052504,1.9045346062052504,144.34,146.07,146.37,144.28,922212,24.05,24.34,24.39,24.04,5535486,0.28999999999999915,0.0121
2016-01-06,24.37,24.44,23.76,23.98,MNST,8917413,1.9081145584725536,1.9081145584725536,143.94,146.3,146.7,142.6,1485641,23.98,24.37,24.44,23.76,8917413,0.030000000000001137,0.0012
2016-01-07,24.19,24.38,23.85,23.93,MNST,7420426,1.886634844868735,1.886634844868735,143.66,145.2,146.36,143.15,1236243,23.93,24.19,24.38,23.85,7420426,-0.17999999999999972,-0.0074
2016-01-08,24.03,24.34,23.98,24.21,MNST,5030408,1.867541766109785,1.867541766109785,145.34,144.25,146.07,143.96,838066,24.21,24.03,24.34,23.98,5030408,-0.16000000000000014,-0.0066
2016-01-11,24.33,24.62,24.03,24.29,MNST,6410186,1.9033412887828158,1.9033412887828158,145.79,146.04,147.75,144.25,1067937,24.29,24.33,24.62,24.03,6410186,0.29999999999999716,0.0125
2016-01-12,24.54,24.88,24.36,24.46,MNST,7572659,1.9284009546539373,1.9284009546539373,146.79,147.3,149.32,146.22,1261605,24.46,24.54,24.88,24.36,7572659,0.21000000000000085,0.0086
2016-01-13,23.94,24.89,23.89,24.34,MNST,7822161,1.8568019093078758,1.8568019093078758,146.09,143.67,149.38,143.42,1303172,24.34,23.94,24.89,23.89,7822161,-0.5999999999999979,-0.0244
2016-01-14,23.73,24.13,23.42,24.03,MNST,6924280,1.831742243436754,1.831742243436754,144.24,142.42,144.85,140.58,1153585,24.03,23.73,24.13,23.42,6924280,-0.21000000000000085,-0.0088
2016-01-15,23.51,23.68,23.06,23.14,MNST,8900036,1.805489260143198,1.805489260143198,138.89,141.13,142.11,138.43,1482746,23.14,23.51,23.68,23.06,8900036,-0.21999999999999886,-0.0093
2016-01-19,24.12,24.33,23.75,23.84,MNST,7284910,1.8782816229116943,1.8782816229116943,143.11,144.76,146.01,142.58,1213666,23.84,24.12,24.33,23.75,7284910,0.6099999999999994,0.0259
2016-01-20,23.33,23.9,22.57,23.87,MNST,11187113,1.784009546539379,1.784009546539379,143.3,140.02,143.47,135.46,1863773,23.87,23.33,23.9,22.57,11187113,-0.7900000000000027,-0.0328
2016-01-21,22.99,23.66,22.8,23.59,MNST,10320696,1.7434367541766105,1.7434367541766105,141.57,138.02,142.0,136.83,1719428,23.59,22.99,23.66,22.8,10320696,-0.33999999999999986,-0.0146
2016-01-22,24.02,24.06,22.96,23.25,MNST,9930312,1.8663484486873505,1.8663484486873505,139.58,144.16,144.41,137.8,1654390,23.25,24.02,24.06,22.96,9930312,1.0300000000000011,0.0448
2016-01-25,23.34,23.97,23.31,23.87,MNST,5965642,1.7852028639618136,1.7852028639618136,143.26,140.09,143.85,139.89,993876,23.87,23.34,23.97,23.31,5965642,-0.6799999999999997,-0.0283
2016-01-26,23.17,23.56,23.04,23.36,MNST,4792929,1.7649164677804294,1.7649164677804294,140.24,139.05,141.4,138.31,798502,23.36,23.17,23.56,23.04,4792929,-0.16999999999999815,-0.0073
2016-01-27,22.99,23.24,22.84,23.23,MNST,5164328,1.7434367541766105,1.7434367541766105,139.43,137.97,139.47,137.1,860377,23.23,22.99,23.24,22.84,5164328,-0.18000000000000327,-0.0078
2016-01-28,22.86,23.17,22.66,23.12,MNST,7371711,1.7279236276849639,1.7279236276849639,138.8,137.2,139.08,136.04,1228127,23.12,22.86,23.17,22.66,7371711,-0.129999999999999,-0.0057
2016-01-29,22.5,22.83,21.41,22.83,MNST,45844286,1.6849642004773266,1.6849642004773266,137.05,135.03,137.05,128.53,7637658,22.83,22.5,22.83,21.41,45844286,-0.35999999999999943,-0.0157
2016-02-01,22.9,23.07,22.53,22.87,MNST,11706026,1.7326968973747012,1.7326968973747012,137.25,137.43,138.47,135.25,1950224,22.87,22.9,23.07,22.53,11706026,0.3999999999999986,0.0178
2016-02-02,22.68,23.08,22.46,22.74,MNST,7825048,1.7064439140811454,1.7064439140811454,136.5,136.12,138.51,134.8,1303653,22.74,22.68,23.08,22.46,7825048,-0.21999999999999886,-0.0096
2016-02-03,22.48,23.04,22.19,22.8,MNST,8711056,1.682577565632458,1.682577565632458,136.86,134.92,138.28,133.19,1451262,22.8,22.48,23.04,22.19,8711056,-0.1999999999999993,-0.0088
2016-02-04,21.4,22.45,21.27,22.43,MNST,13592731,1.553699284009546,1.553699284009546,134.62,128.46,134.75,127.68,2264549,22.43,21.4,22.45,21.27,13592731,-1.0800000000000018,-0.048
2016-02-05,20.61,21.35,20.52,21.2,MNST,18544064,1.4594272076372312,1.4594272076372312,127.25,123.73,128.15,123.19,3089441,21.2,20.61,21.35,20.52,18544064,-0.7899999999999991,-0.0369
2016-02-08,19.61,20.33,19.28,20.27,MNST,17156255,1.3400954653937944,1.3400954653937944,121.65,117.72,122.04,115.75,2858232,20.27,19.61,20.33,19.28,17156255,-1.0,-0.0485
2016-02-09,19.81,20.12,19.33,19.42,MNST,10319226,1.3639618138424818,1.3639618138424818,116.58,118.91,120.75,116.05,1719183,19.42,19.81,20.12,19.33,10319226,0.1999999999999993,0.0102
2016-02-10,19.46,20.22,19.28,20.1,MNST,7585816,1.3221957040572792,1.3221957040572792,120.65,116.82,121.35,115.72,1263797,20.1,19.46,20.22,19.28,7585816,-0.34999999999999787,-0.0177
2016-02-11,19.81,19.97,18.84,19.14,MNST,12105720,1.3639618138424818,1.3639618138424818,114.88,118.9,119.86,113.08,2016813,19.14,19.81,19.97,18.84,12105720,0.34999999999999787,0.018
2016-02-12,20.39,20.6,19.85,20.3,MNST,8921945,1.4331742243436754,1.4331742243436754,121.87,122.37,123.62,119.17,1486396,20.3,20.39,20.6,19.85,8921945,0.5800000000000018,0.0293
2016-02-16,20.71,20.9,20.35,20.55,MNST,10372461,1.471360381861575,1.471360381861575,123.36,124.31,125.46,122.15,1728052,20.55,20.71,20.9,20.35,10372461,0.3200000000000003,0.0157
2016-02-17,20.9,21.15,20.62,20.71,MNST,9018151,1.4940334128878276,1.4940334128878276,124.31,125.44,126.93,123.75,1502424,20.71,20.9,21.15,20.62,9018151,0.18999999999999773,0.0092
2016-02-18,21.0,21.22,20.84,20.92,MNST,7155990,1.5059665871121717,1.5059665871121717,125.58,126.07,127.37,125.07,1192188,20.92,21.0,21.22,20.84,7155990,0.10000000000000142,0.0048
2016-02-19,21.25,21.56,20.76,20.96,MNST,9892845,1.5357995226730308,1.5357995226730308,125.81,127.58,129.4,124.62,1648148,20.96,21.25,21.56,20.76,9892845,0.25,0.0119
2016-02-22,21.63,21.71,21.33,21.42,MNST,7809352,1.5811455847255367,1.5811455847255367,128.59,129.81,130.33,128.03,1301038,21.42,21.63,21.71,21.33,7809352,0.379999999999999,0.0179
2016-02-23,21.46,21.79,21.33,21.5,MNST,7447395,1.5608591885441525,1.5608591885441525,129.06,128.79,130.8,128.05,1240736,21.5,21.46,21.79,21.33,7447395,-0.16999999999999815,-0.0079
2016-02-24,22.06,22.18,21.02,21.33,MNST,10791399,1.6324582338902145,1.6324582338902145,128.05,132.4,133.16,126.19,1797847,21.33,22.06,22.18,21.02,10791399,0.5999999999999979,0.028
2016-02-25,22.18,22.22,21.76,21.99,MNST,12863289,1.646778042959427,1.646778042959427,132.01,133.11,133.4,130.59,2143024,21.99,22.18,22.22,21.76,12863289,0.120000000000001,0.0054
2016-02-26,21.79,22.27,21.1,21.28,MNST,30029490,1.6002386634844865,1.6002386634844865,127.75,130.79,133.67,126.64,5002913,21.28,21.79,22.27,21.1,30029490,-0.39000000000000057,-0.0176
2016-02-29,20.91,21.73,20.91,21.73,MNST,13430984,1.4952267303102622,1.4952267303102622,130.46,125.5,130.46,125.49,2237602,21.73,20.91,21.73,20.91,13430984,-0.879999999999999,-0.0404
2016-03-01,21.61,21.64,20.87,21.01,MNST,13313265,1.578758949880668,1.578758949880668,126.09,129.73,129.88,125.26,2217990,21.01,21.61,21.64,20.87,13313265,0.6999999999999993,0.0335
2016-03-02,21.28,21.57,21.16,21.51,MNST,7049070,1.539379474940334,1.539379474940334,129.12,127.75,129.49,126.99,1174375,21.51,21.28,21.57,21.16,7049070,-0.3299999999999983,-0.0153
2016-03-03,21.4,21.42,21.02,21.23,MNST,5767719,1.553699284009546,1.553699284009546,127.43,128.47,128.58,126.2,960902,21.23,21.4,21.42,21.02,5767719,0.11999999999999744,0.0056
2016-03-04,21.47,21.54,21.23,21.46,MNST,5495192,1.5620525059665868,1.5620525059665868,128.82,128.89,129.32,127.46,915499,21.46,21.47,21.54,21.23,5495192,0.07000000000000028,0.0033
2016-03-07,21.32,21.46,21.07,21.31,MNST,9634682,1.5441527446300713,1.5441527446300713,127.9,127.99,128.78,126.5,1605138,21.31,21.32,21.46,21.07,9634682,-0.14999999999999858,-0.007
2016-03-08,21.55,21.85,21.14,21.23,MNST,7687839,1.571599045346062,1.571599045346062,127.45,129.33,131.16,126.87,1280794,21.23,21.55,21.85,21.14,7687839,0.23000000000000043,0.0108
2016-03-09,21.67,21.77,21.45,21.48,MNST,3949670,1.5859188544152745,1.5859188544152745,128.96,130.07,130.66,128.74,658015,21.48,21.67,21.77,21.45,3949670,0.120000000000001,0.0056
2016-03-10,21.93,22.07,21.63,21.82,MNST,7533535,1.6169451073985677,1.6169451073985677,130.99,131.65,132.5,129.85,1255087,21.82,21.93,22.07,21.63,7533535,0.259999999999998,0.012
2016-03-11,22.3,22.4,21.94,22.11,MNST,6373097,1.6610978520286395,1.6610978520286395,132.69,133.86,134.48,131.7,1061758,22.11,22.3,22.4,21.94,6373097,0.370000000000001,0.0169
2016-03-14,21.98,22.3,21.82,22.2,MNST,5766146,1.6229116945107396,1.6229116945107396,133.25,131.96,133.85,131.0,960640,22.2,21.98,22.3,21.82,5766146,-0.3200000000000003,-0.0143
2016-03-15,21.99,22.12,21.71,21.88,MNST,5564118,1.6241050119331737,1.6241050119331737,131.36,131.98,132.75,130.3,926982,21.88,21.99,22.12,21.71,5564118,0.00999999999999801,0.0005
2016-03-16,22.69,22.73,22.16,22.21,MNST,7814208,1.70763723150358,1.70763723150358,133.33,136.18,136.44,133.0,1301847,22.21,22.69,22.73,22.16,7814208,0.7000000000000028,0.0318
2016-03-17,22.69,22.76,22.46,22.63,MNST,6401519,1.70763723150358,1.70763723150358,135.83,136.18,136.64,134.81,1066493,22.63,22.69,22.76,22.46,6401519,0.0,0.0
2016-03-18,22.75,22.93,22.59,22.74,MNST,10928229,1.714797136038186,1.714797136038186,136.48,136.53,137.63,135.6,1820643,22.74,22.75,22.93,22.59,10928229,0.05999999999999872,0.0026
2016-03-21,22.41,22.65,22.37,22.61,MNST,7112179,1.6742243436754174,1.6742243436754174,135.73,134.52,135.96,134.25,1184889,22.61,22.41,22.65,22.37,7112179,-0.33999999999999986,-0.0149
2016-03-22,22.42,22.56,22.16,22.31,MNST,6506537,1.675417661097852,1.675417661097852,133.91,134.6,135.42,133.03,1083989,22.31,22.42,22.56,22.16,6506537,0.010000000000001563,0.0004
2016-03-23,22.13,22.57,22.12,22.28,MNST,5370240,1.640811455847255,1.640811455847255,133.71,132.83,135.49,132.78,894682,22.28,22.13,22.57,22.12,5370240,-0.2900000000000027,-0.0129
2016-03-24,21.87,22.08,21.53,22.08,MNST,6717983,1.6097852028639617,1.6097852028639617,132.55,131.25,132.55,129.25,1119216,22.08,21.87,22.08,21.53,6717983,-0.259999999999998,-0.0117
2016-03-28,22.2,22.41,21.96,21.98,MNST,4739922,1.6491646778042957,1.6491646778042957,131.93,133.24,134.49,131.8,789671,21.98,22.2,22.41,21.96,4739922,0.3299999999999983,0.0151
2016-03-29,22.26,22.36,22.09,22.09,MNST,4082551,1.6563245823389021,1.6563245823389021,132.6,133.61,134.23,132.6,680153,22.09,22.26,22.36,22.09,4082551,0.060000000000002274,0.0027
2016-03-30,22.47,22.6,22.21,22.45,MNST,4324250,1.6813842482100234,1.6813842482100234,134.74,134.9,135.68,133.31,720420,22.45,22.47,22.6,22.21,4324250,0.2099999999999973,0.0094
2016-03-31,22.22,22.48,22.17,22.43,MNST,4776723,1.6515513126491643,1.6515513126491643,134.65,133.38,134.92,133.1,795802,22.43,22.22,22.48,22.17,4776723,-0.25,-0.0111
2016-04-01,22.46,22.59,22.0,22.21,MNST,5998253,1.6801909307875893,1.6801909307875893,133.34,134.79,135.6,132.08,999309,22.21,22.46,22.59,22.0,5998253,0.240000000000002,0.0108
2016-04-04,22.45,22.56,22.19,22.46,MNST,5035000,1.6789976133651547,1.6789976133651547,134.84,134.77,135.41,133.2,838831,22.46,22.45,22.56,22.19,5035000,-0.010000000000001563,-0.0004
2016-04-05,22.43,22.62,22.21,22.35,MNST,9967527,1.676610978520286,1.676610978520286,134.16,134.62,135.8,133.31,1660590,22.35,22.43,22.62,22.21,9967527,-0.019999999999999574,-0.0009
2016-04-06,22.35,22.46,22.1,22.43,MNST,5311867,1.6670644391408114,1.6670644391408114,134.61,134.17,134.8,132.68,884957,22.43,22.35,22.46,22.1,5311867,-0.0799999999999983,-0.0036
2016-04-07,21.98,22.34,21.76,22.24,MNST,6720816,1.6229116945107396,1.6229116945107396,133.49,131.96,134.08,130.64,1119688,22.24,21.98,22.34,21.76,6720816,-0.370000000000001,-0.0166
2016-04-08,22.09,22.24,21.97,22.14,MNST,4833962,1.6360381861575177,1.6360381861575177,132.89,132.58,133.47,131.89,805338,22.14,22.09,22.24,21.97,4833962,0.10999999999999943,0.005
2016-04-11,21.76,22.18,21.72,22.05,MNST,4484448,1.5966587112171837,1.5966587112171837,132.36,130.64,133.13,130.37,747109,22.05,21.76,22.18,21.72,4484448,-0.3299999999999983,-0.0149
2016-04-12,21.69,21.85,21.47,21.76,MNST,5774346,1.5883054892601431,1.5883054892601431,130.63,130.19,131.15,128.87,962006,21.76,21.69,21.85,21.47,5774346,-0.07000000000000028,-0.0032
2016-04-13,21.47,21.79,21.29,21.77,MNST,6439010,1.5620525059665868,1.5620525059665868,130.67,128.88,130.81,127.77,1072739,21.77,21.47,21.79,21.29,6439010,-0.22000000000000242,-0.0101
2016-04-14,21.4,21.71,21.04,21.44,MNST,20532305,1.553699284009546,1.553699284009546,128.72,128.44,130.32,126.31,3420682,21.44,21.4,21.71,21.04,20532305,-0.07000000000000028,-0.0033
2016-04-15,21.38,21.59,20.96,21.44,MNST,11049436,1.5513126491646774,1.5513126491646774,128.72,128.33,129.62,125.79,1840836,21.44,21.38,21.59,20.96,11049436,-0.019999999999999574,-0.0009
2016-04-18,21.27,21.47,21.23,21.39,MNST,5050942,1.5381861575178994,1.5381861575178994,128.4,127.65,128.87,127.44,841487,21.39,21.27,21.47,21.23,5050942,-0.10999999999999943,-0.0051
2016-04-19,21.54,21.69,20.99,21.3,MNST,18762161,1.5704057279236274,1.5704057279236274,127.83,129.31,130.22,126.01,3125776,21.3,21.54,21.69,20.99,18762161,0.2699999999999996,0.0127
2016-04-20,21.11,21.61,21.08,21.52,MNST,6241921,1.5190930787589496,1.5190930787589496,129.16,126.69,129.7,126.52,1039904,21.52,21.11,21.61,21.08,6241921,-0.4299999999999997,-0.02
2016-04-21,20.75,21.1,20.71,21.0,MNST,9985738,1.4761336515513124,1.4761336515513124,126.04,124.54,126.67,124.3,1663624,21.0,20.75,21.1,20.71,9985738,-0.35999999999999943,-0.0171
2016-04-22,20.49,20.73,20.25,20.65,MNST,15233025,1.4451073985680187,1.4451073985680187,123.93,122.99,124.45,121.55,2537822,20.65,20.49,20.73,20.25,15233025,-0.26000000000000156,-0.0125
2016-04-25,20.81,20.94,20.25,20.38,MNST,7613469,1.4832935560859184,1.4832935560859184,122.32,124.92,125.67,121.52,1268404,20.38,20.81,20.94,20.25,7613469,0.3200000000000003,0.0156
2016-04-26,20.62,20.87,20.59,20.79,MNST,6577215,1.4606205250596658,1.4606205250596658,124.8,123.78,125.27,123.57,1095764,20.79,20.62,20.87,20.59,6577215,-0.18999999999999773,-0.0091
2016-04-27,20.56,20.67,20.14,20.6,MNST,11572773,1.4534606205250593,1.4534606205250593,123.66,123.43,124.08,120.91,1928024,20.6,20.56,20.67,20.14,11572773,-0.060000000000002274,-0.0029
2016-04-28,21.3,21.37,20.59,20.62,MNST,19533199,1.5417661097852027,1.5417661097852027,123.78,127.84,128.26,123.58,3254231,20.62,21.3,21.37,20.59,19533199,0.740000000000002,0.036
2016-04-29,24.03,24.3,23.32,23.94,MNST,31001387,1.867541766109785,1.867541766109785,143.67,144.22,145.88,140.0,5164831,23.94,24.03,24.3,23.32,31001387,2.7300000000000004,0.1282
2016-05-02,24.65,25.11,24.05,24.06,MNST,22001056,1.9415274463007153,1.9415274463007153,144.41,147.93,150.7,144.35,3665376,24.06,24.65,25.11,24.05,22001056,0.6199999999999974,0.0258
2016-05-03,24.38,24.62,24.24,24.5,MNST,7448691,1.9093078758949877,1.9093078758949877,147.08,146.32,147.75,145.5,1240952,24.5,24.38,24.62,24.24,7448691,-0.2699999999999996,-0.011
2016-05-04,24.38,24.54,24.04,24.17,MNST,6568968,1.9093078758949877,1.9093078758949877,145.07,146.35,147.3,144.28,1094390,24.17,24.38,24.54,24.04,6568968,0.0,0.0
2016-05-05,24.32,24.63,24.19,24.53,MNST,5067281,1.9021479713603817,1.9021479713603817,147.21,145.95,147.86,145.18,844209,24.53,24.32,24.63,24.19,5067281,-0.05999999999999872,-0.0025
2016-05-06,24.68,24.76,24.18,24.28,MNST,8445804,1.9451073985680185,1.9451073985680185,145.71,148.13,148.64,145.11,1407071,24.28,24.68,24.76,24.18,8445804,0.35999999999999943,0.0148
2016-05-09,24.79,24.92,24.59,24.74,MNST,6285204,1.9582338902147964,1.9582338902147964,148.48,148.79,149.6,147.62,1047115,24.74,24.79,24.92,24.59,6285204,0.10999999999999943,0.0045
2016-05-10,25.51,25.65,25.16,25.16,MNST,22479946,2.044152744630072,2.044152744630072,151.0,153.1,153.96,151.0,3745159,25.16,25.51,25.65,25.16,22479946,0.7200000000000024,0.029
2016-05-11,25.06,25.55,24.92,25.37,MNST,10003283,1.9904534606205249,1.9904534606205249,152.27,150.43,153.36,149.55,1666547,25.37,25.06,25.55,24.92,10003283,-0.45000000000000284,-0.0176
2016-05-12,25.02,25.22,24.84,25.13,MNST,8703565,1.9856801909307875,1.9856801909307875,150.83,150.17,151.4,149.08,1450014,25.13,25.02,25.22,24.84,8703565,-0.03999999999999915,-0.0016
2016-05-13,24.76,25.02,24.62,24.91,MNST,5510204,1.954653937947494,1.954653937947494,149.5,148.61,150.17,147.78,918000,24.91,24.76,25.02,24.62,5510204,-0.259999999999998,-0.0104
2016-05-16,25.11,25.15,24.74,24.74,MNST,5103956,1.9964200477326963,1.9964200477326963,148.5,150.72,150.99,148.5,850319,24.74,25.11,25.15,24.74,5103956,0.34999999999999787,0.0141
2016-05-17,24.87,25.1,24.78,24.99,MNST,8176002,1.9677804295942722,1.9677804295942722,150.0,149.3,150.66,148.75,1362122,24.99,24.87,25.1,24.78,8176002,-0.23999999999999844,-0.0096
2016-05-18,24.79,25.11,24.72,24.81,MNST,11009106,1.9582338902147964,1.9582338902147964,148.93,148.82,150.73,148.35,1834117,24.81,24.79,25.11,24.72,11009106,-0.08000000000000185,-0.0032
2016-05-19,24.73,24.87,24.57,24.61,MNST,4784472,1.9510739856801909,1.9510739856801909,147.73,148.46,149.3,147.49,797093,24.61,24.73,24.87,24.57,4784472,-0.05999999999999872,-0.0024
2016-05-20,24.64,24.89,24.59,24.75,MNST,5608625,1.9403341288782812,1.9403341288782812,148.54,147.9,149.37,147.57,934397,24.75,24.64,24.89,24.59,5608625,-0.08999999999999986,-0.0036
2016-05-23,24.71,24.83,24.61,24.68,MNST,5971062,1.9486873508353217,1.9486873508353217,148.13,148.33,149.06,147.71,994779,24.68,24.71,24.83,24.61,5971062,0.07000000000000028,0.0028
2016-05-24,25.01,25.08,24.77,24.86,MNST,7115114,1.9844868735083534,1.9844868735083534,149.24,150.11,150.56,148.69,1185378,24.86,25.01,25.08,24.77,7115114,0.3000000000000007,0.0121
2016-05-25,24.91,25.16,24.82,24.95,MNST,9095912,1.9725536992840096,1.9725536992840096,149.77,149.53,151.05,149.0,1515379,24.95,24.91,25.16,24.82,9095912,-0.10000000000000142,-0.004
2016-05-26,24.99,25.13,24.95,24.95,MNST,4779736,1.9821002386634843,1.9821002386634843,149.74,150.01,150.82,149.74,796304,24.95,24.99,25.13,24.95,4779736,0.0799999999999983,0.0032
2016-05-27,25.07,25.16,24.96,25.04,MNST,3968313,1.991646778042959,1.991646778042959,150.29,150.51,151.0,149.84,661121,25.04,25.07,25.16,24.96,3968313,0.08000000000000185,0.0032
2016-05-31,24.99,25.2,24.85,25.07,MNST,8609088,1.9821002386634843,1.9821002386634843,150.47,150.0,151.28,149.13,1434274,25.07,24.99,25.2,24.85,8609088,-0.08000000000000185,-0.0032
2016-06-01,25.22,25.34,24.91,25.01,MNST,8552953,2.0095465393794743,2.0095465393794743,150.1,151.4,152.09,149.5,1424922,25.01,25.22,25.34,24.91,8552953,0.23000000000000043,0.0092
2016-06-02,25.4,25.4,25.11,25.16,MNST,4650234,2.0310262529832928,2.0310262529832928,151.02,152.46,152.49,150.72,774729,25.16,25.4,25.4,25.11,4650234,0.17999999999999972,0.0071
2016-06-03,25.47,25.57,25.25,25.38,MNST,6140318,2.0393794749403336,2.0393794749403336,152.35,152.86,153.49,151.59,1022977,25.38,25.47,25.57,25.25,6140318,0.07000000000000028,0.0028
2016-06-06,25.72,25.85,25.4,25.43,MNST,21288553,2.069212410501193,2.069212410501193,152.64,154.36,155.15,152.49,3546673,25.43,25.72,25.85,25.4,21288553,0.25,0.0098
2016-06-07,25.63,25.88,25.51,25.84,MNST,13530528,2.058472553699284,2.058472553699284,155.1,153.82,155.33,153.14,2254186,25.84,25.63,25.88,25.51,13530528,-0.08999999999999986,-0.0035
2016-06-08,25.85,26.14,25.49,25.57,MNST,22072593,2.0847255369928397,2.0847255369928397,153.51,155.18,156.93,153.01,3677294,25.57,25.85,26.14,25.49,22072593,0.22000000000000242,0.0086
2016-06-09,25.82,26.44,25.5,25.92,MNST,26591897,2.0811455847255367,2.0811455847255367,155.6,155.01,158.69,153.04,4430210,25.92,25.82,26.44,25.5,26591897,-0.030000000000001137,-0.0012
2016-06-10,25.58,25.82,25.47,25.65,MNST,7000378,2.0525059665871113,2.0525059665871113,153.95,153.54,154.98,152.87,1166263,25.65,25.58,25.82,25.47,7000378,-0.240000000000002,-0.0093
2016-06-13,25.12,25.59,25.11,25.58,MNST,9687557,1.9976133651551313,1.9976133651551313,153.54,150.78,153.59,150.73,1613947,25.58,25.12,25.59,25.11,9687557,-0.4599999999999973,-0.018
2016-06-14,25.49,25.57,24.88,25.11,MNST,13255492,2.0417661097852027,2.0417661097852027,150.74,152.98,153.5,149.36,2208365,25.11,25.49,25.57,24.88,13255492,0.36999999999999744,0.0147
2016-06-15,25.59,25.91,25.58,25.62,MNST,10236164,2.0536992840095465,2.0536992840095465,153.8,153.63,155.5,153.56,1705345,25.62,25.59,25.91,25.58,10236164,0.10000000000000142,0.0039
2016-06-16,25.96,26.06,25.34,25.47,MNST,10061146,2.097852028639618,2.097852028639618,152.89,155.82,156.45,152.09,1676187,25.47,25.96,26.06,25.34,10061146,0.370000000000001,0.0145
2016-06-17,25.99,26.1,25.68,25.91,MNST,15058025,2.101431980906921,2.101431980906921,155.51,155.98,156.67,154.12,2508667,25.91,25.99,26.1,25.68,15058025,0.029999999999997584,0.0012
2016-06-20,26.02,26.2,25.99,26.09,MNST,11844538,2.1050119331742243,2.1050119331742243,156.6,156.17,157.27,155.98,1973300,26.09,26.02,26.2,25.99,11844538,0.030000000000001137,0.0012
2016-06-21,26.29,26.38,25.98,26.08,MNST,7390612,2.137231503579952,2.137231503579952,156.52,157.83,158.34,155.96,1231276,26.08,26.29,26.38,25.98,7390612,0.2699999999999996,0.0104
2016-06-22,26.14,26.27,26.08,26.22,MNST,6248884,2.1193317422434363,2.1193317422434363,157.4,156.93,157.67,156.54,1041064,26.22,26.14,26.27,26.08,6248884,-0.14999999999999858,-0.0057
2016-06-23,26.23,26.42,25.98,26.41,MNST,5902899,2.130071599045346,2.130071599045346,158.5,157.42,158.6,155.96,983423,26.41,26.23,26.42,25.98,5902899,0.08999999999999986,0.0034
2016-06-24,25.56,25.91,25.35,25.35,MNST,23435096,2.050119331742243,2.050119331742243,152.15,153.44,155.53,152.15,3904287,25.35,25.56,25.91,25.35,23435096,-0.6700000000000017,-0.0255
2016-06-27,25.79,25.87,25.21,25.5,MNST,10090636,2.0775656324582332,2.0775656324582332,153.04,154.81,155.29,151.35,1681100,25.5,25.79,25.87,25.21,10090636,0.23000000000000043,0.009
2016-06-28,25.73,25.9,25.49,25.76,MNST,6028295,2.0704057279236276,2.0704057279236276,154.62,154.46,155.46,153.01,1004314,25.76,25.73,25.9,25.49,6028295,-0.05999999999999872,-0.0023
2016-06-29,26.3,26.3,25.77,25.8,MNST,5887845,2.1384248210023866,2.1384248210023866,154.89,157.85,157.86,154.69,980915,25.8,26.3,26.3,25.77,5887845,0.5700000000000003,0.0222
2016-06-30,26.77,26.8,26.11,26.35,MNST,8920660,2.194510739856802,2.194510739856802,158.19,160.71,160.85,156.74,1486182,26.35,26.77,26.8,26.11,8920660,0.46999999999999886,0.0179
2016-07-01,26.61,26.97,26.57,26.81,MNST,4073980,2.1754176610978515,2.1754176610978515,160.92,159.73,161.91,159.49,678725,26.81,26.61,26.97,26.57,4073980,-0.16000000000000014,-0.006
2016-07-05,26.81,26.99,26.49,26.57,MNST,4155528,2.199284009546539,2.199284009546539,159.46,160.91,161.98,158.99,692311,26.57,26.81,26.99,26.49,4155528,0.1999999999999993,0.0075
2016-07-06,26.87,26.94,26.66,26.77,MNST,7364478,2.2064439140811456,2.2064439140811456,160.69,161.26,161.72,160.05,1226922,26.77,26.87,26.94,26.66,7364478,0.060000000000002274,0.0022
2016-07-07,26.84,27.04,26.67,26.95,MNST,4662779,2.2028639618138426,2.2028639618138426,161.78,161.12,162.33,160.1,776819,26.95,26.84,27.04,26.67,4662779,-0.030000000000001137,-0.0011
2016-07-08,26.91,27.02,26.82,26.98,MNST,4817407,2.211217183770883,2.211217183770883,161.92,161.5,162.19,160.99,802580,26.98,26.91,27.02,26.82,4817407,0.07000000000000028,0.0026
2016-07-11,26.82,27.08,26.72,26.91,MNST,4234694,2.2004773269689735,2.2004773269689735,161.5,161.0,162.56,160.36,705500,26.91,26.82,27.08,26.72,4234694,-0.08999999999999986,-0.0033
2016-07-12,26.79,26.93,26.66,26.84,MNST,5042533,2.19689737470167,2.19689737470167,161.09,160.79,161.64,160.0,840086,26.84,26.79,26.93,26.66,5042533,-0.030000000000001137,-0.0011
2016-07-13,26.95,27.12,26.71,26.89,MNST,4155642,2.2159904534606203,2.2159904534606203,161.39,161.78,162.77,160.34,692330,26.89,26.95,27.12,26.71,4155642,0.16000000000000014,0.006
2016-07-14,27.01,27.02,26.77,27.0,MNST,3071705,2.2231503579952268,2.2231503579952268,162.09,162.11,162.2,160.68,511746,27.0,27.01,27.02,26.77,3071705,0.060000000000002274,0.0022
2016-07-15,26.92,27.1,26.64,27.08,MNST,3889040,2.2124105011933173,2.2124105011933173,162.53,161.6,162.67,159.92,647914,27.08,26.92,27.1,26.64,3889040,-0.08999999999999986,-0.0033
2016-07-18,25.91,26.57,25.45,26.47,MNST,12140768,2.091885441527446,2.091885441527446,158.9,155.54,159.47,152.75,2022652,26.47,25.91,26.57,25.45,12140768,-1.0100000000000016,-0.0375
2016-07-19,26.22,26.3,25.76,25.82,MNST,5114292,2.128878281622911,2.128878281622911,154.96,157.37,157.87,154.64,852041,25.82,26.22,26.3,25.76,5114292,0.3099999999999987,0.012
2016-07-20,26.34,26.39,26.13,26.26,MNST,3520360,2.143198090692124,2.143198090692124,157.61,158.11,158.38,156.87,586492,26.26,26.34,26.39,26.13,3520360,0.120000000000001,0.0046
2016-07-21,26.33,26.52,26.24,26.34,MNST,3057215,2.142004773269689,2.142004773269689,158.1,158.06,159.21,157.49,509332,26.34,26.33,26.52,26.24,3057215,-0.010000000000001563,-0.0004
2016-07-22,26.75,26.81,26.45,26.54,MNST,3095102,2.1921241050119327,2.1921241050119327,159.31,160.58,160.91,158.74,515644,26.54,26.75,26.81,26.45,3095102,0.4200000000000017,0.016
2016-07-25,26.67,26.75,26.53,26.71,MNST,2436531,2.182577565632458,2.182577565632458,160.34,160.07,160.55,159.25,405926,26.71,26.67,26.75,26.53,2436531,-0.0799999999999983,-0.003
2016-07-26,26.43,26.67,26.29,26.64,MNST,3415438,2.153937947494033,2.153937947494033,159.91,158.62,160.07,157.83,569012,26.64,26.43,26.67,26.29,3415438,-0.240000000000002,-0.009
2016-07-27,26.24,26.47,25.96,26.34,MNST,3978133,2.13126491646778,2.13126491646778,158.12,157.51,158.89,155.85,662757,26.34,26.24,26.47,25.96,3978133,-0.19000000000000128,-0.0072
2016-07-28,26.56,26.69,26.12,26.24,MNST,3057815,2.16945107398568,2.16945107398568,157.53,159.44,160.18,156.81,509432,26.24,26.56,26.69,26.12,3057815,0.3200000000000003,0.0122
2016-07-29,26.76,26.82,26.51,26.62,MNST,3457011,2.1933174224343674,2.1933174224343674,159.76,160.63,160.99,159.12,575938,26.62,26.76,26.82,26.51,3457011,0.20000000000000284,0.0075
2016-08-01,26.84,27.02,26.69,26.71,MNST,3757665,2.2028639618138426,2.2028639618138426,160.34,161.08,162.19,160.2,626027,26.71,26.84,27.02,26.69,3757665,0.0799999999999983,0.003
2016-08-02,26.54,26.81,26.26,26.77,MNST,4855828,2.1670644391408107,2.1670644391408107,160.66,159.3,160.93,157.62,808981,26.77,26.54,26.81,26.26,4855828,-0.3000000000000007,-0.0112
2016-08-03,26.28,26.58,26.19,26.58,MNST,5113151,2.1360381861575175,2.1360381861575175,159.53,157.77,159.53,157.18,851851,26.58,26.28,26.58,26.19,5113151,-0.259999999999998,-0.0098
2016-08-04,26.42,26.57,26.07,26.33,MNST,7796044,2.1527446300715987,2.1527446300715987,158.04,158.59,159.46,156.47,1298821,26.33,26.42,26.57,26.07,7796044,0.14000000000000057,0.0053
2016-08-05,27.08,27.74,26.95,27.07,MNST,14806309,2.2315035799522667,2.2315035799522667,162.5,162.52,166.5,161.79,2466731,27.07,27.08,27.74,26.95,14806309,0.6599999999999966,0.025
2016-08-08,26.48,27.06,26.37,27.0,MNST,5416783,2.159904534606205,2.159904534606205,162.09,158.96,162.43,158.29,902436,27.0,26.48,27.06,26.37,5416783,-0.5999999999999979,-0.0222
2016-08-09,26.51,26.87,26.43,26.45,MNST,7634706,2.1634844868735086,2.1634844868735086,158.78,159.12,161.28,158.62,1271942,26.45,26.51,26.87,26.43,7634706,0.030000000000001137,0.0011
2016-08-10,26.81,26.89,26.49,26.52,MNST,4945768,2.199284009546539,2.199284009546539,159.2,160.9,161.42,159.0,823965,26.52,26.81,26.89,26.49,4945768,0.29999999999999716,0.0113
2016-08-11,26.94,27.09,26.81,26.95,MNST,4199502,2.2147971360381864,2.2147971360381864,161.77,161.71,162.58,160.9,699637,26.95,26.94,27.09,26.81,4199502,0.13000000000000256,0.0048
2016-08-12,26.85,26.97,26.73,26.84,MNST,2646297,2.2040572792362765,2.2040572792362765,161.13,161.18,161.89,160.47,440873,26.84,26.85,26.97,26.73,2646297,-0.08999999999999986,-0.0033
2016-08-15,26.89,26.95,26.75,26.84,MNST,2482965,2.208830548926014,2.208830548926014,161.12,161.43,161.74,160.59,413662,26.84,26.89,26.95,26.75,2482965,0.03999999999999915,0.0015
2016-08-16,26.59,26.93,26.58,26.89,MNST,2722233,2.1730310262529833,2.1730310262529833,161.41,159.62,161.62,159.57,453524,26.89,26.59,26.93,26.58,2722233,-0.3000000000000007,-0.0112
2016-08-17,26.61,26.79,26.3,26.55,MNST,2931140,2.1754176610978515,2.1754176610978515,159.37,159.71,160.82,157.85,488328,26.55,26.61,26.79,26.3,2931140,0.019999999999999574,0.0008
2016-08-18,26.73,26.81,26.64,26.69,MNST,3656471,2.1897374701670644,2.1897374701670644,160.21,160.43,160.95,159.89,609168,26.69,26.73,26.81,26.64,3656471,0.120000000000001,0.0045
2016-08-19,26.56,26.93,26.53,26.78,MNST,4534148,2.16945107398568,2.16945107398568,160.74,159.45,161.62,159.22,755389,26.78,26.56,26.93,26.53,4534148,-0.1700000000000017,-0.0064
2016-08-22,26.52,26.64,26.42,26.6,MNST,2659448,2.1646778042959425,2.1646778042959425,159.65,159.17,159.9,158.61,443064,26.6,26.52,26.64,26.42,2659448,-0.03999999999999915,-0.0015
2016-08-23,26.22,26.52,26.21,26.43,MNST,3415366,2.128878281622911,2.128878281622911,158.67,157.38,159.2,157.32,569000,26.43,26.22,26.52,26.21,3415366,-0.3000000000000007,-0.0113
2016-08-24,26.14,26.35,26.06,26.17,MNST,3603613,2.1193317422434363,2.1193317422434363,157.09,156.92,158.15,156.43,600362,26.17,26.14,26.35,26.06,3603613,-0.0799999999999983,-0.0031
2016-08-25,26.23,26.43,26.1,26.1,MNST,4117995,2.130071599045346,2.130071599045346,156.66,157.46,158.66,156.66,686058,26.1,26.23,26.43,26.1,4117995,0.08999999999999986,0.0034
2016-08-26,26.16,26.4,26.09,26.28,MNST,3215558,2.1217183770883055,2.1217183770883055,157.76,157.04,158.47,156.59,535712,26.28,26.16,26.4,26.09,3215558,-0.07000000000000028,-0.0027
2016-08-29,25.98,26.17,25.85,26.08,MNST,4270450,2.100238663484487,2.100238663484487,156.53,155.94,157.06,155.18,711457,26.08,25.98,26.17,25.85,4270450,-0.17999999999999972,-0.0069
2016-08-30,25.62,26.01,25.51,25.96,MNST,5251891,2.0572792362768495,2.0572792362768495,155.85,153.81,156.11,153.13,874965,25.96,25.62,26.01,25.51,5251891,-0.35999999999999943,-0.0139
2016-08-31,25.64,25.74,25.48,25.65,MNST,6026969,2.0596658711217177,2.0596658711217177,153.97,153.89,154.49,152.93,1004093,25.65,25.64,25.74,25.48,6026969,0.019999999999999574,0.0008
2016-09-01,25.71,25.85,25.47,25.71,MNST,4084262,2.0680190930787585,2.0680190930787585,154.33,154.33,155.18,152.9,680438,25.71,25.71,25.85,25.47,4084262,0.07000000000000028,0.0027
2016-09-02,25.63,25.91,25.51,25.78,MNST,3493619,2.058472553699284,2.058472553699284,154.72,153.85,155.51,153.13,582037,25.78,25.63,25.91,25.51,3493619,-0.08000000000000185,-0.0031
2016-09-06,25.63,25.64,25.28,25.59,MNST,8453439,2.058472553699284,2.058472553699284,153.63,153.87,153.92,151.75,1408343,25.59,25.63,25.64,25.28,8453439,0.0,0.0
2016-09-07,25.35,25.69,25.3,25.63,MNST,3822557,2.0250596658711215,2.0250596658711215,153.84,152.17,154.18,151.88,636838,25.63,25.35,25.69,25.3,3822557,-0.2799999999999976,-0.0109
2016-09-08,25.34,25.41,25.16,25.33,MNST,5384058,2.023866348448687,2.023866348448687,152.06,152.12,152.5,151.05,896984,25.33,25.34,25.41,25.16,5384058,-0.010000000000001563,-0.0004
2016-09-09,24.58,25.34,24.58,25.08,MNST,7891200,1.9331742243436747,1.9331742243436747,150.55,147.55,152.12,147.52,1314674,25.08,24.58,25.34,24.58,7891200,-0.7600000000000016,-0.03
2016-09-12,24.71,24.85,24.38,24.52,MNST,6748259,1.9486873508353217,1.9486873508353217,147.16,148.3,149.19,146.31,1124260,24.52,24.71,24.85,24.38,6748259,0.13000000000000256,0.0053
2016-09-13,23.98,24.53,23.9,24.52,MNST,9353031,1.8615751789976132,1.8615751789976132,147.15,143.92,147.22,143.47,1558215,24.52,23.98,24.53,23.9,9353031,-0.7300000000000004,-0.0295
2016-09-14,23.81,24.18,23.71,23.94,MNST,5698968,1.8412887828162288,1.8412887828162288,143.69,142.9,145.16,142.31,949448,23.94,23.81,24.18,23.71,5698968,-0.1700000000000017,-0.0071
2016-09-15,24.38,24.52,23.77,23.86,MNST,11302815,1.9093078758949877,1.9093078758949877,143.19,146.35,147.17,142.65,1883049,23.86,24.38,24.52,23.77,11302815,0.5700000000000003,0.0239
2016-09-16,24.38,24.47,24.13,24.31,MNST,13800924,1.9093078758949877,1.9093078758949877,145.9,146.31,146.9,144.83,2299234,24.31,24.38,24.47,24.13,13800924,0.0,0.0
2016-09-19,24.56,24.63,24.29,24.46,MNST,5798565,1.9307875894988065,1.9307875894988065,146.81,147.44,147.84,145.8,966041,24.46,24.56,24.63,24.29,5798565,0.17999999999999972,0.0074
2016-09-20,24.51,24.71,24.45,24.63,MNST,4491441,1.924821002386635,1.924821002386635,147.84,147.1,148.33,146.78,748274,24.63,24.51,24.71,24.45,4491441,-0.04999999999999716,-0.002
2016-09-21,24.51,24.59,24.24,24.49,MNST,5174256,1.924821002386635,1.924821002386635,147.0,147.1,147.6,145.5,862031,24.49,24.51,24.59,24.24,5174256,0.0,0.0
2016-09-22,24.81,24.9,24.62,24.66,MNST,3767743,1.9606205250596656,1.9606205250596656,147.99,148.94,149.47,147.76,627706,24.66,24.81,24.9,24.62,3767743,0.29999999999999716,0.0122
2016-09-23,24.74,24.93,24.71,24.87,MNST,3262251,1.952267303102625,1.952267303102625,149.25,148.48,149.62,148.32,543491,24.87,24.74,24.93,24.71,3262251,-0.07000000000000028,-0.0028
2016-09-26,24.59,24.73,24.41,24.63,MNST,2917785,1.9343675417661097,1.9343675417661097,147.86,147.6,148.46,146.5,486103,24.63,24.59,24.73,24.41,2917785,-0.14999999999999858,-0.0061
2016-09-27,24.62,24.75,24.53,24.56,MNST,3382551,1.937947494033413,1.937947494033413,147.44,147.76,148.54,147.26,563533,24.56,24.62,24.75,24.53,3382551,0.030000000000001137,0.0012
2016-09-28,24.46,24.78,24.39,24.72,MNST,2847209,1.9188544152744627,1.9188544152744627,148.35,146.83,148.74,146.42,474345,24.72,24.46,24.78,24.39,2847209,-0.16000000000000014,-0.0065
2016-09-29,24.22,24.45,24.13,24.45,MNST,3887293,1.8902147971360377,1.8902147971360377,146.74,145.37,146.75,144.86,647623,24.45,24.22,24.45,24.13,3887293,-0.240000000000002,-0.0098
2016-09-30,24.46,24.57,24.22,24.35,MNST,4329982,1.9188544152744627,1.9188544152744627,146.16,146.81,147.49,145.37,721375,24.35,24.46,24.57,24.22,4329982,0.240000000000002,0.0099
2016-10-03,24.29,24.36,24.17,24.33,MNST,2683481,1.8985680190930785,1.8985680190930785,146.06,145.79,146.22,145.06,447068,24.33,24.29,24.36,24.17,2683481,-0.1700000000000017,-0.007
2016-10-04,24.21,24.47,24.17,24.43,MNST,3401098,1.8890214797136036,1.8890214797136036,146.61,145.3,146.86,145.05,566623,24.43,24.21,24.47,24.17,3401098,-0.0799999999999983,-0.0033
2016-10-05,24.2,24.39,24.14,24.3,MNST,6529496,1.887828162291169,1.887828162291169,145.85,145.24,146.39,144.91,1087814,24.3,24.2,24.39,24.14,6529496,-0.010000000000001563,-0.0004
2016-10-06,24.45,24.58,24.16,24.16,MNST,3108337,1.9176610978520285,1.9176610978520285,145.01,146.74,147.54,145.0,517849,24.16,24.45,24.58,24.16,3108337,0.25,0.0103
2016-10-07,24.3,24.51,24.1,24.51,MNST,3880726,1.899761336515513,1.899761336515513,147.11,145.84,147.11,144.63,646529,24.51,24.3,24.51,24.1,3880726,-0.14999999999999858,-0.0061
2016-10-10,24.36,24.47,24.29,24.32,MNST,2415678,1.906921241050119,1.906921241050119,145.99,146.22,146.9,145.8,402452,24.32,24.36,24.47,24.29,2415678,0.05999999999999872,0.0025
2016-10-11,23.84,24.35,23.78,24.35,MNST,5044220,1.844868735083532,1.844868735083532,146.17,143.12,146.17,142.76,840367,24.35,23.84,24.35,23.78,5044220,-0.5199999999999996,-0.0213
2016-10-12,24.18,24.2,23.75,23.86,MNST,3525210,1.8854415274463003,1.8854415274463003,143.21,145.16,145.28,142.56,587300,23.86,24.18,24.2,23.75,3525210,0.33999999999999986,0.0143
2016-10-13,24.32,24.39,23.99,24.09,MNST,3973679,1.9021479713603817,1.9021479713603817,144.62,145.98,146.37,143.97,662015,24.09,24.32,24.39,23.99,3973679,0.14000000000000057,0.0058
2016-10-14,24.17,24.52,23.45,23.96,MNST,7817275,1.8842482100238662,1.8842482100238662,143.8,145.08,147.16,140.78,1302358,23.96,24.17,24.52,23.45,7817275,-0.14999999999999858,-0.0062
2016-10-17,24.04,24.17,23.83,24.16,MNST,3723223,1.8687350835322192,1.8687350835322192,145.0,144.3,145.05,143.02,620289,24.16,24.04,24.17,23.83,3723223,-0.13000000000000256,-0.0054
2016-10-18,24.44,24.76,24.21,24.21,MNST,4829640,1.9164677804295944,1.9164677804295944,145.34,146.72,148.61,145.34,804618,24.21,24.44,24.76,24.21,4829640,0.40000000000000213,0.0166
2016-10-19,24.57,24.67,24.36,24.49,MNST,3219616,1.9319809069212406,1.9319809069212406,147.0,147.49,148.07,146.23,536388,24.49,24.57,24.67,24.36,3219616,0.129999999999999,0.0053
2016-10-20,24.43,24.7,24.34,24.64,MNST,3461291,1.9152744630071594,1.9152744630071594,147.9,146.61,148.27,146.12,576651,24.64,24.43,24.7,24.34,3461291,-0.14000000000000057,-0.0057
2016-10-21,24.53,24.55,24.22,24.46,MNST,3382797,1.9272076372315032,1.9272076372315032,146.81,147.26,147.37,145.37,563574,24.46,24.53,24.55,24.22,3382797,0.10000000000000142,0.0041
2016-10-24,25.01,25.31,24.67,24.68,MNST,6844934,1.9844868735083534,1.9844868735083534,148.14,150.12,151.89,148.07,1140366,24.68,25.01,25.31,24.67,6844934,0.4800000000000004,0.0196
2016-10-25,24.96,25.16,24.91,25.04,MNST,3379052,1.978520286396181,1.978520286396181,150.31,149.81,151.02,149.49,562950,25.04,24.96,25.16,24.91,3379052,-0.05000000000000071,-0.002
2016-10-26,24.34,24.97,24.33,24.97,MNST,3851068,1.9045346062052504,1.9045346062052504,149.89,146.1,149.89,146.05,641588,24.97,24.34,24.97,24.33,3851068,-0.620000000000001,-0.0248
2016-10-27,23.87,24.41,23.82,24.4,MNST,5602767,1.8484486873508352,1.8484486873508352,146.48,143.3,146.49,142.99,933421,24.4,23.87,24.41,23.82,5602767,-0.46999999999999886,-0.0193
2016-10-28,23.98,24.12,23.87,23.87,MNST,5486585,1.8615751789976132,1.8615751789976132,143.28,143.92,144.77,143.28,914065,23.87,23.98,24.12,23.87,5486585,0.10999999999999943,0.0046
2016-10-31,24.05,24.17,23.86,24.0,MNST,4538409,1.8699284009546537,1.8699284009546537,144.06,144.34,145.07,143.24,756099,24.0,24.05,24.17,23.86,4538409,0.07000000000000028,0.0029
2016-11-01,23.93,24.42,23.81,24.35,MNST,4616723,1.8556085918854412,1.8556085918854412,146.15,143.63,146.57,142.93,769146,24.35,23.93,24.42,23.81,4616723,-0.120000000000001,-0.005
2016-11-02,24.04,24.36,23.98,23.98,MNST,4930180,1.8687350835322192,1.8687350835322192,143.94,144.29,146.24,143.94,821368,23.98,24.04,24.36,23.98,4930180,0.10999999999999943,0.0046
2016-11-03,23.36,24.16,23.31,24.13,MNST,9060660,1.7875894988066823,1.7875894988066823,144.81,140.21,144.99,139.9,1509506,24.13,23.36,24.16,23.31,9060660,-0.6799999999999997,-0.0283
2016-11-04,22.53,23.14,21.07,21.75,MNST,36495870,1.6885441527446299,1.6885441527446299,130.53,135.23,138.91,126.5,6080212,21.75,22.53,23.14,21.07,36495870,-0.8299999999999983,-0.0355
2016-11-07,22.68,22.78,22.26,22.75,MNST,8249964,1.7064439140811454,1.7064439140811454,136.55,136.14,136.71,133.63,1374444,22.75,22.68,22.78,22.26,8249964,0.14999999999999858,0.0067
2016-11-08,22.66,22.82,22.4,22.7,MNST,5962443,1.7040572792362767,1.7040572792362767,136.25,136.0,136.99,134.43,993343,22.7,22.66,22.82,22.4,5962443,-0.019999999999999574,-0.0009
2016-11-09,22.09,22.5,21.66,21.92,MNST,10213283,1.6360381861575177,1.6360381861575177,131.55,132.59,135.03,130.01,1701533,21.92,22.09,22.5,21.66,10213283,-0.5700000000000003,-0.0252
2016-11-10,21.16,22.43,21.15,22.39,MNST,7230578,1.5250596658711215,1.5250596658711215,44.78,42.33,44.86,42.3,3615289,22.39,21.16,22.43,21.15,7230578,-0.9299999999999997,-0.0421
2016-11-11,20.96,21.33,20.71,21.2,MNST,5677314,1.5011933174224343,1.5011933174224343,42.39,41.92,42.66,41.43,2838657,21.2,20.96,21.33,20.71,5677314,-0.1999999999999993,-0.0095
2016-11-14,20.43,21.15,20.32,20.89,MNST,8057024,1.4379474940334127,1.4379474940334127,41.79,40.87,42.3,40.64,4028512,20.89,20.43,21.15,20.32,8057024,-0.5300000000000011,-0.0253
2016-11-15,20.81,20.93,20.43,20.51,MNST,9331866,1.4832935560859184,1.4832935560859184,41.02,41.62,41.85,40.86,4665933,20.51,20.81,20.93,20.43,9331866,0.379999999999999,0.0186
2016-11-16,21.03,21.27,20.73,20.77,MNST,7788220,1.509546539379475,1.509546539379475,41.53,42.06,42.54,41.47,3894110,20.77,21.03,21.27,20.73,7788220,0.22000000000000242,0.0106
2016-11-17,20.98,21.17,20.75,21.01,MNST,7279938,1.503579952267303,1.503579952267303,42.02,41.97,42.34,41.51,3639969,21.01,20.98,21.17,20.75,7279938,-0.05000000000000071,-0.0024
2016-11-18,20.84,21.0,20.8,20.87,MNST,5534566,1.4868735083532216,1.4868735083532216,41.74,41.68,42.0,41.61,2767283,20.87,20.84,21.0,20.8,5534566,-0.14000000000000057,-0.0067
2016-11-21,21.8,21.86,20.77,20.82,MNST,18131240,1.601431980906921,1.601431980906921,41.63,43.59,43.71,41.55,9065620,20.82,21.8,21.86,20.77,18131240,0.9600000000000009,0.0461
2016-11-22,22.63,22.82,21.8,21.86,MNST,13818092,1.7004773269689735,1.7004773269689735,43.73,45.26,45.65,43.59,6909046,21.86,22.63,22.82,21.8,13818092,0.8299999999999983,0.0381
2016-11-23,22.37,22.82,22.3,22.51,MNST,5981852,1.66945107398568,1.66945107398568,45.02,44.74,45.64,44.61,2990926,22.51,22.37,22.82,22.3,5981852,-0.259999999999998,-0.0115
2016-11-25,22.43,22.52,22.32,22.36,MNST,2658276,1.676610978520286,1.676610978520286,44.73,44.85,45.03,44.63,1329138,22.36,22.43,22.52,22.32,2658276,0.05999999999999872,0.0027
2016-11-28,22.64,22.73,22.34,22.39,MNST,7403706,1.701670644391408,1.701670644391408,44.77,45.29,45.47,44.68,3701853,22.39,22.64,22.73,22.34,7403706,0.21000000000000085,0.0094
2016-11-29,22.64,22.87,22.54,22.64,MNST,7970980,1.701670644391408,1.701670644391408,45.27,45.28,45.74,45.08,3985490,22.64,22.64,22.87,22.54,7970980,0.0,0.0
2016-11-30,22.38,22.64,22.27,22.61,MNST,7934628,1.6706443914081142,1.6706443914081142,45.23,44.75,45.29,44.55,3967314,22.61,22.38,22.64,22.27,7934628,-0.26000000000000156,-0.0115
2016-12-01,21.82,22.4,21.77,22.25,MNST,8284694,1.6038186157517897,1.6038186157517897,44.5,43.64,44.8,43.53,4142347,22.25,21.82,22.4,21.77,8284694,-0.5599999999999987,-0.025
2016-12-02,22.22,22.5,21.72,22.5,MNST,6165554,1.6515513126491643,1.6515513126491643,45.0,44.44,45.0,43.44,3082777,22.5,22.22,22.5,21.72,6165554,0.3999999999999986,0.0183
2016-12-05,22.45,22.74,22.21,22.74,MNST,5219070,1.6789976133651547,1.6789976133651547,45.48,44.89,45.48,44.43,2609535,22.74,22.45,22.74,22.21,5219070,0.23000000000000043,0.0104
2016-12-06,22.18,22.49,21.93,22.44,MNST,5570658,1.646778042959427,1.646778042959427,44.88,44.37,44.98,43.85,2785329,22.44,22.18,22.49,21.93,5570658,-0.2699999999999996,-0.012
2016-12-07,22.23,22.38,22.13,22.18,MNST,5542384,1.6527446300715989,1.6527446300715989,44.37,44.47,44.76,44.25,2771192,22.18,22.23,22.38,22.13,5542384,0.05000000000000071,0.0023
2016-12-08,21.52,22.26,21.5,22.18,MNST,5760090,1.5680190930787588,1.5680190930787588,44.37,43.05,44.52,43.0,2880045,22.18,21.52,22.26,21.5,5760090,-0.7100000000000009,-0.0319
2016-12-09,22.02,22.11,21.53,21.54,MNST,5057204,1.627684964200477,1.627684964200477,43.07,44.04,44.22,43.06,2528602,21.54,22.02,22.11,21.53,5057204,0.5,0.0232
2016-12-12,22.14,22.25,21.93,21.93,MNST,3965642,1.6420047732696896,1.6420047732696896,43.85,44.27,44.49,43.85,1982821,21.93,22.14,22.25,21.93,3965642,0.120000000000001,0.0054
2016-12-13,22.5,22.6,21.95,22.08,MNST,5259090,1.6849642004773266,1.6849642004773266,44.16,45.0,45.2,43.89,2629545,22.08,22.5,22.6,21.95,5259090,0.35999999999999943,0.0163
2016-12-14,22.01,22.55,21.9,22.5,MNST,4069634,1.6264916467780428,1.6264916467780428,44.99,44.02,45.1,43.8,2034817,22.5,22.01,22.55,21.9,4069634,-0.48999999999999844,-0.0218
2016-12-15,22.14,22.28,21.88,21.91,MNST,3121248,1.6420047732696896,1.6420047732696896,43.81,44.29,44.56,43.75,1560624,21.91,22.14,22.28,21.88,3121248,0.129999999999999,0.0059
2016-12-16,22.25,22.38,21.95,22.14,MNST,7848740,1.6551312649164676,1.6551312649164676,44.28,44.5,44.75,43.91,3924370,22.14,22.25,22.38,21.95,7848740,0.10999999999999943,0.005
2016-12-19,21.93,22.25,21.84,22.2,MNST,4398634,1.6169451073985677,1.6169451073985677,44.4,43.87,44.5,43.69,2199317,22.2,21.93,22.25,21.84,4398634,-0.3200000000000003,-0.0144
2016-12-20,21.77,22.0,21.73,21.95,MNST,5103946,1.5978520286396178,1.5978520286396178,43.91,43.54,43.99,43.46,2551973,21.95,21.77,22.0,21.73,5103946,-0.16000000000000014,-0.0073
2016-12-21,22.68,22.89,22.18,22.64,MNST,8610524,1.7064439140811454,1.7064439140811454,45.28,45.37,45.77,44.37,4305262,22.64,22.68,22.89,22.18,8610524,0.9100000000000001,0.0418
2016-12-22,22.65,22.8,22.25,22.75,MNST,4580702,1.7028639618138421,1.7028639618138421,45.51,45.3,45.59,44.49,2290351,22.75,22.65,22.8,22.25,4580702,-0.030000000000001137,-0.0013
2016-12-23,22.79,23.01,22.52,22.52,MNST,4021504,1.7195704057279233,1.7195704057279233,45.05,45.57,46.02,45.03,2010752,22.52,22.79,23.01,22.52,4021504,0.14000000000000057,0.0062
2016-12-27,22.77,23.05,22.57,22.8,MNST,3449066,1.7171837708830546,1.7171837708830546,45.6,45.53,46.09,45.14,1724533,22.8,22.77,23.05,22.57,3449066,-0.019999999999999574,-0.0009
2016-12-28,22.45,22.82,22.35,22.82,MNST,3342154,1.6789976133651547,1.6789976133651547,45.63,44.91,45.63,44.7,1671077,22.82,22.45,22.82,22.35,3342154,-0.3200000000000003,-0.0141
2016-12-29,22.52,22.62,22.34,22.45,MNST,3966664,1.6873508353221953,1.6873508353221953,44.91,45.03,45.23,44.69,1983332,22.45,22.52,22.62,22.34,3966664,0.07000000000000028,0.0031
2016-12-30,22.17,22.59,22.05,22.55,MNST,5059094,1.6455847255369929,1.6455847255369929,45.1,44.34,45.19,44.11,2529547,22.55,22.17,22.59,22.05,5059094,-0.34999999999999787,-0.0155
2017-01-03,22.77,22.77,22.29,22.32,MNST,6885832,1.7171837708830546,1.7171837708830546,44.65,45.54,45.55,44.57,3442916,22.32,22.77,22.77,22.29,6885832,0.5999999999999979,0.0271
2017-01-04,23.01,23.07,22.77,22.85,MNST,4619252,1.7458233890214796,1.7458233890214796,45.7,46.02,46.13,45.54,2309626,22.85,23.01,23.07,22.77,4619252,0.240000000000002,0.0105
2017-01-05,23.09,23.15,22.82,23.0,MNST,5489980,1.7553699284009543,1.7553699284009543,45.99,46.19,46.3,45.63,2744990,23.0,23.09,23.15,22.82,5489980,0.0799999999999983,0.0035
2017-01-06,22.81,23.15,22.68,23.07,MNST,5317892,1.721957040572792,1.721957040572792,46.15,45.62,46.3,45.35,2658946,23.07,22.81,23.15,22.68,5317892,-0.28000000000000114,-0.0121
2017-01-09,22.2,22.78,22.1,22.73,MNST,5761574,1.6491646778042957,1.6491646778042957,45.46,44.4,45.57,44.2,2880787,22.73,22.2,22.78,22.1,5761574,-0.6099999999999994,-0.0267
2017-01-10,21.75,22.25,21.69,22.13,MNST,7106566,1.5954653937947492,1.5954653937947492,44.25,43.5,44.49,43.38,3553283,22.13,21.75,22.25,21.69,7106566,-0.4499999999999993,-0.0203
2017-01-11,22.0,22.24,21.75,21.77,MNST,4021882,1.6252983293556083,1.6252983293556083,43.54,43.99,44.48,43.51,2010941,21.77,22.0,22.24,21.75,4021882,0.25,0.0115
2017-01-12,21.55,22.0,21.49,22.0,MNST,6666976,1.571599045346062,1.571599045346062,44.0,43.11,44.0,42.98,3333488,22.0,21.55,22.0,21.49,6666976,-0.4499999999999993,-0.0205
2017-01-13,22.25,22.63,21.97,22.63,MNST,9049926,1.6551312649164676,1.6551312649164676,45.25,44.51,45.25,43.95,4524963,22.63,22.25,22.63,21.97,9049926,0.6999999999999993,0.0325
2017-01-17,21.97,22.35,21.91,22.25,MNST,4766838,1.621718377088305,1.621718377088305,44.49,43.94,44.7,43.83,2383419,22.25,21.97,22.35,21.91,4766838,-0.28000000000000114,-0.0126
2017-01-18,21.73,22.07,21.57,21.98,MNST,6364422,1.5930787589498805,1.5930787589498805,43.96,43.46,44.15,43.14,3182211,21.98,21.73,22.07,21.57,6364422,-0.23999999999999844,-0.0109
2017-01-19,21.68,21.89,21.59,21.66,MNST,3951510,1.5871121718377086,1.5871121718377086,43.32,43.35,43.77,43.17,1975755,21.66,21.68,21.89,21.59,3951510,-0.05000000000000071,-0.0023
2017-01-20,21.75,21.93,21.58,21.78,MNST,4792368,1.5954653937947492,1.5954653937947492,43.56,43.51,43.85,43.16,2396184,21.78,21.75,21.93,21.58,4792368,0.07000000000000028,0.0032
2017-01-23,21.76,21.88,21.65,21.73,MNST,3348530,1.5966587112171837,1.5966587112171837,43.45,43.52,43.76,43.3,1674265,21.73,21.76,21.88,21.65,3348530,0.010000000000001563,0.0005
2017-01-24,21.86,21.89,21.43,21.86,MNST,4093884,1.608591885441527,1.608591885441527,43.71,43.71,43.78,42.85,2046942,21.86,21.86,21.89,21.43,4093884,0.09999999999999787,0.0046
2017-01-25,21.57,22.12,21.54,21.95,MNST,7225726,1.5739856801909307,1.5739856801909307,43.91,43.13,44.24,43.08,3612863,21.95,21.57,22.12,21.54,7225726,-0.28999999999999915,-0.0133
2017-01-26,21.34,21.73,21.13,21.55,MNST,5809960,1.54653937947494,1.54653937947494,43.11,42.67,43.46,42.26,2904980,21.55,21.34,21.73,21.13,5809960,-0.23000000000000043,-0.0107
2017-01-27,21.15,21.43,21.02,21.41,MNST,3092876,1.523866348448687,1.523866348448687,42.82,42.3,42.86,42.03,1546438,21.41,21.15,21.43,21.02,3092876,-0.19000000000000128,-0.0089
2017-01-30,21.21,21.24,20.98,21.13,MNST,4152904,1.5310262529832934,1.5310262529832934,42.26,42.43,42.48,41.95,2076452,21.13,21.21,21.24,20.98,4152904,0.060000000000002274,0.0028
2017-01-31,21.3,21.41,21.15,21.25,MNST,3762578,1.5417661097852027,1.5417661097852027,42.5,42.6,42.81,42.3,1881289,21.25,21.3,21.41,21.15,3762578,0.08999999999999986,0.0042
2017-02-01,20.91,21.26,20.83,21.26,MNST,3857048,1.4952267303102622,1.4952267303102622,42.52,41.82,42.52,41.66,1928524,21.26,20.91,21.26,20.83,3857048,-0.39000000000000057,-0.0183
2017-02-02,20.91,21.11,20.89,20.93,MNST,4051174,1.4952267303102622,1.4952267303102622,41.85,41.81,42.21,41.78,2025587,20.93,20.91,21.11,20.89,4051174,0.0,0.0
2017-02-03,21.32,21.55,20.89,21.09,MNST,4882008,1.5441527446300713,1.5441527446300713,42.17,42.64,43.11,41.78,2441004,21.09,21.32,21.55,20.89,4882008,0.41000000000000014,0.0196
2017-02-06,21.36,21.46,21.18,21.29,MNST,3777858,1.5489260143198087,1.5489260143198087,42.58,42.73,42.92,42.36,1888929,21.29,21.36,21.46,21.18,3777858,0.03999999999999915,0.0019
2017-02-07,21.54,21.61,21.33,21.38,MNST,2849882,1.5704057279236274,1.5704057279236274,42.75,43.08,43.21,42.66,1424941,21.38,21.54,21.61,21.33,2849882,0.17999999999999972,0.0084
2017-02-08,21.84,21.91,21.45,21.47,MNST,3641684,1.6062052505966584,1.6062052505966584,42.94,43.67,43.81,42.91,1820842,21.47,21.84,21.91,21.45,3641684,0.3000000000000007,0.0139
2017-02-09,21.89,21.98,21.63,21.8,MNST,3839146,1.6121718377088303,1.6121718377088303,43.61,43.78,43.97,43.26,1919573,21.8,21.89,21.98,21.63,3839146,0.05000000000000071,0.0023
2017-02-10,22.0,22.02,21.82,21.93,MNST,2860400,1.6252983293556083,1.6252983293556083,43.86,44.01,44.05,43.65,1430200,21.93,22.0,22.02,21.82,2860400,0.10999999999999943,0.005
2017-02-13,21.71,22.49,21.69,22.46,MNST,4356952,1.5906921241050118,1.5906921241050118,44.92,43.42,44.98,43.38,2178476,22.46,21.71,22.49,21.69,4356952,-0.28999999999999915,-0.0132
2017-02-14,21.69,21.75,21.48,21.71,MNST,3649044,1.5883054892601431,1.5883054892601431,43.42,43.38,43.5,42.97,1824522,21.71,21.69,21.75,21.48,3649044,-0.019999999999999574,-0.0009
2017-02-15,21.68,21.8,21.57,21.66,MNST,3453242,1.5871121718377086,1.5871121718377086,43.33,43.35,43.59,43.13,1726621,21.66,21.68,21.8,21.57,3453242,-0.010000000000001563,-0.0005
2017-02-16,21.73,21.82,21.54,21.76,MNST,3105748,1.5930787589498805,1.5930787589498805,43.52,43.45,43.63,43.07,1552874,21.76,21.73,21.82,21.54,3105748,0.05000000000000071,0.0023
2017-02-17,21.82,21.89,21.67,21.73,MNST,6346692,1.6038186157517897,1.6038186157517897,43.45,43.63,43.79,43.33,3173346,21.73,21.82,21.89,21.67,6346692,0.08999999999999986,0.0041
2017-02-21,22.0,22.04,21.7,21.86,MNST,5298614,1.6252983293556083,1.6252983293556083,43.71,43.99,44.07,43.4,2649307,21.86,22.0,22.04,21.7,5298614,0.17999999999999972,0.0082
2017-02-22,21.97,22.24,21.95,22.02,MNST,3205044,1.621718377088305,1.621718377088305,44.05,43.94,44.48,43.91,1602522,22.02,21.97,22.24,21.95,3205044,-0.030000000000001137,-0.0014
2017-02-23,21.95,22.09,21.84,21.98,MNST,2994860,1.6193317422434363,1.6193317422434363,43.97,43.91,44.19,43.69,1497430,21.98,21.95,22.09,21.84,2994860,-0.019999999999999574,-0.0009
2017-02-24,21.77,22.17,21.68,22.1,MNST,4154986,1.5978520286396178,1.5978520286396178,44.2,43.55,44.34,43.36,2077493,22.1,21.77,22.17,21.68,4154986,-0.17999999999999972,-0.0082
2017-02-27,21.05,21.73,20.95,21.66,MNST,8515678,1.5119331742243436,1.5119331742243436,43.31,42.09,43.45,41.9,4257839,21.66,21.05,21.73,20.95,8515678,-0.7199999999999989,-0.0331
2017-02-28,20.72,21.12,20.51,21.0,MNST,17018670,1.4725536992840091,1.4725536992840091,42.01,41.44,42.24,41.02,8509335,21.0,20.72,21.12,20.51,17018670,-0.33000000000000185,-0.0157
2017-03-01,21.0,21.11,20.64,20.7,MNST,9546262,1.5059665871121717,1.5059665871121717,41.41,42.01,42.23,41.29,4773131,20.7,21.0,21.11,20.64,9546262,0.28000000000000114,0.0135
2017-03-02,23.68,24.47,23.34,23.93,MNST,26017868,1.825775656324582,1.825775656324582,47.85,47.37,48.94,46.67,13008934,23.93,23.68,24.47,23.34,26017868,2.6799999999999997,0.1276
2017-03-03,24.02,24.07,23.17,23.48,MNST,10893272,1.8663484486873505,1.8663484486873505,46.96,48.04,48.15,46.34,5446636,23.48,24.02,24.07,23.17,10893272,0.33999999999999986,0.0144
2017-03-06,23.49,24.0,23.48,23.87,MNST,12850898,1.8031026252983289,1.8031026252983289,47.74,46.98,47.99,46.97,6425449,23.87,23.49,24.0,23.48,12850898,-0.5300000000000011,-0.0221
2017-03-07,23.35,23.48,23.28,23.32,MNST,3591448,1.7863961813842482,1.7863961813842482,46.63,46.7,46.97,46.56,1795724,23.32,23.35,23.48,23.28,3591448,-0.13999999999999702,-0.006
2017-03-08,23.68,23.69,23.25,23.25,MNST,5324908,1.825775656324582,1.825775656324582,46.51,47.37,47.38,46.51,2662454,23.25,23.68,23.69,23.25,5324908,0.3299999999999983,0.0141
2017-03-09,23.5,23.9,23.34,23.7,MNST,4073288,1.8042959427207634,1.8042959427207634,47.39,47.01,47.8,46.69,2036644,23.7,23.5,23.9,23.34,4073288,-0.17999999999999972,-0.0076
2017-03-10,23.41,23.63,23.24,23.61,MNST,3480484,1.7935560859188542,1.7935560859188542,47.23,46.82,47.25,46.48,1740242,23.61,23.41,23.63,23.24,3480484,-0.08999999999999986,-0.0038
2017-03-13,23.21,23.34,23.09,23.32,MNST,3661870,1.769689737470167,1.769689737470167,46.64,46.43,46.67,46.17,1830935,23.32,23.21,23.34,23.09,3661870,-0.1999999999999993,-0.0085
2017-03-14,23.14,23.2,22.98,23.15,MNST,3599382,1.7613365155131262,1.7613365155131262,46.3,46.27,46.4,45.95,1799691,23.15,23.14,23.2,22.98,3599382,-0.07000000000000028,-0.003
2017-03-15,23.55,23.61,23.18,23.25,MNST,3982876,1.8102625298329353,1.8102625298329353,46.5,47.09,47.21,46.37,1991438,23.25,23.55,23.61,23.18,3982876,0.41000000000000014,0.0177
2017-03-16,23.44,23.59,23.18,23.18,MNST,3863340,1.7971360381861574,1.7971360381861574,46.37,46.88,47.17,46.37,1931670,23.18,23.44,23.59,23.18,3863340,-0.10999999999999943,-0.0047
2017-03-17,23.23,23.59,23.22,23.57,MNST,7629468,1.7720763723150357,1.7720763723150357,47.13,46.47,47.17,46.44,3814734,23.57,23.23,23.59,23.22,7629468,-0.21000000000000085,-0.009
2017-03-20,23.4,23.5,23.18,23.29,MNST,3690438,1.7923627684964196,1.7923627684964196,46.57,46.8,47.01,46.37,1845219,23.29,23.4,23.5,23.18,3690438,0.16999999999999815,0.0073
2017-03-21,23.34,23.68,23.34,23.5,MNST,4587130,1.7852028639618136,1.7852028639618136,47.01,46.69,47.35,46.67,2293565,23.5,23.34,23.68,23.34,4587130,-0.05999999999999872,-0.0026
2017-03-22,23.57,23.61,23.21,23.36,MNST,4307142,1.812649164677804,1.812649164677804,46.73,47.13,47.22,46.42,2153571,23.36,23.57,23.61,23.21,4307142,0.23000000000000043,0.0099
2017-03-23,23.28,23.64,23.26,23.46,MNST,3051286,1.7780429594272076,1.7780429594272076,46.93,46.56,47.28,46.52,1525643,23.46,23.28,23.64,23.26,3051286,-0.28999999999999915,-0.0123
2017-03-24,23.47,23.55,23.23,23.32,MNST,3927446,1.8007159904534602,1.8007159904534602,46.65,46.94,47.11,46.46,1963723,23.32,23.47,23.55,23.23,3927446,0.18999999999999773,0.0082
2017-03-27,23.45,23.52,23.21,23.39,MNST,2631256,1.7983293556085915,1.7983293556085915,46.78,46.9,47.03,46.42,1315628,23.39,23.45,23.52,23.21,2631256,-0.019999999999999574,-0.0009
2017-03-28,23.5,23.64,23.29,23.48,MNST,2646064,1.8042959427207634,1.8042959427207634,46.96,46.99,47.29,46.57,1323032,23.48,23.5,23.64,23.29,2646064,0.05000000000000071,0.0021
2017-03-29,23.61,23.64,23.31,23.36,MNST,4005398,1.8174224343675414,1.8174224343675414,46.73,47.23,47.27,46.62,2002699,23.36,23.61,23.64,23.31,4005398,0.10999999999999943,0.0047
2017-03-30,23.13,23.62,23.05,23.55,MNST,3910656,1.7601431980906916,1.7601431980906916,47.09,46.26,47.24,46.09,1955328,23.55,23.13,23.62,23.05,3910656,-0.4800000000000004,-0.0203
2017-03-31,23.09,23.26,22.88,23.07,MNST,4142328,1.7553699284009543,1.7553699284009543,46.15,46.17,46.52,45.76,2071164,23.07,23.09,23.26,22.88,4142328,-0.03999999999999915,-0.0017
2017-04-03,22.88,23.21,22.78,23.11,MNST,4563506,1.7303102625298326,1.7303102625298326,46.23,45.76,46.42,45.56,2281753,23.11,22.88,23.21,22.78,4563506,-0.21000000000000085,-0.0091
2017-04-04,23.01,23.02,22.7,22.89,MNST,3781194,1.7458233890214796,1.7458233890214796,45.77,46.02,46.05,45.4,1890597,22.89,23.01,23.02,22.7,3781194,0.13000000000000256,0.0057
2017-04-05,22.96,23.14,22.8,22.91,MNST,3839522,1.7398568019093077,1.7398568019093077,45.83,45.93,46.29,45.6,1919761,22.91,22.96,23.14,22.8,3839522,-0.05000000000000071,-0.0022
2017-04-06,22.88,23.17,22.84,23.02,MNST,3238708,1.7303102625298326,1.7303102625298326,46.04,45.75,46.34,45.68,1619354,23.02,22.88,23.17,22.84,3238708,-0.08000000000000185,-0.0035
2017-04-07,22.93,22.95,22.67,22.87,MNST,3508444,1.7362768496420045,1.7362768496420045,45.74,45.85,45.91,45.34,1754222,22.87,22.93,22.95,22.67,3508444,0.05000000000000071,0.0022
2017-04-10,22.91,23.0,22.71,22.96,MNST,3444816,1.7338902147971358,1.7338902147971358,45.92,45.82,45.99,45.42,1722408,22.96,22.91,23.0,22.71,3444816,-0.019999999999999574,-0.0009
2017-04-11,22.68,22.89,22.58,22.89,MNST,3179182,1.7064439140811454,1.7064439140811454,45.79,45.36,45.79,45.16,1589591,22.89,22.68,22.89,22.58,3179182,-0.23000000000000043,-0.01
2017-04-12,22.7,22.77,22.57,22.6,MNST,3696776,1.708830548926014,1.708830548926014,45.2,45.4,45.53,45.15,1848388,22.6,22.7,22.77,22.57,3696776,0.019999999999999574,0.0009
2017-04-13,22.45,22.82,22.42,22.75,MNST,2656564,1.6789976133651547,1.6789976133651547,45.51,44.9,45.63,44.84,1328282,22.75,22.45,22.82,22.42,2656564,-0.25,-0.011
2017-04-17,22.5,22.52,22.19,22.4,MNST,5616498,1.6849642004773266,1.6849642004773266,44.8,45.01,45.03,44.38,2808249,22.4,22.5,22.52,22.19,5616498,0.05000000000000071,0.0022
2017-04-18,22.66,22.73,22.44,22.48,MNST,3705692,1.7040572792362767,1.7040572792362767,44.97,45.31,45.46,44.88,1852846,22.48,22.66,22.73,22.44,3705692,0.16000000000000014,0.0071
2017-04-19,22.55,22.83,22.5,22.75,MNST,2705400,1.6909307875894986,1.6909307875894986,45.5,45.1,45.66,45.0,1352700,22.75,22.55,22.83,22.5,2705400,-0.10999999999999943,-0.0049
2017-04-20,22.87,22.96,22.47,22.5,MNST,4098116,1.7291169451073984,1.7291169451073984,44.99,45.74,45.92,44.94,2049058,22.5,22.87,22.96,22.47,4098116,0.3200000000000003,0.0142
2017-04-21,22.7,22.93,22.68,22.84,MNST,3585342,1.708830548926014,1.708830548926014,45.68,45.39,45.87,45.37,1792671,22.84,22.7,22.93,22.68,3585342,-0.1700000000000017,-0.0074
2017-04-24,22.73,22.96,22.52,22.84,MNST,4989076,1.7124105011933173,1.7124105011933173,45.68,45.47,45.92,45.04,2494538,22.84,22.73,22.96,22.52,4989076,0.030000000000001137,0.0013
2017-04-25,22.68,22.8,22.49,22.77,MNST,4415804,1.7064439140811454,1.7064439140811454,45.55,45.37,45.59,44.98,2207902,22.77,22.68,22.8,22.49,4415804,-0.05000000000000071,-0.0022
2017-04-26,22.55,22.75,22.52,22.66,MNST,3869172,1.6909307875894986,1.6909307875894986,45.31,45.11,45.5,45.04,1934586,22.66,22.55,22.75,22.52,3869172,-0.129999999999999,-0.0057
2017-04-27,22.64,22.77,22.52,22.6,MNST,3771224,1.701670644391408,1.701670644391408,45.2,45.29,45.53,45.03,1885612,22.6,22.64,22.77,22.52,3771224,0.08999999999999986,0.004
2017-04-28,22.69,22.79,22.54,22.69,MNST,5072456,1.70763723150358,1.70763723150358,45.38,45.38,45.58,45.08,2536228,22.69,22.69,22.79,22.54,5072456,0.05000000000000071,0.0022
2017-05-01,22.28,22.79,22.25,22.72,MNST,4617642,1.6587112171837708,1.6587112171837708,45.44,44.56,45.58,44.51,2308821,22.72,22.28,22.79,22.25,4617642,-0.41000000000000014,-0.0181
2017-05-02,22.34,22.45,22.18,22.3,MNST,4811790,1.6658711217183768,1.6658711217183768,44.59,44.68,44.89,44.35,2405895,22.3,22.34,22.45,22.18,4811790,0.05999999999999872,0.0027
2017-05-03,22.46,22.61,22.34,22.36,MNST,4744834,1.6801909307875893,1.6801909307875893,44.72,44.93,45.21,44.68,2372417,22.36,22.46,22.61,22.34,4744834,0.120000000000001,0.0054
2017-05-04,22.96,23.15,22.51,22.57,MNST,7366882,1.7398568019093077,1.7398568019093077,45.13,45.93,46.3,45.02,3683441,22.57,22.96,23.15,22.51,7366882,0.5,0.0223
2017-05-05,23.73,24.05,23.38,23.48,MNST,12102996,1.831742243436754,1.831742243436754,46.96,47.45,48.1,46.75,6051498,23.48,23.73,24.05,23.38,12102996,0.7699999999999996,0.0335
2017-05-08,24.24,24.34,23.74,23.75,MNST,11648088,1.8926014319809064,1.8926014319809064,47.49,48.48,48.69,47.48,5824044,23.75,24.24,24.34,23.74,11648088,0.509999999999998,0.0215
2017-05-09,24.0,24.24,23.72,24.2,MNST,6301698,1.8639618138424818,1.8639618138424818,48.4,47.99,48.48,47.44,3150849,24.2,24.0,24.24,23.72,6301698,-0.23999999999999844,-0.0099
2017-05-10,23.93,24.14,23.84,23.98,MNST,5784344,1.8556085918854412,1.8556085918854412,47.97,47.85,48.29,47.68,2892172,23.98,23.93,24.14,23.84,5784344,-0.07000000000000028,-0.0029
2017-05-11,23.94,24.06,23.77,23.84,MNST,2958432,1.8568019093078758,1.8568019093078758,47.68,47.88,48.12,47.54,1479216,23.84,23.94,24.06,23.77,2958432,0.010000000000001563,0.0004
2017-05-12,23.81,24.02,23.75,23.94,MNST,2758868,1.8412887828162288,1.8412887828162288,47.88,47.62,48.05,47.49,1379434,23.94,23.81,24.02,23.75,2758868,-0.13000000000000256,-0.0054
2017-05-15,23.73,23.82,23.64,23.75,MNST,3930632,1.831742243436754,1.831742243436754,47.5,47.46,47.65,47.28,1965316,23.75,23.73,23.82,23.64,3930632,-0.0799999999999983,-0.0034
2017-05-16,23.41,23.82,23.36,23.8,MNST,4167508,1.7935560859188542,1.7935560859188542,47.59,46.81,47.65,46.71,2083754,23.8,23.41,23.82,23.36,4167508,-0.3200000000000003,-0.0135
2017-05-17,23.4,23.57,23.25,23.35,MNST,4335624,1.7923627684964196,1.7923627684964196,46.7,46.8,47.15,46.5,2167812,23.35,23.4,23.57,23.25,4335624,-0.010000000000001563,-0.0004
2017-05-18,23.41,23.82,23.33,23.82,MNST,4986706,1.7935560859188542,1.7935560859188542,47.64,46.81,47.64,46.66,2493353,23.82,23.41,23.82,23.33,4986706,0.010000000000001563,0.0004
2017-05-19,23.84,23.95,23.33,23.43,MNST,4442620,1.844868735083532,1.844868735083532,46.86,47.69,47.9,46.66,2221310,23.43,23.84,23.95,23.33,4442620,0.4299999999999997,0.0184
2017-05-22,24.17,24.27,23.77,23.77,MNST,4399010,1.8842482100238662,1.8842482100238662,47.53,48.34,48.53,47.53,2199505,23.77,24.17,24.27,23.77,4399010,0.33000000000000185,0.0138
2017-05-23,24.71,24.8,24.2,24.23,MNST,7457344,1.9486873508353217,1.9486873508353217,48.45,49.43,49.59,48.41,3728672,24.23,24.71,24.8,24.2,7457344,0.5399999999999991,0.0223
2017-05-24,24.95,24.99,24.62,24.8,MNST,4659394,1.977326968973747,1.977326968973747,49.6,49.89,49.99,49.24,2329697,24.8,24.95,24.99,24.62,4659394,0.23999999999999844,0.0097
2017-05-25,25.38,25.56,24.95,25.0,MNST,5113288,2.0286396181384245,2.0286396181384245,50.0,50.76,51.12,49.9,2556644,25.0,25.38,25.56,24.95,5113288,0.4299999999999997,0.0172
2017-05-26,25.45,25.66,25.34,25.39,MNST,3482980,2.0369928400954653,2.0369928400954653,50.79,50.9,51.31,50.69,1741490,25.39,25.45,25.66,25.34,3482980,0.07000000000000028,0.0028
2017-05-30,25.36,25.46,25.21,25.34,MNST,2466810,2.0262529832935554,2.0262529832935554,50.67,50.71,50.93,50.43,1233405,25.34,25.36,25.46,25.21,2466810,-0.08999999999999986,-0.0035
2017-05-31,25.28,25.55,25.23,25.42,MNST,4144074,2.0167064439140807,2.0167064439140807,50.84,50.56,51.11,50.47,2072037,25.42,25.28,25.55,25.23,4144074,-0.0799999999999983,-0.0032
2017-06-01,25.48,25.53,25.05,25.32,MNST,4871282,2.0405727923627683,2.0405727923627683,50.63,50.97,51.06,50.1,2435641,25.32,25.48,25.53,25.05,4871282,0.1999999999999993,0.0079
2017-06-02,25.64,25.64,25.16,25.43,MNST,4280352,2.0596658711217177,2.0596658711217177,50.85,51.27,51.28,50.32,2140176,25.43,25.64,25.64,25.16,4280352,0.16000000000000014,0.0063
2017-06-05,25.55,25.66,25.41,25.63,MNST,2512110,2.048926014319809,2.048926014319809,51.25,51.11,51.32,50.81,1256055,25.63,25.55,25.66,25.41,2512110,-0.08999999999999986,-0.0035
2017-06-06,25.38,25.62,25.29,25.47,MNST,2875980,2.0286396181384245,2.0286396181384245,50.94,50.75,51.24,50.57,1437990,25.47,25.38,25.62,25.29,2875980,-0.1700000000000017,-0.0067
2017-06-07,25.43,25.48,25.23,25.34,MNST,2876246,2.034606205250596,2.034606205250596,50.68,50.85,50.96,50.47,1438123,25.34,25.43,25.48,25.23,2876246,0.05000000000000071,0.002
2017-06-08,25.24,25.28,24.9,25.25,MNST,3979428,2.0119331742243434,2.0119331742243434,50.49,50.48,50.55,49.8,1989714,25.25,25.24,25.28,24.9,3979428,-0.19000000000000128,-0.0075
2017-06-09,25.02,25.32,24.94,25.19,MNST,4484254,1.9856801909307875,1.9856801909307875,50.38,50.05,50.64,49.88,2242127,25.19,25.02,25.32,24.94,4484254,-0.21999999999999886,-0.0087
2017-06-12,25.32,25.33,25.0,25.0,MNST,4028896,2.021479713603818,2.021479713603818,50.01,50.64,50.66,50.0,2014448,25.0,25.32,25.33,25.0,4028896,0.3000000000000007,0.012
2017-06-13,25.27,25.36,25.01,25.13,MNST,3415898,2.015513126491647,2.015513126491647,50.26,50.55,50.73,50.02,1707949,25.13,25.27,25.36,25.01,3415898,-0.05000000000000071,-0.002
2017-06-14,25.38,25.6,25.16,25.43,MNST,3556212,2.0286396181384245,2.0286396181384245,50.86,50.75,51.2,50.33,1778106,25.43,25.38,25.6,25.16,3556212,0.10999999999999943,0.0044
2017-06-15,25.65,25.72,25.26,25.27,MNST,3921840,2.060859188544152,2.060859188544152,50.53,51.3,51.44,50.52,1960920,25.27,25.65,25.72,25.26,3921840,0.2699999999999996,0.0106
2017-06-16,25.16,25.93,25.06,25.44,MNST,6846482,2.0023866348448687,2.0023866348448687,50.88,50.31,51.85,50.12,3423241,25.44,25.16,25.93,25.06,6846482,-0.48999999999999844,-0.0191
2017-06-19,25.43,25.45,25.0,25.18,MNST,3134218,2.034606205250596,2.034606205250596,50.37,50.86,50.89,50.01,1567109,25.18,25.43,25.45,25.0,3134218,0.2699999999999996,0.0107
2017-06-20,25.41,25.58,25.31,25.46,MNST,4056026,2.032219570405728,2.032219570405728,50.92,50.83,51.16,50.62,2028013,25.46,25.41,25.58,25.31,4056026,-0.019999999999999574,-0.0008
2017-06-21,25.59,25.71,25.37,25.37,MNST,3757788,2.0536992840095465,2.0536992840095465,50.74,51.19,51.43,50.74,1878894,25.37,25.59,25.71,25.37,3757788,0.17999999999999972,0.0071
2017-06-22,25.43,25.71,25.33,25.55,MNST,2976500,2.034606205250596,2.034606205250596,51.1,50.85,51.43,50.66,1488250,25.55,25.43,25.71,25.33,2976500,-0.16000000000000014,-0.0063
2017-06-23,26.0,26.2,25.52,25.52,MNST,6620004,2.102625298329355,2.102625298329355,51.03,51.99,52.41,51.03,3310002,25.52,26.0,26.2,25.52,6620004,0.5700000000000003,0.0224
2017-06-26,25.76,26.12,25.73,26.07,MNST,3898940,2.073985680190931,2.073985680190931,52.13,51.52,52.24,51.46,1949470,26.07,25.76,26.12,25.73,3898940,-0.23999999999999844,-0.0092
2017-06-27,25.15,25.75,25.15,25.66,MNST,4958448,2.001193317422434,2.001193317422434,51.31,50.3,51.51,50.29,2479224,25.66,25.15,25.75,25.15,4958448,-0.610000000000003,-0.0237
2017-06-28,25.52,25.62,25.09,25.24,MNST,4062942,2.0453460620525057,2.0453460620525057,50.48,51.05,51.24,50.17,2031471,25.24,25.52,25.62,25.09,4062942,0.370000000000001,0.0147
2017-06-29,24.95,25.52,24.82,25.4,MNST,4236030,1.977326968973747,1.977326968973747,50.8,49.91,51.03,49.65,2118015,25.4,24.95,25.52,24.82,4236030,-0.5700000000000003,-0.0223
2017-06-30,24.84,25.25,24.82,25.25,MNST,5233536,1.9642004773269688,1.9642004773269688,50.49,49.68,50.5,49.65,2616768,25.25,24.84,25.25,24.82,5233536,-0.10999999999999943,-0.0044
2017-07-03,24.86,25.07,24.73,24.98,MNST,2076988,1.9665871121718372,1.9665871121718372,49.97,49.72,50.15,49.47,1038494,24.98,24.86,25.07,24.73,2076988,0.019999999999999574,0.0008
2017-07-05,24.75,24.98,24.52,24.91,MNST,3799274,1.953460620525059,1.953460620525059,49.83,49.51,49.96,49.03,1899637,24.91,24.75,24.98,24.52,3799274,-0.10999999999999943,-0.0044
2017-07-06,25.16,25.24,24.6,24.63,MNST,7384274,2.0023866348448687,2.0023866348448687,49.25,50.33,50.48,49.2,3692137,24.63,25.16,25.24,24.6,7384274,0.41000000000000014,0.0166
2017-07-07,25.35,25.41,25.02,25.16,MNST,5734140,2.0250596658711215,2.0250596658711215,50.33,50.7,50.83,50.05,2867070,25.16,25.35,25.41,25.02,5734140,0.19000000000000128,0.0076
2017-07-10,25.25,25.45,25.08,25.4,MNST,3613198,2.0131264916467777,2.0131264916467777,50.8,50.51,50.9,50.16,1806599,25.4,25.25,25.45,25.08,3613198,-0.10000000000000142,-0.0039
2017-07-11,24.99,25.29,24.91,25.29,MNST,3858552,1.9821002386634843,1.9821002386634843,50.57,49.98,50.58,49.81,1929276,25.29,24.99,25.29,24.91,3858552,-0.26000000000000156,-0.0103
2017-07-12,25.21,25.43,25.12,25.2,MNST,2570226,2.0083532219570404,2.0083532219570404,50.39,50.42,50.87,50.24,1285113,25.2,25.21,25.43,25.12,2570226,0.22000000000000242,0.0088
2017-07-13,25.41,25.43,25.06,25.27,MNST,3415214,2.032219570405728,2.032219570405728,50.53,50.81,50.86,50.12,1707607,25.27,25.41,25.43,25.06,3415214,0.1999999999999993,0.0079
2017-07-14,25.84,25.86,25.51,25.57,MNST,3165446,2.083532219570406,2.083532219570406,51.13,51.67,51.73,51.02,1582723,25.57,25.84,25.86,25.51,3165446,0.4299999999999997,0.0169
2017-07-17,25.77,25.87,25.7,25.87,MNST,2378484,2.075178997613365,2.075178997613365,51.74,51.54,51.74,51.39,1189242,25.87,25.77,25.87,25.7,2378484,-0.07000000000000028,-0.0027
2017-07-18,25.92,25.93,25.61,25.75,MNST,2139796,2.0930787589498805,2.0930787589498805,51.5,51.84,51.87,51.22,1069898,25.75,25.92,25.93,25.61,2139796,0.15000000000000213,0.0058
2017-07-19,26.11,26.14,25.84,25.99,MNST,3650260,2.115751789976133,2.115751789976133,51.98,52.23,52.28,51.68,1825130,25.99,26.11,26.14,25.84,3650260,0.18999999999999773,0.0073
2017-07-20,26.18,26.29,25.99,26.2,MNST,3182410,2.1241050119331737,2.1241050119331737,52.39,52.37,52.58,51.98,1591205,26.2,26.18,26.29,25.99,3182410,0.07000000000000028,0.0027
2017-07-21,26.29,26.32,26.08,26.08,MNST,2490112,2.137231503579952,2.137231503579952,52.16,52.58,52.63,52.16,1245056,26.08,26.29,26.32,26.08,2490112,0.10999999999999943,0.0042
2017-07-24,26.36,26.48,26.18,26.32,MNST,3520720,2.145584725536992,2.145584725536992,52.63,52.73,52.95,52.37,1760360,26.32,26.36,26.48,26.18,3520720,0.07000000000000028,0.0027
2017-07-25,26.7,26.75,26.31,26.42,MNST,4208868,2.186157517899761,2.186157517899761,52.84,53.39,53.5,52.62,2104434,26.42,26.7,26.75,26.31,4208868,0.33999999999999986,0.0129
2017-07-26,26.79,26.97,26.53,26.67,MNST,3209938,2.19689737470167,2.19689737470167,53.34,53.57,53.94,53.06,1604969,26.67,26.79,26.97,26.53,3209938,0.08999999999999986,0.0034
2017-07-27,27.02,27.04,26.63,26.71,MNST,4715852,2.224343675417661,2.224343675417661,53.42,54.03,54.07,53.25,2357926,26.71,27.02,27.04,26.63,4715852,0.23000000000000043,0.0086
2017-07-28,26.7,27.12,26.62,26.96,MNST,2488140,2.186157517899761,2.186157517899761,53.92,53.41,54.24,53.24,1244070,26.96,26.7,27.12,26.62,2488140,-0.3200000000000003,-0.0118
2017-07-31,26.38,26.8,26.26,26.7,MNST,3917348,2.1479713603818613,2.1479713603818613,53.39,52.75,53.6,52.53,1958674,26.7,26.38,26.8,26.26,3917348,-0.3200000000000003,-0.012
2017-08-01,26.56,26.68,26.2,26.47,MNST,3619954,2.16945107398568,2.16945107398568,52.94,53.12,53.35,52.41,1809977,26.47,26.56,26.68,26.2,3619954,0.17999999999999972,0.0068
2017-08-02,26.52,26.57,26.12,26.39,MNST,3476072,2.1646778042959425,2.1646778042959425,52.79,53.04,53.13,52.24,1738036,26.39,26.52,26.57,26.12,3476072,-0.03999999999999915,-0.0015
2017-08-03,26.57,26.75,26.23,26.59,MNST,2920218,2.170644391408114,2.170644391408114,53.17,53.14,53.49,52.46,1460109,26.59,26.57,26.75,26.23,2920218,0.05000000000000071,0.0019
2017-08-04,26.36,26.66,26.2,26.66,MNST,2756864,2.145584725536992,2.145584725536992,53.31,52.71,53.32,52.4,1378432,26.66,26.36,26.66,26.2,2756864,-0.21000000000000085,-0.0079
2017-08-07,26.43,26.5,26.3,26.41,MNST,3722142,2.153937947494033,2.153937947494033,52.83,52.87,53.0,52.59,1861071,26.41,26.43,26.5,26.3,3722142,0.07000000000000028,0.0027
2017-08-08,26.32,26.69,26.27,26.34,MNST,6315132,2.140811455847255,2.140811455847255,52.69,52.63,53.38,52.54,3157566,26.34,26.32,26.69,26.27,6315132,-0.10999999999999943,-0.0042
2017-08-09,26.02,26.21,25.39,25.77,MNST,6742802,2.1050119331742243,2.1050119331742243,51.54,52.03,52.43,50.79,3371401,25.77,26.02,26.21,25.39,6742802,-0.3000000000000007,-0.0114
2017-08-10,26.26,26.41,25.78,25.93,MNST,5748850,2.1336515513126493,2.1336515513126493,51.87,52.52,52.83,51.56,2874425,25.93,26.26,26.41,25.78,5748850,0.240000000000002,0.0092
2017-08-11,26.91,27.0,26.28,26.69,MNST,5489346,2.211217183770883,2.211217183770883,53.38,53.82,54.01,52.56,2744673,26.69,26.91,27.0,26.28,5489346,0.6499999999999986,0.0248
2017-08-14,26.98,27.29,26.93,26.97,MNST,4018880,2.2195704057279237,2.2195704057279237,53.94,53.95,54.57,53.86,2009440,26.97,26.98,27.29,26.93,4018880,0.07000000000000028,0.0026
2017-08-15,27.0,27.06,26.84,26.99,MNST,2390564,2.221957040572792,2.221957040572792,53.98,54.01,54.12,53.69,1195282,26.99,27.0,27.06,26.84,2390564,0.019999999999999574,0.0007
2017-08-16,27.16,27.2,27.04,27.14,MNST,2063514,2.2410501193317423,2.2410501193317423,54.27,54.31,54.4,54.07,1031757,27.14,27.16,27.2,27.04,2063514,0.16000000000000014,0.0059
2017-08-17,26.86,27.36,26.8,27.13,MNST,3369926,2.205250596658711,2.205250596658711,54.26,53.71,54.73,53.6,1684963,27.13,26.86,27.36,26.8,3369926,-0.3000000000000007,-0.011
2017-08-18,27.02,27.18,26.71,26.74,MNST,3860674,2.224343675417661,2.224343675417661,53.48,54.05,54.36,53.43,1930337,26.74,27.02,27.18,26.71,3860674,0.16000000000000014,0.006
2017-08-21,27.18,27.26,26.98,27.07,MNST,2514878,2.2434367541766105,2.2434367541766105,54.14,54.36,54.52,53.96,1257439,27.07,27.18,27.26,26.98,2514878,0.16000000000000014,0.0059
2017-08-22,27.69,27.75,27.18,27.19,MNST,4720824,2.304295942720764,2.304295942720764,54.38,55.38,55.49,54.37,2360412,27.19,27.69,27.75,27.18,4720824,0.5100000000000016,0.0188
2017-08-23,27.58,27.79,27.45,27.75,MNST,3174862,2.291169451073985,2.291169451073985,55.49,55.16,55.58,54.89,1587431,27.75,27.58,27.79,27.45,3174862,-0.11000000000000298,-0.004
2017-08-24,27.49,27.62,27.39,27.55,MNST,3218704,2.2804295942720763,2.2804295942720763,55.1,54.98,55.24,54.78,1609352,27.55,27.49,27.62,27.39,3218704,-0.08999999999999986,-0.0033
2017-08-25,27.61,27.85,27.46,27.59,MNST,3620056,2.2947494033412883,2.2947494033412883,55.17,55.22,55.7,54.93,1810028,27.59,27.61,27.85,27.46,3620056,0.120000000000001,0.0044
2017-08-28,27.58,27.75,27.48,27.7,MNST,3286042,2.291169451073985,2.291169451073985,55.4,55.16,55.49,54.96,1643021,27.7,27.58,27.75,27.48,3286042,-0.030000000000001137,-0.0011
2017-08-29,27.68,27.79,27.45,27.52,MNST,2918584,2.3031026252983287,2.3031026252983287,55.04,55.37,55.57,54.9,1459292,27.52,27.68,27.79,27.45,2918584,0.10000000000000142,0.0036
2017-08-30,27.98,28.07,27.64,27.66,MNST,3085014,2.3389021479713605,2.3389021479713605,55.33,55.95,56.13,55.27,1542507,27.66,27.98,28.07,27.64,3085014,0.3000000000000007,0.0108
2017-08-31,27.91,28.22,27.88,28.02,MNST,4060610,2.3305489260143197,2.3305489260143197,56.05,55.82,56.44,55.76,2030305,28.02,27.91,28.22,27.88,4060610,-0.07000000000000028,-0.0025
2017-09-01,28.04,28.14,27.94,27.98,MNST,3224810,2.346062052505966,2.346062052505966,55.97,56.08,56.29,55.88,1612405,27.98,28.04,28.14,27.94,3224810,0.129999999999999,0.0047
2017-09-05,28.18,28.23,27.98,27.98,MNST,5284718,2.3627684964200473,2.3627684964200473,55.97,56.35,56.46,55.95,2642359,27.98,28.18,28.23,27.98,5284718,0.14000000000000057,0.005
2017-09-06,28.16,28.63,27.98,28.48,MNST,6516860,2.360381861575179,2.360381861575179,56.95,56.33,57.25,55.95,3258430,28.48,28.16,28.63,27.98,6516860,-0.019999999999999574,-0.0007
2017-09-07,28.18,28.29,28.04,28.19,MNST,4003428,2.3627684964200473,2.3627684964200473,56.38,56.36,56.57,56.07,2001714,28.19,28.18,28.29,28.04,4003428,0.019999999999999574,0.0007
2017-09-08,28.16,28.35,28.11,28.18,MNST,2461916,2.360381861575179,2.360381861575179,56.36,56.32,56.7,56.21,1230958,28.18,28.16,28.35,28.11,2461916,-0.019999999999999574,-0.0007
2017-09-11,28.33,28.48,28.21,28.27,MNST,2729024,2.3806682577565623,2.3806682577565623,56.53,56.66,56.96,56.43,1364512,28.27,28.33,28.48,28.21,2729024,0.16999999999999815,0.006
2017-09-12,28.04,28.45,27.93,28.24,MNST,5569814,2.346062052505966,2.346062052505966,56.48,56.08,56.91,55.85,2784907,28.24,28.04,28.45,27.93,5569814,-0.28999999999999915,-0.0102
2017-09-13,28.19,28.3,27.89,27.93,MNST,3047244,2.363961813842482,2.363961813842482,55.85,56.38,56.59,55.77,1523622,27.93,28.19,28.3,27.89,3047244,0.15000000000000213,0.0053
2017-09-14,28.29,28.32,27.98,28.16,MNST,4465418,2.375894988066825,2.375894988066825,56.33,56.58,56.64,55.96,2232709,28.16,28.29,28.32,27.98,4465418,0.09999999999999787,0.0035
2017-09-15,28.09,28.41,28.01,28.38,MNST,8671740,2.3520286396181382,2.3520286396181382,56.75,56.18,56.83,56.02,4335870,28.38,28.09,28.41,28.01,8671740,-0.1999999999999993,-0.0071
2017-09-18,28.34,28.4,27.98,28.09,MNST,2513236,2.3818615751789975,2.3818615751789975,56.17,56.67,56.8,55.96,1256618,28.09,28.34,28.4,27.98,2513236,0.25,0.0089
2017-09-19,28.13,28.38,28.09,28.34,MNST,2890048,2.3568019093078756,2.3568019093078756,56.68,56.26,56.76,56.17,1445024,28.34,28.13,28.38,28.09,2890048,-0.21000000000000085,-0.0074
2017-09-20,27.98,28.15,27.6,28.05,MNST,3064878,2.3389021479713605,2.3389021479713605,56.1,55.95,56.3,55.2,1532439,28.05,27.98,28.15,27.6,3064878,-0.14999999999999858,-0.0053
2017-09-21,27.79,28.0,27.75,27.98,MNST,2333592,2.316229116945107,2.316229116945107,55.95,55.57,55.99,55.49,1166796,27.98,27.79,28.0,27.75,2333592,-0.19000000000000128,-0.0068
2017-09-22,27.91,28.02,27.73,27.81,MNST,2254648,2.3305489260143197,2.3305489260143197,55.62,55.81,56.04,55.47,1127324,27.81,27.91,28.02,27.73,2254648,0.120000000000001,0.0043
2017-09-25,27.59,28.0,27.57,27.91,MNST,3333264,2.29236276849642,2.29236276849642,55.82,55.17,55.99,55.13,1666632,27.91,27.59,28.0,27.57,3333264,-0.3200000000000003,-0.0115
2017-09-26,27.6,27.75,27.57,27.61,MNST,3961274,2.293556085918854,2.293556085918854,55.22,55.2,55.51,55.15,1980637,27.61,27.6,27.75,27.57,3961274,0.010000000000001563,0.0004
2017-09-27,27.44,27.61,27.11,27.61,MNST,11632934,2.2744630071599046,2.2744630071599046,55.21,54.88,55.21,54.23,5816467,27.61,27.44,27.61,27.11,11632934,-0.16000000000000014,-0.0058
2017-09-28,27.74,27.86,27.21,27.32,MNST,6055052,2.310262529832935,2.310262529832935,54.64,55.48,55.73,54.42,3027526,27.32,27.74,27.86,27.21,6055052,0.29999999999999716,0.0109
2017-09-29,27.63,27.98,27.53,27.73,MNST,4266252,2.2971360381861574,2.2971360381861574,55.46,55.25,55.95,55.06,2133126,27.73,27.63,27.98,27.53,4266252,-0.10999999999999943,-0.004
2017-10-02,27.57,27.93,27.52,27.63,MNST,2761080,2.289976133651551,2.289976133651551,55.25,55.14,55.87,55.03,1380540,27.63,27.57,27.93,27.52,2761080,-0.05999999999999872,-0.0022
2017-10-03,27.64,27.84,27.5,27.62,MNST,3055744,2.2983293556085913,2.2983293556085913,55.24,55.27,55.69,54.99,1527872,27.62,27.64,27.84,27.5,3055744,0.07000000000000028,0.0025
2017-10-04,27.61,27.71,27.4,27.68,MNST,3761396,2.2947494033412883,2.2947494033412883,55.37,55.22,55.43,54.8,1880698,27.68,27.61,27.71,27.4,3761396,-0.030000000000001137,-0.0011
2017-10-05,27.7,27.81,27.57,27.74,MNST,2608124,2.3054892601431978,2.3054892601431978,55.48,55.4,55.62,55.15,1304062,27.74,27.7,27.81,27.57,2608124,0.08999999999999986,0.0033
2017-10-06,27.68,27.77,27.54,27.61,MNST,2203852,2.3031026252983287,2.3031026252983287,55.23,55.37,55.54,55.08,1101926,27.61,27.68,27.77,27.54,2203852,-0.019999999999999574,-0.0007
2017-10-09,27.7,27.86,27.63,27.75,MNST,1501656,2.3054892601431978,2.3054892601431978,55.49,55.39,55.73,55.26,750828,27.75,27.7,27.86,27.63,1501656,0.019999999999999574,0.0007
2017-10-10,27.68,27.86,27.61,27.73,MNST,2001210,2.3031026252983287,2.3031026252983287,55.46,55.36,55.72,55.21,1000605,27.73,27.68,27.86,27.61,2001210,-0.019999999999999574,-0.0007
2017-10-11,27.85,27.95,27.61,27.65,MNST,2738132,2.3233890214797133,2.3233890214797133,55.3,55.7,55.89,55.22,1369066,27.65,27.85,27.95,27.61,2738132,0.1700000000000017,0.0061
2017-10-12,27.98,28.0,27.75,27.83,MNST,2797782,2.3389021479713605,2.3389021479713605,55.66,55.96,56.01,55.51,1398891,27.83,27.98,28.0,27.75,2797782,0.129999999999999,0.0047
2017-10-13,27.91,28.09,27.88,28.0,MNST,1941512,2.3305489260143197,2.3305489260143197,56.01,55.83,56.17,55.76,970756,28.0,27.91,28.09,27.88,1941512,-0.07000000000000028,-0.0025
2017-10-16,28.11,28.14,27.94,27.94,MNST,3156248,2.3544152744630065,2.3544152744630065,55.88,56.22,56.27,55.88,1578124,27.94,28.11,28.14,27.94,3156248,0.1999999999999993,0.0072
2017-10-17,28.26,28.38,27.97,28.14,MNST,2934658,2.372315035799523,2.372315035799523,56.29,56.52,56.75,55.94,1467329,28.14,28.26,28.38,27.97,2934658,0.15000000000000213,0.0053
2017-10-18,28.14,28.25,27.96,28.16,MNST,2430504,2.35799522673031,2.35799522673031,56.31,56.29,56.49,55.92,1215252,28.16,28.14,28.25,27.96,2430504,-0.120000000000001,-0.0042
2017-10-19,28.0,28.16,27.91,28.11,MNST,2359106,2.3412887828162288,2.3412887828162288,56.22,55.99,56.33,55.83,1179553,28.11,28.0,28.16,27.91,2359106,-0.14000000000000057,-0.005
2017-10-20,28.23,28.27,28.04,28.09,MNST,3615742,2.3687350835322194,2.3687350835322194,56.18,56.46,56.53,56.07,1807871,28.09,28.23,28.27,28.04,3615742,0.23000000000000043,0.0082
2017-10-23,28.18,28.35,28.09,28.25,MNST,2482452,2.3627684964200473,2.3627684964200473,56.5,56.36,56.7,56.18,1241226,28.25,28.18,28.35,28.09,2482452,-0.05000000000000071,-0.0018
2017-10-24,28.41,28.48,28.02,28.13,MNST,2715696,2.390214797136038,2.390214797136038,56.26,56.83,56.95,56.03,1357848,28.13,28.41,28.48,28.02,2715696,0.23000000000000043,0.0082
2017-10-25,28.25,28.3,27.95,28.2,MNST,2547130,2.3711217183770876,2.3711217183770876,56.41,56.5,56.6,55.9,1273565,28.2,28.25,28.3,27.95,2547130,-0.16000000000000014,-0.0056
2017-10-26,28.38,28.51,28.25,28.37,MNST,2412696,2.386634844868735,2.386634844868735,56.74,56.75,57.02,56.5,1206348,28.37,28.38,28.51,28.25,2412696,0.129999999999999,0.0046
2017-10-27,28.38,28.54,27.96,28.19,MNST,3295496,2.386634844868735,2.386634844868735,56.38,56.75,57.08,55.92,1647748,28.19,28.38,28.54,27.96,3295496,0.0,0.0
2017-10-30,28.41,28.5,28.08,28.43,MNST,3298500,2.390214797136038,2.390214797136038,56.86,56.83,57.0,56.16,1649250,28.43,28.41,28.5,28.08,3298500,0.030000000000001137,0.0011
2017-10-31,28.96,29.27,28.48,28.5,MNST,4810574,2.4558472553699278,2.4558472553699278,57.0,57.93,58.54,56.96,2405287,28.5,28.96,29.27,28.48,4810574,0.5500000000000007,0.0194
2017-11-01,28.9,29.21,28.8,29.17,MNST,3471094,2.4486873508353213,2.4486873508353213,58.34,57.8,58.43,57.6,1735547,29.17,28.9,29.21,28.8,3471094,-0.060000000000002274,-0.0021
2017-11-02,28.73,28.96,28.7,28.95,MNST,2558036,2.428400954653938,2.428400954653938,57.91,57.45,57.93,57.39,1279018,28.95,28.73,28.96,28.7,2558036,-0.16999999999999815,-0.0059
2017-11-03,28.84,28.95,28.55,28.61,MNST,2736010,2.4415274463007157,2.4415274463007157,57.21,57.67,57.91,57.09,1368005,28.61,28.84,28.95,28.55,2736010,0.10999999999999943,0.0038
2017-11-06,28.76,28.9,28.66,28.85,MNST,3230924,2.431980906921241,2.431980906921241,57.7,57.52,57.8,57.33,1615462,28.85,28.76,28.9,28.66,3230924,-0.0799999999999983,-0.0028
2017-11-07,28.96,28.96,28.68,28.75,MNST,3441980,2.4558472553699278,2.4558472553699278,57.5,57.92,57.92,57.36,1720990,28.75,28.96,28.96,28.68,3441980,0.1999999999999993,0.007
2017-11-08,29.0,29.15,28.83,28.96,MNST,6514688,2.4606205250596656,2.4606205250596656,57.92,58.0,58.3,57.66,3257344,28.96,29.0,29.15,28.83,6514688,0.03999999999999915,0.0014
2017-11-09,29.34,29.94,28.0,28.0,MNST,9617410,2.5011933174224343,2.5011933174224343,56.0,58.68,59.88,56.0,4808705,28.0,29.34,29.94,28.0,9617410,0.33999999999999986,0.0117
2017-11-10,30.58,30.67,29.14,29.3,MNST,9178190,2.649164677804295,2.649164677804295,58.6,61.16,61.34,58.27,4589095,29.3,30.58,30.67,29.14,9178190,1.2399999999999984,0.0423
2017-11-13,31.1,31.21,30.42,30.48,MNST,5854432,2.7112171837708825,2.7112171837708825,60.97,62.2,62.42,60.84,2927216,30.48,31.1,31.21,30.42,5854432,0.5200000000000031,0.017
2017-11-14,31.32,31.4,30.6,30.86,MNST,5932060,2.737470167064439,2.737470167064439,61.73,62.63,62.8,61.2,2966030,30.86,31.32,31.4,30.6,5932060,0.21999999999999886,0.0071
2017-11-15,30.8,31.33,30.73,31.27,MNST,6750924,2.675417661097852,2.675417661097852,62.54,61.6,62.66,61.46,3375462,31.27,30.8,31.33,30.73,6750924,-0.5199999999999996,-0.0166
2017-11-16,31.0,31.29,30.68,30.82,MNST,5459326,2.6992840095465387,2.6992840095465387,61.65,62.0,62.57,61.36,2729663,30.82,31.0,31.29,30.68,5459326,0.1999999999999993,0.0065
2017-11-17,31.09,31.32,30.87,30.99,MNST,3603428,2.7100238663484486,2.7100238663484486,61.98,62.17,62.64,61.74,1801714,30.99,31.09,31.32,30.87,3603428,0.08999999999999986,0.0029
2017-11-20,30.58,30.91,30.07,30.27,MNST,4902384,2.649164677804295,2.649164677804295,60.53,61.16,61.83,60.15,2451192,30.27,30.58,30.91,30.07,4902384,-0.5100000000000016,-0.0164
2017-11-21,30.64,30.9,30.52,30.67,MNST,5100236,2.6563245823389017,2.6563245823389017,61.34,61.27,61.8,61.04,2550118,30.67,30.64,30.9,30.52,5100236,0.060000000000002274,0.002
2017-11-22,30.64,30.84,30.43,30.7,MNST,2301636,2.6563245823389017,2.6563245823389017,61.41,61.27,61.68,60.87,1150818,30.7,30.64,30.84,30.43,2301636,0.0,0.0
2017-11-24,30.88,30.91,30.53,30.53,MNST,1147206,2.6849642004773266,2.6849642004773266,61.06,61.75,61.82,61.06,573603,30.53,30.88,30.91,30.53,1147206,0.23999999999999844,0.0078
2017-11-27,30.89,30.99,30.7,30.88,MNST,2527012,2.686157517899761,2.686157517899761,61.76,61.77,61.98,61.39,1263506,30.88,30.89,30.99,30.7,2527012,0.010000000000001563,0.0003
2017-11-28,31.05,31.34,30.77,31.18,MNST,5730266,2.7052505966587113,2.7052505966587113,62.35,62.09,62.68,61.55,2865133,31.18,31.05,31.34,30.77,5730266,0.16000000000000014,0.0052
2017-11-29,30.95,31.11,30.73,31.05,MNST,2921968,2.6933174224343674,2.6933174224343674,62.1,61.89,62.21,61.46,1460984,31.05,30.95,31.11,30.73,2921968,-0.10000000000000142,-0.0032
2017-11-30,31.34,31.38,30.8,30.91,MNST,5432026,2.739856801909308,2.739856801909308,61.82,62.67,62.75,61.6,2716013,30.91,31.34,31.38,30.8,5432026,0.39000000000000057,0.0126
2017-12-01,31.46,31.47,30.93,31.07,MNST,4384498,2.75417661097852,2.75417661097852,62.15,62.92,62.94,61.85,2192249,31.07,31.46,31.47,30.93,4384498,0.120000000000001,0.0038
2017-12-04,31.68,31.7,31.25,31.47,MNST,4462934,2.780429594272076,2.780429594272076,62.94,63.35,63.41,62.49,2231467,31.47,31.68,31.7,31.25,4462934,0.21999999999999886,0.007
2017-12-05,31.52,31.77,31.4,31.59,MNST,3971048,2.7613365155131264,2.7613365155131264,63.17,63.05,63.54,62.8,1985524,31.59,31.52,31.77,31.4,3971048,-0.16000000000000014,-0.0051
2017-12-06,31.64,31.65,31.3,31.52,MNST,4162684,2.7756563245823385,2.7756563245823385,63.05,63.27,63.3,62.61,2081342,31.52,31.64,31.65,31.3,4162684,0.120000000000001,0.0038
2017-12-07,31.15,31.59,31.11,31.54,MNST,4713240,2.717183770883054,2.717183770883054,63.08,62.3,63.19,62.22,2356620,31.54,31.15,31.59,31.11,4713240,-0.490000000000002,-0.0155
2017-12-08,31.61,31.61,31.19,31.31,MNST,3589216,2.772076372315035,2.772076372315035,62.62,63.22,63.23,62.38,1794608,31.31,31.61,31.61,31.19,3589216,0.46000000000000085,0.0148
2017-12-11,31.47,31.55,31.11,31.45,MNST,3194068,2.755369928400954,2.755369928400954,62.89,62.94,63.09,62.22,1597034,31.45,31.47,31.55,31.11,3194068,-0.14000000000000057,-0.0044
2017-12-12,31.45,31.75,31.23,31.48,MNST,3136334,2.7529832935560856,2.7529832935560856,62.95,62.91,63.5,62.47,1568167,31.48,31.45,31.75,31.23,3136334,-0.019999999999999574,-0.0006
2017-12-13,31.75,31.81,31.5,31.58,MNST,3351402,2.788782816229116,2.788782816229116,63.16,63.51,63.62,63.0,1675701,31.58,31.75,31.81,31.5,3351402,0.3000000000000007,0.0095
2017-12-14,31.57,32.11,31.46,31.81,MNST,3448924,2.7673031026252977,2.7673031026252977,63.62,63.13,64.22,62.93,1724462,31.81,31.57,32.11,31.46,3448924,-0.17999999999999972,-0.0057
2017-12-15,32.01,32.13,31.25,31.71,MNST,8232312,2.81980906921241,2.81980906921241,63.42,64.01,64.25,62.5,4116156,31.71,32.01,32.13,31.25,8232312,0.4399999999999977,0.0139
2017-12-18,32.02,32.4,31.95,32.22,MNST,2761212,2.8210023866348446,2.8210023866348446,64.44,64.03,64.79,63.91,1380606,32.22,32.02,32.4,31.95,2761212,0.010000000000005116,0.0003
2017-12-19,32.1,32.26,31.91,32.03,MNST,2534676,2.8305489260143193,2.8305489260143193,64.06,64.21,64.51,63.82,1267338,32.03,32.1,32.26,31.91,2534676,0.0799999999999983,0.0025
2017-12-20,32.01,32.34,31.77,32.27,MNST,2672780,2.81980906921241,2.81980906921241,64.54,64.02,64.68,63.55,1336390,32.27,32.01,32.34,31.77,2672780,-0.09000000000000341,-0.0028
2017-12-21,31.91,32.26,31.78,32.19,MNST,3377484,2.807875894988067,2.807875894988067,64.37,63.81,64.51,63.56,1688742,32.19,31.91,32.26,31.78,3377484,-0.09999999999999787,-0.0031
2017-12-22,31.89,32.02,31.75,31.95,MNST,2460848,2.8054892601431978,2.8054892601431978,63.9,63.77,64.05,63.51,1230424,31.95,31.89,32.02,31.75,2460848,-0.019999999999999574,-0.0006
2017-12-26,31.92,32.05,31.48,31.54,MNST,1622554,2.809069212410501,2.809069212410501,63.08,63.84,64.1,62.96,811277,31.54,31.92,32.05,31.48,1622554,0.030000000000001137,0.0009
2017-12-27,32.12,32.16,31.86,31.95,MNST,3111608,2.8329355608591875,2.8329355608591875,63.89,64.23,64.32,63.72,1555804,31.95,32.12,32.16,31.86,3111608,0.19999999999999574,0.0063
2017-12-28,31.46,32.28,31.44,32.25,MNST,2882568,2.75417661097852,2.75417661097852,64.5,62.92,64.56,62.88,1441284,32.25,31.46,32.28,31.44,2882568,-0.6599999999999966,-0.0205
2017-12-29,31.64,31.85,31.36,31.37,MNST,3217562,2.7756563245823385,2.7756563245823385,62.74,63.29,63.7,62.71,1608781,31.37,31.64,31.85,31.36,3217562,0.17999999999999972,0.0057
2018-01-02,31.36,31.81,31.3,31.7,MNST,5049956,2.742243436754176,2.742243436754176,63.4,62.71,63.62,62.59,2524978,31.7,31.36,31.81,31.3,5049956,-0.28000000000000114,-0.0088
2018-01-03,31.56,31.66,31.12,31.34,MNST,5575418,2.7661097852028638,2.7661097852028638,62.68,63.12,63.32,62.24,2787709,31.34,31.56,31.66,31.12,5575418,0.1999999999999993,0.0064
2018-01-04,31.68,32.03,31.56,31.69,MNST,3778924,2.780429594272076,2.780429594272076,63.38,63.36,64.06,63.12,1889462,31.69,31.68,32.03,31.56,3778924,0.120000000000001,0.0038
2018-01-05,31.75,31.93,31.6,31.75,MNST,3509362,2.788782816229116,2.788782816229116,63.49,63.49,63.85,63.19,1754681,31.75,31.75,31.93,31.6,3509362,0.07000000000000028,0.0022
2018-01-08,32.02,32.04,31.39,31.53,MNST,2958614,2.8210023866348446,2.8210023866348446,63.06,64.03,64.08,62.79,1479307,31.53,32.02,32.04,31.39,2958614,0.2700000000000031,0.0085
2018-01-09,32.74,32.8,31.99,32.16,MNST,6946600,2.906921241050119,2.906921241050119,64.31,65.48,65.59,63.98,3473300,32.16,32.74,32.8,31.99,6946600,0.7199999999999989,0.0225
2018-01-10,31.8,33.08,31.64,32.84,MNST,5427200,2.7947494033412887,2.7947494033412887,65.68,63.59,66.16,63.29,2713600,32.84,31.8,33.08,31.64,5427200,-0.9400000000000013,-0.0287
2018-01-11,31.98,32.05,31.72,31.86,MNST,3947908,2.8162291169451072,2.8162291169451072,63.72,63.96,64.11,63.44,1973954,31.86,31.98,32.05,31.72,3947908,0.17999999999999972,0.0057
2018-01-12,31.89,32.16,31.84,32.07,MNST,3685412,2.8054892601431978,2.8054892601431978,64.14,63.77,64.32,63.68,1842706,32.07,31.89,32.16,31.84,3685412,-0.08999999999999986,-0.0028
2018-01-16,32.28,32.38,31.81,32.04,MNST,5714098,2.852028639618138,2.852028639618138,64.08,64.56,64.76,63.61,2857049,32.04,32.28,32.38,31.81,5714098,0.39000000000000057,0.0122
2018-01-17,33.53,33.62,32.52,32.67,MNST,7812128,3.001193317422434,3.001193317422434,65.34,67.07,67.24,65.05,3906064,32.67,33.53,33.62,32.52,7812128,1.25,0.0387
2018-01-18,33.23,33.61,32.84,33.51,MNST,3525036,2.9653937947494025,2.9653937947494025,67.01,66.47,67.22,65.69,1762518,33.51,33.23,33.61,32.84,3525036,-0.30000000000000426,-0.0089
2018-01-19,33.43,33.67,33.27,33.31,MNST,5003156,2.98926014319809,2.98926014319809,66.63,66.86,67.34,66.53,2501578,33.31,33.43,33.67,33.27,5003156,0.20000000000000284,0.006
2018-01-22,33.88,33.9,33.38,33.42,MNST,3647920,3.042959427207637,3.042959427207637,66.84,67.77,67.8,66.75,1823960,33.42,33.88,33.9,33.38,3647920,0.45000000000000284,0.0135
2018-01-23,34.23,34.31,33.69,33.87,MNST,4999006,3.0847255369928392,3.0847255369928392,67.73,68.45,68.63,67.38,2499503,33.87,34.23,34.31,33.69,4999006,0.3499999999999943,0.0103
2018-01-24,34.14,34.38,34.07,34.34,MNST,4277784,3.07398568019093,3.07398568019093,68.68,68.28,68.77,68.14,2138892,34.34,34.14,34.38,34.07,4277784,-0.0899999999999963,-0.0026
2018-01-25,33.9,34.34,33.83,34.27,MNST,5344948,3.0453460620525052,3.0453460620525052,68.55,67.8,68.67,67.65,2672474,34.27,33.9,34.34,33.83,5344948,-0.240000000000002,-0.007
2018-01-26,34.45,34.5,33.84,33.92,MNST,3516724,3.110978520286396,3.110978520286396,67.84,68.91,69.0,67.69,1758362,33.92,34.45,34.5,33.84,3516724,0.5500000000000043,0.0162
2018-01-29,34.15,35.11,33.78,34.8,MNST,6183698,3.0751789976133646,3.0751789976133646,69.6,68.29,70.22,67.56,3091849,34.8,34.15,35.11,33.78,6183698,-0.30000000000000426,-0.0087
2018-01-30,33.95,34.51,33.9,34.13,MNST,4858038,3.0513126491646774,3.0513126491646774,68.25,67.9,69.01,67.79,2429019,34.13,33.95,34.51,33.9,4858038,-0.19999999999999574,-0.0059
2018-01-31,34.12,34.29,33.77,33.82,MNST,5009206,3.071599045346061,3.071599045346061,67.64,68.23,68.58,67.55,2504603,33.82,34.12,34.29,33.77,5009206,0.1699999999999946,0.005
2018-02-01,33.97,34.22,33.53,33.98,MNST,3820162,3.0536992840095456,3.0536992840095456,67.97,67.93,68.44,67.06,1910081,33.98,33.97,34.22,33.53,3820162,-0.14999999999999858,-0.0044
2018-02-02,33.31,33.93,33.29,33.83,MNST,6236626,2.974940334128878,2.974940334128878,67.66,66.63,67.86,66.58,3118313,33.83,33.31,33.93,33.29,6236626,-0.6599999999999966,-0.0194
2018-02-05,31.93,33.43,31.93,33.29,MNST,6678466,2.810262529832935,2.810262529832935,66.58,63.85,66.86,63.85,3339233,33.29,31.93,33.43,31.93,6678466,-1.3800000000000026,-0.0414
2018-02-06,32.1,32.16,30.57,31.55,MNST,6897226,2.8305489260143193,2.8305489260143193,63.1,64.21,64.32,61.15,3448613,31.55,32.1,32.16,30.57,6897226,0.1700000000000017,0.0053
2018-02-07,32.27,32.55,31.79,31.86,MNST,5862180,2.850835322195704,2.850835322195704,63.73,64.55,65.11,63.58,2931090,31.86,32.27,32.55,31.79,5862180,0.1700000000000017,0.0053
2018-02-08,31.0,32.31,30.97,32.2,MNST,5910262,2.6992840095465387,2.6992840095465387,64.39,61.99,64.62,61.94,2955131,32.2,31.0,32.31,30.97,5910262,-1.2700000000000031,-0.0394
2018-02-09,31.45,31.71,30.59,31.14,MNST,5359644,2.7529832935560856,2.7529832935560856,62.28,62.89,63.42,61.18,2679822,31.14,31.45,31.71,30.59,5359644,0.4499999999999993,0.0145
2018-02-12,32.04,32.24,31.5,31.57,MNST,4103014,2.823389021479713,2.823389021479713,63.15,64.08,64.48,63.0,2051507,31.57,32.04,32.24,31.5,4103014,0.5899999999999999,0.0188
2018-02-13,31.7,31.89,31.43,31.8,MNST,4036586,2.782816229116945,2.782816229116945,63.61,63.39,63.77,62.87,2018293,31.8,31.7,31.89,31.43,4036586,-0.33999999999999986,-0.0106
2018-02-14,31.95,32.0,31.2,31.42,MNST,3467468,2.8126491646778042,2.8126491646778042,62.84,63.9,64.0,62.41,1733734,31.42,31.95,32.0,31.2,3467468,0.25,0.0079
2018-02-15,32.8,32.83,31.9,32.05,MNST,3422992,2.9140811455847246,2.9140811455847246,64.09,65.61,65.65,63.8,1711496,32.05,32.8,32.83,31.9,3422992,0.8499999999999979,0.0266
2018-02-16,32.74,33.22,32.55,32.98,MNST,3135896,2.906921241050119,2.906921241050119,65.97,65.48,66.43,65.11,1567948,32.98,32.74,33.22,32.55,3135896,-0.05999999999999517,-0.0018
2018-02-20,32.3,32.79,32.16,32.49,MNST,3665532,2.8544152744630065,2.8544152744630065,64.98,64.6,65.58,64.32,1832766,32.49,32.3,32.79,32.16,3665532,-0.44000000000000483,-0.0134
2018-02-21,32.51,33.13,32.34,32.38,MNST,4478926,2.879474940334128,2.879474940334128,64.75,65.02,66.26,64.67,2239463,32.38,32.51,33.13,32.34,4478926,0.21000000000000085,0.0065
2018-02-22,32.47,32.88,32.36,32.55,MNST,4414890,2.8747016706443906,2.8747016706443906,65.1,64.93,65.77,64.72,2207445,32.55,32.47,32.88,32.36,4414890,-0.03999999999999915,-0.0012
2018-02-23,32.94,32.98,32.34,32.7,MNST,3895170,2.930787589498806,2.930787589498806,65.4,65.88,65.95,64.68,1947585,32.7,32.94,32.98,32.34,3895170,0.46999999999999886,0.0145
2018-02-26,32.91,33.17,32.58,33.06,MNST,3428206,2.927207637231503,2.927207637231503,66.12,65.81,66.35,65.17,1714103,33.06,32.91,33.17,32.58,3428206,-0.030000000000001137,-0.0009
2018-02-27,32.09,33.13,32.08,32.95,MNST,5610092,2.8293556085918854,2.8293556085918854,65.9,64.17,66.25,64.16,2805046,32.95,32.09,33.13,32.08,5610092,-0.8199999999999932,-0.0249
2018-02-28,31.68,32.42,31.65,32.38,MNST,8717002,2.780429594272076,2.780429594272076,64.75,63.37,64.85,63.3,4358501,32.38,31.68,32.42,31.65,8717002,-0.4100000000000037,-0.0128
2018-03-01,27.11,28.97,27.0,28.73,MNST,29378782,2.2350835322195697,2.2350835322195697,57.45,54.22,57.94,54.0,14689391,28.73,27.11,28.97,27.0,29378782,-4.57,-0.1443
2018-03-02,27.08,27.12,26.36,26.85,MNST,13276338,2.2315035799522667,2.2315035799522667,53.7,54.16,54.24,52.73,6638169,26.85,27.08,27.12,26.36,13276338,-0.030000000000001137,-0.0011
2018-03-05,27.87,28.32,27.24,27.5,MNST,12898744,2.3257756563245824,2.3257756563245824,55.01,55.74,56.63,54.48,6449372,27.5,27.87,28.32,27.24,12898744,0.7900000000000027,0.0292
2018-03-06,27.84,27.95,27.22,27.95,MNST,7623944,2.322195704057279,2.322195704057279,55.9,55.67,55.9,54.44,3811972,27.95,27.84,27.95,27.22,7623944,-0.030000000000001137,-0.0011
2018-03-07,27.77,27.94,27.46,27.68,MNST,6095680,2.3138424821002386,2.3138424821002386,55.36,55.55,55.88,54.92,3047840,27.68,27.77,27.94,27.46,6095680,-0.07000000000000028,-0.0025
2018-03-08,28.41,28.49,27.68,27.8,MNST,5875912,2.390214797136038,2.390214797136038,55.59,56.83,56.98,55.37,2937956,27.8,28.41,28.49,27.68,5875912,0.6400000000000006,0.023
2018-03-09,29.03,29.03,28.27,28.55,MNST,7861900,2.4642004773269686,2.4642004773269686,57.1,58.06,58.06,56.54,3930950,28.55,29.03,29.03,28.27,7861900,0.620000000000001,0.0218
2018-03-12,29.21,29.68,29.0,29.0,MNST,8163752,2.485680190930787,2.485680190930787,57.99,58.43,59.35,57.99,4081876,29.0,29.21,29.68,29.0,8163752,0.17999999999999972,0.0062
2018-03-13,29.34,29.68,29.23,29.39,MNST,6671622,2.5011933174224343,2.5011933174224343,58.77,58.69,59.37,58.47,3335811,29.39,29.34,29.68,29.23,6671622,0.129999999999999,0.0045
2018-03-14,29.36,29.5,28.86,29.43,MNST,6996542,2.5035799522673026,2.5035799522673026,58.87,58.73,58.99,57.73,3498271,29.43,29.36,29.5,28.86,6996542,0.019999999999999574,0.0007
2018-03-15,29.09,29.67,28.94,29.36,MNST,4597652,2.471360381861575,2.471360381861575,58.71,58.19,59.34,57.88,2298826,29.36,29.09,29.67,28.94,4597652,-0.2699999999999996,-0.0092
2018-03-16,29.32,29.45,28.84,29.1,MNST,7860740,2.498806682577565,2.498806682577565,58.2,58.64,58.91,57.69,3930370,29.1,29.32,29.45,28.84,7860740,0.23000000000000043,0.0079
2018-03-19,29.14,29.33,28.86,29.21,MNST,10876736,2.4773269689737467,2.4773269689737467,58.42,58.27,58.66,57.71,5438368,29.21,29.14,29.33,28.86,10876736,-0.17999999999999972,-0.0061
2018-03-20,29.34,29.46,29.11,29.29,MNST,5136442,2.5011933174224343,2.5011933174224343,58.58,58.68,58.92,58.23,2568221,29.29,29.34,29.46,29.11,5136442,0.1999999999999993,0.0069
2018-03-21,29.04,29.43,28.89,29.27,MNST,6143762,2.465393794749403,2.465393794749403,58.53,58.08,58.87,57.77,3071881,29.27,29.04,29.43,28.89,6143762,-0.3000000000000007,-0.0102
2018-03-22,28.39,29.02,28.36,28.87,MNST,6989602,2.387828162291169,2.387828162291169,57.74,56.78,58.03,56.71,3494801,28.87,28.39,29.02,28.36,6989602,-0.6499999999999986,-0.0224
2018-03-23,27.93,28.56,27.93,28.39,MNST,6377442,2.332935560859188,2.332935560859188,56.77,55.86,57.12,55.86,3188721,28.39,27.93,28.56,27.93,6377442,-0.46000000000000085,-0.0162
2018-03-26,28.43,28.57,27.96,28.41,MNST,5036856,2.3926014319809066,2.3926014319809066,56.81,56.87,57.13,55.92,2518428,28.41,28.43,28.57,27.96,5036856,0.5,0.0179
2018-03-27,28.13,28.75,27.95,28.63,MNST,3674792,2.3568019093078756,2.3568019093078756,57.25,56.25,57.51,55.91,1837396,28.63,28.13,28.75,27.95,3674792,-0.3000000000000007,-0.0106
2018-03-28,28.12,28.49,28.02,28.18,MNST,3247902,2.3556085918854417,2.3556085918854417,56.37,56.24,56.98,56.05,1623951,28.18,28.12,28.49,28.02,3247902,-0.00999999999999801,-0.0004
2018-03-29,28.61,28.8,28.21,28.32,MNST,3722042,2.414081145584725,2.414081145584725,56.63,57.21,57.59,56.43,1861021,28.32,28.61,28.8,28.21,3722042,0.48999999999999844,0.0174
2018-04-02,27.81,28.51,27.55,28.45,MNST,5586980,2.318615751789976,2.318615751789976,56.89,55.62,57.02,55.09,2793490,28.45,27.81,28.51,27.55,5586980,-0.8000000000000007,-0.028
2018-04-03,27.86,28.02,27.64,28.0,MNST,6917350,2.324582338902147,2.324582338902147,56.01,55.73,56.05,55.27,3458675,28.0,27.86,28.02,27.64,6917350,0.05000000000000071,0.0018
2018-04-04,28.39,28.52,27.5,27.64,MNST,5971580,2.387828162291169,2.387828162291169,55.29,56.77,57.03,55.0,2985790,27.64,28.39,28.52,27.5,5971580,0.5300000000000011,0.019
2018-04-05,28.7,28.9,28.41,28.57,MNST,3863686,2.4248210023866346,2.4248210023866346,57.15,57.41,57.8,56.83,1931843,28.57,28.7,28.9,28.41,3863686,0.3099999999999987,0.0109
2018-04-06,27.96,28.62,27.71,28.39,MNST,6246758,2.3365155131264914,2.3365155131264914,56.79,55.93,57.24,55.43,3123379,28.39,27.96,28.62,27.71,6246758,-0.7399999999999984,-0.0258
2018-04-09,28.11,28.5,28.0,28.24,MNST,4122920,2.3544152744630065,2.3544152744630065,56.48,56.23,57.0,56.01,2061460,28.24,28.11,28.5,28.0,4122920,0.14999999999999858,0.0054
2018-04-10,28.16,28.41,27.87,28.33,MNST,4566698,2.360381861575179,2.360381861575179,56.66,56.32,56.82,55.74,2283349,28.33,28.16,28.41,27.87,4566698,0.05000000000000071,0.0018
2018-04-11,28.11,28.25,27.75,27.89,MNST,4079056,2.3544152744630065,2.3544152744630065,55.78,56.22,56.49,55.51,2039528,27.89,28.11,28.25,27.75,4079056,-0.05000000000000071,-0.0018
2018-04-12,28.27,28.41,28.05,28.13,MNST,3527536,2.3735083532219567,2.3735083532219567,56.26,56.53,56.83,56.1,1763768,28.13,28.27,28.41,28.05,3527536,0.16000000000000014,0.0057
2018-04-13,28.34,28.58,28.16,28.41,MNST,2962738,2.3818615751789975,2.3818615751789975,56.81,56.68,57.16,56.31,1481369,28.41,28.34,28.58,28.16,2962738,0.07000000000000028,0.0025
2018-04-16,28.49,28.68,28.34,28.59,MNST,2588938,2.399761336515513,2.399761336515513,57.19,56.98,57.35,56.67,1294469,28.59,28.49,28.68,28.34,2588938,0.14999999999999858,0.0053
2018-04-17,28.84,28.89,28.32,28.57,MNST,5844784,2.4415274463007157,2.4415274463007157,57.13,57.68,57.78,56.64,2922392,28.57,28.84,28.89,28.32,5844784,0.3500000000000014,0.0123
2018-04-18,28.73,28.89,28.61,28.84,MNST,3452158,2.428400954653938,2.428400954653938,57.68,57.47,57.78,57.21,1726079,28.84,28.73,28.89,28.61,3452158,-0.10999999999999943,-0.0038
2018-04-19,28.66,29.0,28.43,28.55,MNST,10829040,2.420047732696897,2.420047732696897,57.1,57.31,58.0,56.86,5414520,28.55,28.66,29.0,28.43,10829040,-0.07000000000000028,-0.0024
2018-04-20,28.25,28.58,28.09,28.47,MNST,7612530,2.3711217183770876,2.3711217183770876,56.94,56.5,57.16,56.17,3806265,28.47,28.25,28.58,28.09,7612530,-0.41000000000000014,-0.0143
2018-04-23,28.43,28.73,28.25,28.36,MNST,4880532,2.3926014319809066,2.3926014319809066,56.73,56.87,57.46,56.49,2440266,28.36,28.43,28.73,28.25,4880532,0.17999999999999972,0.0064
2018-04-24,27.86,28.61,27.68,28.61,MNST,5707568,2.324582338902147,2.324582338902147,57.22,55.73,57.22,55.36,2853784,28.61,27.86,28.61,27.68,5707568,-0.5700000000000003,-0.02
2018-04-25,27.2,27.86,27.15,27.82,MNST,8590050,2.2458233890214796,2.2458233890214796,55.64,54.41,55.73,54.3,4295025,27.82,27.2,27.86,27.15,8590050,-0.6600000000000001,-0.0237
2018-04-26,27.55,27.79,27.0,27.19,MNST,6851946,2.2875894988066827,2.2875894988066827,54.38,55.1,55.58,54.01,3425973,27.19,27.55,27.79,27.0,6851946,0.3500000000000014,0.0129
2018-04-27,28.09,28.22,27.48,27.54,MNST,4531106,2.3520286396181382,2.3520286396181382,55.07,56.19,56.44,54.95,2265553,27.54,28.09,28.22,27.48,4531106,0.5399999999999991,0.0196
2018-04-30,27.5,28.32,27.41,28.13,MNST,6271086,2.28162291169451,2.28162291169451,56.26,55.0,56.63,54.83,3135543,28.13,27.5,28.32,27.41,6271086,-0.5899999999999999,-0.021
2018-05-01,27.6,27.63,27.07,27.44,MNST,3904150,2.293556085918854,2.293556085918854,54.88,55.2,55.26,54.13,1952075,27.44,27.6,27.63,27.07,3904150,0.10000000000000142,0.0036
2018-05-02,26.36,27.54,26.31,27.5,MNST,9598478,2.145584725536992,2.145584725536992,55.0,52.72,55.08,52.62,4799239,27.5,26.36,27.54,26.31,9598478,-1.240000000000002,-0.0449
2018-05-03,26.16,26.57,25.88,26.36,MNST,8754054,2.1217183770883055,2.1217183770883055,52.71,52.31,53.14,51.76,4377027,26.36,26.16,26.57,25.88,8754054,-0.1999999999999993,-0.0076
2018-05-04,26.38,26.66,26.04,26.06,MNST,10478456,2.1479713603818613,2.1479713603818613,52.12,52.76,53.31,52.08,5239228,26.06,26.38,26.66,26.04,10478456,0.21999999999999886,0.0084
2018-05-07,26.66,26.75,26.35,26.43,MNST,9709350,2.1813842482100236,2.1813842482100236,52.87,53.31,53.51,52.7,4854675,26.43,26.66,26.75,26.35,9709350,0.28000000000000114,0.0106
2018-05-08,26.54,27.16,26.52,26.67,MNST,7980856,2.1670644391408107,2.1670644391408107,53.34,53.08,54.31,53.04,3990428,26.67,26.54,27.16,26.52,7980856,-0.120000000000001,-0.0045
2018-05-09,24.55,24.88,24.05,24.75,MNST,19233230,1.9295942720763724,1.9295942720763724,49.5,49.11,49.75,48.09,9616615,24.75,24.55,24.88,24.05,19233230,-1.9899999999999984,-0.075
2018-05-10,25.03,25.43,24.58,24.59,MNST,7630486,1.9868735083532216,1.9868735083532216,49.19,50.06,50.86,49.16,3815243,24.59,25.03,25.43,24.58,7630486,0.4800000000000004,0.0196
2018-05-11,24.64,25.13,24.5,25.06,MNST,9277718,1.9403341288782812,1.9403341288782812,50.12,49.27,50.27,49.0,4638859,25.06,24.64,25.13,24.5,9277718,-0.39000000000000057,-0.0156
2018-05-14,24.46,24.8,24.38,24.67,MNST,7863682,1.9188544152744627,1.9188544152744627,49.34,48.93,49.61,48.76,3931841,24.67,24.46,24.8,24.38,7863682,-0.17999999999999972,-0.0073
2018-05-15,24.1,24.48,23.97,24.3,MNST,7976716,1.8758949880668256,1.8758949880668256,48.6,48.2,48.95,47.94,3988358,24.3,24.1,24.48,23.97,7976716,-0.35999999999999943,-0.0147
2018-05-16,24.05,24.26,23.86,24.15,MNST,6500662,1.8699284009546537,1.8699284009546537,48.3,48.09,48.52,47.71,3250331,24.15,24.05,24.26,23.86,6500662,-0.05000000000000071,-0.0021
2018-05-17,24.29,24.34,23.8,24.0,MNST,7068852,1.8985680190930785,1.8985680190930785,47.99,48.57,48.67,47.61,3534426,24.0,24.29,24.34,23.8,7068852,0.23999999999999844,0.01
2018-05-18,24.73,24.91,24.15,24.32,MNST,13088084,1.9510739856801909,1.9510739856801909,48.65,49.47,49.81,48.3,6544042,24.32,24.73,24.91,24.15,13088084,0.4400000000000013,0.0181
2018-05-21,24.95,25.2,24.75,24.8,MNST,7387144,1.977326968973747,1.977326968973747,49.6,49.91,50.4,49.49,3693572,24.8,24.95,25.2,24.75,7387144,0.21999999999999886,0.0089
2018-05-22,24.84,25.16,24.76,24.93,MNST,7476358,1.9642004773269688,1.9642004773269688,49.86,49.68,50.31,49.52,3738179,24.93,24.84,25.16,24.76,7476358,-0.10999999999999943,-0.0044
2018-05-23,25.0,25.18,24.48,24.66,MNST,7174526,1.9832935560859184,1.9832935560859184,49.33,50.01,50.37,48.96,3587263,24.66,25.0,25.18,24.48,7174526,0.16000000000000014,0.0064
2018-05-24,24.81,25.14,24.61,24.98,MNST,6423514,1.9606205250596656,1.9606205250596656,49.95,49.62,50.29,49.23,3211757,24.98,24.81,25.14,24.61,6423514,-0.19000000000000128,-0.0076
2018-05-25,24.83,25.61,24.66,24.85,MNST,7215894,1.963007159904534,1.963007159904534,49.7,49.66,51.23,49.32,3607947,24.85,24.83,25.61,24.66,7215894,0.019999999999999574,0.0008
2018-05-29,24.64,24.87,24.41,24.69,MNST,5732056,1.9403341288782812,1.9403341288782812,49.38,49.29,49.73,48.83,2866028,24.69,24.64,24.87,24.41,5732056,-0.18999999999999773,-0.0077
2018-05-30,25.98,26.32,24.91,24.94,MNST,16054230,2.100238663484487,2.100238663484487,49.88,51.96,52.63,49.81,8027115,24.94,25.98,26.32,24.91,16054230,1.3399999999999999,0.0544
2018-05-31,25.58,26.07,25.43,25.91,MNST,11769644,2.0525059665871113,2.0525059665871113,51.83,51.16,52.15,50.85,5884822,25.91,25.58,26.07,25.43,11769644,-0.40000000000000213,-0.0154
2018-06-01,25.75,25.96,25.65,25.78,MNST,5831176,2.072792362768496,2.072792362768496,51.56,51.5,51.93,51.3,2915588,25.78,25.75,25.96,25.65,5831176,0.1700000000000017,0.0066
2018-06-04,25.89,25.98,25.63,25.82,MNST,5591248,2.089498806682577,2.089498806682577,51.65,51.79,51.97,51.26,2795624,25.82,25.89,25.98,25.63,5591248,0.14000000000000057,0.0054
2018-06-05,25.68,26.05,25.52,25.85,MNST,7067802,2.0644391408114555,2.0644391408114555,51.7,51.36,52.09,51.03,3533901,25.85,25.68,26.05,25.52,7067802,-0.21000000000000085,-0.0081
2018-06-06,26.6,26.77,25.86,26.16,MNST,14417914,2.174224343675417,2.174224343675417,52.32,53.2,53.53,51.72,7208957,26.16,26.6,26.77,25.86,14417914,0.9200000000000017,0.0358
2018-06-07,26.41,26.74,26.34,26.65,MNST,9525480,2.1515513126491648,2.1515513126491648,53.3,52.83,53.48,52.69,4762740,26.65,26.41,26.74,26.34,9525480,-0.19000000000000128,-0.0071
2018-06-08,27.74,28.08,27.05,27.05,MNST,13618126,2.310262529832935,2.310262529832935,54.11,55.48,56.16,54.1,6809063,27.05,27.74,28.08,27.05,13618126,1.3299999999999983,0.0504
2018-06-11,28.04,28.1,27.69,27.84,MNST,8982080,2.346062052505966,2.346062052505966,55.67,56.07,56.2,55.38,4491040,27.84,28.04,28.1,27.69,8982080,0.3000000000000007,0.0108
2018-06-12,28.09,28.22,27.96,28.09,MNST,7563758,2.3520286396181382,2.3520286396181382,56.17,56.18,56.44,55.92,3781879,28.09,28.09,28.22,27.96,7563758,0.05000000000000071,0.0018
2018-06-13,28.05,28.21,27.95,28.21,MNST,5781732,2.347255369928401,2.347255369928401,56.43,56.1,56.43,55.9,2890866,28.21,28.05,28.21,27.95,5781732,-0.03999999999999915,-0.0014
2018-06-14,28.02,28.09,27.84,28.09,MNST,4627120,2.343675417661098,2.343675417661098,56.19,56.05,56.19,55.67,2313560,28.09,28.02,28.09,27.84,4627120,-0.030000000000001137,-0.0011
2018-06-15,28.21,28.24,27.75,28.01,MNST,8280828,2.3663484486873503,2.3663484486873503,56.02,56.43,56.48,55.5,4140414,28.01,28.21,28.24,27.75,8280828,0.19000000000000128,0.0068
2018-06-18,28.05,28.15,27.9,28.05,MNST,6711288,2.347255369928401,2.347255369928401,56.11,56.09,56.3,55.8,3355644,28.05,28.05,28.15,27.9,6711288,-0.16000000000000014,-0.0057
2018-06-19,27.94,28.06,27.8,27.89,MNST,6490816,2.334128878281623,2.334128878281623,55.78,55.88,56.12,55.61,3245408,27.89,27.94,28.06,27.8,6490816,-0.10999999999999943,-0.0039
2018-06-20,27.77,28.04,27.52,28.04,MNST,3518220,2.3138424821002386,2.3138424821002386,56.07,55.54,56.07,55.04,1759110,28.04,27.77,28.04,27.52,3518220,-0.1700000000000017,-0.0061
2018-06-21,27.98,28.07,27.65,27.8,MNST,5834728,2.3389021479713605,2.3389021479713605,55.61,55.97,56.15,55.3,2917364,27.8,27.98,28.07,27.65,5834728,0.21000000000000085,0.0076
2018-06-22,28.43,28.51,27.98,28.04,MNST,6311516,2.3926014319809066,2.3926014319809066,56.08,56.86,57.02,55.96,3155758,28.04,28.43,28.51,27.98,6311516,0.4499999999999993,0.0161
2018-06-25,28.32,28.65,28.05,28.45,MNST,5721812,2.3794749403341284,2.3794749403341284,56.91,56.63,57.3,56.1,2860906,28.45,28.32,28.65,28.05,5721812,-0.10999999999999943,-0.0039
2018-06-26,28.12,28.39,28.01,28.27,MNST,3201422,2.3556085918854417,2.3556085918854417,56.53,56.24,56.77,56.01,1600711,28.27,28.12,28.39,28.01,3201422,-0.1999999999999993,-0.0071
2018-06-27,27.96,28.27,27.87,28.02,MNST,3898048,2.3365155131264914,2.3365155131264914,56.03,55.93,56.55,55.74,1949024,28.02,27.96,28.27,27.87,3898048,-0.16000000000000014,-0.0057
2018-06-28,28.39,28.46,27.9,28.0,MNST,3914172,2.387828162291169,2.387828162291169,55.99,56.78,56.92,55.8,1957086,28.0,28.39,28.46,27.9,3914172,0.4299999999999997,0.0154
2018-06-29,28.65,28.86,28.24,28.38,MNST,6353922,2.4188544152744624,2.4188544152744624,56.75,57.3,57.73,56.48,3176961,28.38,28.65,28.86,28.24,6353922,0.259999999999998,0.0092
2018-07-02,28.79,29.0,28.48,28.61,MNST,4572700,2.4355608591885436,2.4355608591885436,57.23,57.58,57.99,56.97,2286350,28.61,28.79,29.0,28.48,4572700,0.14000000000000057,0.0049
2018-07-03,28.84,29.05,28.79,28.93,MNST,2320464,2.4415274463007157,2.4415274463007157,57.85,57.68,58.09,57.58,1160232,28.93,28.84,29.05,28.79,2320464,0.05000000000000071,0.0017
2018-07-05,28.82,29.09,28.36,28.92,MNST,5759512,2.4391408114558466,2.4391408114558466,57.84,57.64,58.18,56.73,2879756,28.92,28.82,29.09,28.36,5759512,-0.019999999999999574,-0.0007
2018-07-06,29.22,29.31,28.77,28.77,MNST,3514036,2.4868735083532214,2.4868735083532214,57.55,58.44,58.63,57.55,1757018,28.77,29.22,29.31,28.77,3514036,0.3999999999999986,0.0139
2018-07-09,29.36,29.42,29.09,29.23,MNST,2504654,2.5035799522673026,2.5035799522673026,58.46,58.72,58.84,58.18,1252327,29.23,29.36,29.42,29.09,2504654,0.14000000000000057,0.0048
2018-07-10,29.79,29.82,29.41,29.5,MNST,4499810,2.5548926014319804,2.5548926014319804,59.0,59.57,59.65,58.83,2249905,29.5,29.79,29.82,29.41,4499810,0.4299999999999997,0.0146
2018-07-11,30.12,30.25,29.5,29.55,MNST,7047486,2.594272076372315,2.594272076372315,59.11,60.24,60.49,58.99,3523743,29.55,30.12,30.25,29.5,7047486,0.33000000000000185,0.0111
2018-07-12,30.5,30.61,30.23,30.38,MNST,3676598,2.6396181384248205,2.6396181384248205,60.75,60.99,61.23,60.45,1838299,30.38,30.5,30.61,30.23,3676598,0.379999999999999,0.0126
2018-07-13,30.61,30.62,30.34,30.59,MNST,2700690,2.652744630071598,2.652744630071598,61.17,61.21,61.24,60.69,1350345,30.59,30.61,30.62,30.34,2700690,0.10999999999999943,0.0036
2018-07-16,30.54,30.74,30.4,30.6,MNST,2921358,2.644391408114558,2.644391408114558,61.2,61.07,61.48,60.8,1460679,30.6,30.54,30.74,30.4,2921358,-0.07000000000000028,-0.0023
2018-07-17,31.09,31.16,30.44,30.44,MNST,3508958,2.7100238663484486,2.7100238663484486,60.88,62.17,62.32,60.88,1754479,30.44,31.09,31.16,30.44,3508958,0.5500000000000007,0.018
2018-07-18,30.52,30.99,30.31,30.99,MNST,4791120,2.6420047732696896,2.6420047732696896,61.98,61.03,61.98,60.62,2395560,30.99,30.52,30.99,30.31,4791120,-0.5700000000000003,-0.0183
2018-07-19,30.57,30.78,30.36,30.58,MNST,3811628,2.647971360381861,2.647971360381861,61.16,61.14,61.56,60.72,1905814,30.58,30.57,30.78,30.36,3811628,0.05000000000000071,0.0016
2018-07-20,30.79,30.85,30.415,30.57,MNST,1502688,2.674224343675417,2.674224343675417,61.14,61.58,61.7,60.83,751344,30.57,30.79,30.85,30.415,1502688,0.21999999999999886,0.0072
2018-07-23,30.5,30.83,30.41,30.68,MNST,2882758,2.6396181384248205,2.6396181384248205,61.36,60.99,61.66,60.81,1441379,30.68,30.5,30.83,30.41,2882758,-0.28999999999999915,-0.0094
2018-07-24,30.54,30.64,30.27,30.48,MNST,4363474,2.644391408114558,2.644391408114558,60.95,61.08,61.28,60.53,2181737,30.48,30.54,30.64,30.27,4363474,0.03999999999999915,0.0013
2018-07-25,31.06,31.14,30.51,30.57,MNST,4110494,2.706443914081145,2.706443914081145,61.13,62.12,62.28,61.02,2055247,30.57,31.06,31.14,30.51,4110494,0.5199999999999996,0.017
2018-07-26,30.82,31.3,30.77,31.21,MNST,2821338,2.67780429594272,2.67780429594272,62.43,61.65,62.59,61.54,1410669,31.21,30.82,31.3,30.77,2821338,-0.23999999999999844,-0.0077
2018-07-27,30.32,30.96,30.14,30.84,MNST,4042800,2.618138424821002,2.618138424821002,61.68,60.63,61.93,60.27,2021400,30.84,30.32,30.96,30.14,4042800,-0.5,-0.0162
2018-07-30,29.86,30.27,29.8,30.11,MNST,4849396,2.5632458233890207,2.5632458233890207,60.21,59.71,60.54,59.6,2424698,30.11,29.86,30.27,29.8,4849396,-0.46000000000000085,-0.0152
2018-07-31,30.01,30.41,29.87,29.98,MNST,8954592,2.581145584725537,2.581145584725537,59.95,60.02,60.82,59.74,4477296,29.98,30.01,30.41,29.87,8954592,0.15000000000000213,0.005
2018-08-01,29.39,29.89,29.19,29.8,MNST,6398648,2.5071599045346056,2.5071599045346056,59.61,58.77,59.77,58.38,3199324,29.8,29.39,29.89,29.19,6398648,-0.620000000000001,-0.0207
2018-08-02,29.68,29.8,29.21,29.21,MNST,4943340,2.5417661097852022,2.5417661097852022,58.43,59.35,59.61,58.43,2471670,29.21,29.68,29.8,29.21,4943340,0.28999999999999915,0.0099
2018-08-03,29.63,29.95,29.11,29.66,MNST,4629580,2.535799522673031,2.535799522673031,59.33,59.26,59.91,58.21,2314790,29.66,29.63,29.95,29.11,4629580,-0.05000000000000071,-0.0017
2018-08-06,29.7,30.14,29.52,29.61,MNST,5972382,2.5441527446300713,2.5441527446300713,59.23,59.41,60.27,59.03,2986191,29.61,29.7,30.14,29.52,5972382,0.07000000000000028,0.0024
2018-08-07,29.89,30.0,29.64,30.0,MNST,6053452,2.566825775656324,2.566825775656324,59.99,59.79,59.99,59.28,3026726,30.0,29.89,30.0,29.64,6053452,0.19000000000000128,0.0064
2018-08-08,29.7,29.95,29.5,29.91,MNST,4717158,2.5441527446300713,2.5441527446300713,59.81,59.4,59.9,59.01,2358579,29.91,29.7,29.95,29.5,4717158,-0.19000000000000128,-0.0064
2018-08-09,30.49,31.2,29.39,30.11,MNST,8732848,2.638424821002386,2.638424821002386,60.23,60.98,62.4,58.77,4366424,30.11,30.49,31.2,29.39,8732848,0.7899999999999991,0.0266
2018-08-10,30.35,30.5,29.92,30.29,MNST,4103050,2.621718377088305,2.621718377088305,60.58,60.7,61.0,59.84,2051525,30.29,30.35,30.5,29.92,4103050,-0.13999999999999702,-0.0046
2018-08-13,30.22,30.63,30.14,30.5,MNST,3229112,2.606205250596658,2.606205250596658,61.0,60.44,61.26,60.27,1614556,30.5,30.22,30.63,30.14,3229112,-0.13000000000000256,-0.0043
2018-08-14,30.89,30.91,30.02,30.23,MNST,4908050,2.686157517899761,2.686157517899761,60.47,61.78,61.81,60.04,2454025,30.23,30.89,30.91,30.02,4908050,0.6700000000000017,0.0222
2018-08-15,30.67,31.03,30.47,30.64,MNST,6803440,2.6599045346062047,2.6599045346062047,61.28,61.34,62.06,60.94,3401720,30.64,30.67,31.03,30.47,6803440,-0.21999999999999886,-0.0071
2018-08-16,30.84,30.96,30.39,30.67,MNST,2730692,2.6801909307875893,2.6801909307875893,61.34,61.67,61.93,60.78,1365346,30.67,30.84,30.96,30.39,2730692,0.16999999999999815,0.0055
2018-08-17,31.09,31.14,30.71,30.82,MNST,3512312,2.7100238663484486,2.7100238663484486,61.64,62.17,62.28,61.43,1756156,30.82,31.09,31.14,30.71,3512312,0.25,0.0081
2018-08-20,31.05,31.32,30.91,31.25,MNST,5072542,2.7052505966587113,2.7052505966587113,62.5,62.09,62.64,61.82,2536271,31.25,31.05,31.32,30.91,5072542,-0.03999999999999915,-0.0013
2018-08-21,30.93,31.25,30.85,31.23,MNST,5701958,2.6909307875894983,2.6909307875894983,62.45,61.86,62.5,61.7,2850979,31.23,30.93,31.25,30.85,5701958,-0.120000000000001,-0.0039
2018-08-22,30.5,30.88,30.49,30.88,MNST,2956342,2.6396181384248205,2.6396181384248205,61.75,61.01,61.75,60.98,1478171,30.88,30.5,30.88,30.49,2956342,-0.4299999999999997,-0.0139
2018-08-23,30.34,30.59,30.32,30.49,MNST,3509066,2.620525059665871,2.620525059665871,60.98,60.68,61.18,60.65,1754533,30.49,30.34,30.59,30.32,3509066,-0.16000000000000014,-0.0052
2018-08-24,30.32,30.56,30.25,30.42,MNST,2660726,2.618138424821002,2.618138424821002,60.84,60.65,61.12,60.5,1330363,30.42,30.32,30.56,30.25,2660726,-0.019999999999999574,-0.0007
2018-08-27,30.22,30.66,30.11,30.52,MNST,4701398,2.606205250596658,2.606205250596658,61.03,60.44,61.33,60.21,2350699,30.52,30.22,30.66,30.11,4701398,-0.10000000000000142,-0.0033
2018-08-28,30.39,30.43,30.19,30.3,MNST,3301030,2.6264916467780424,2.6264916467780424,60.59,60.79,60.87,60.38,1650515,30.3,30.39,30.43,30.19,3301030,0.1700000000000017,0.0056
2018-08-29,30.69,30.7,30.29,30.38,MNST,3044124,2.662291169451074,2.662291169451074,60.76,61.38,61.41,60.58,1522062,30.38,30.69,30.7,30.29,3044124,0.3000000000000007,0.0099
2018-08-30,30.41,30.93,30.27,30.54,MNST,4405026,2.6288782816229115,2.6288782816229115,61.08,60.82,61.87,60.54,2202513,30.54,30.41,30.93,30.27,4405026,-0.28000000000000114,-0.0091
2018-08-31,30.45,30.5,30.11,30.4,MNST,5646828,2.633651551312649,2.633651551312649,60.8,60.89,60.99,60.21,2823414,30.4,30.45,30.5,30.11,5646828,0.03999999999999915,0.0013
2018-09-04,30.46,30.5,30.23,30.25,MNST,2788528,2.634844868735083,2.634844868735083,60.51,60.93,61.01,60.47,1394264,30.25,30.46,30.5,30.23,2788528,0.010000000000001563,0.0003
2018-09-05,30.73,30.8,30.31,30.34,MNST,4392658,2.6670644391408116,2.6670644391408116,60.68,61.45,61.61,60.62,2196329,30.34,30.73,30.8,30.31,4392658,0.2699999999999996,0.0089
2018-09-06,30.67,30.73,30.43,30.7,MNST,3657966,2.6599045346062047,2.6599045346062047,61.39,61.34,61.47,60.87,1828983,30.7,30.67,30.73,30.43,3657966,-0.05999999999999872,-0.002
2018-09-07,30.17,30.48,29.9,30.48,MNST,4505500,2.6002386634844865,2.6002386634844865,60.97,60.34,60.97,59.8,2252750,30.48,30.17,30.48,29.9,4505500,-0.5,-0.0163
2018-09-10,29.88,30.36,29.86,30.29,MNST,4038992,2.56563245823389,2.56563245823389,60.58,59.76,60.71,59.71,2019496,30.29,29.88,30.36,29.86,4038992,-0.2900000000000027,-0.0096
2018-09-11,29.05,29.84,29.02,29.84,MNST,11009724,2.4665871121718377,2.4665871121718377,59.67,58.09,59.67,58.05,5504862,29.84,29.05,29.84,29.02,11009724,-0.8299999999999983,-0.0278
2018-09-12,29.14,29.29,28.88,29.07,MNST,9722936,2.4773269689737467,2.4773269689737467,58.15,58.29,58.58,57.76,4861468,29.07,29.14,29.29,28.88,9722936,0.08999999999999986,0.0031
2018-09-13,29.47,29.66,29.07,29.32,MNST,13658886,2.5167064439140803,2.5167064439140803,58.63,58.94,59.33,58.15,6829443,29.32,29.47,29.66,29.07,13658886,0.3299999999999983,0.0113
2018-09-14,29.77,29.86,29.38,29.61,MNST,6767076,2.552505966587112,2.552505966587112,59.21,59.53,59.72,58.76,3383538,29.61,29.77,29.86,29.38,6767076,0.3000000000000007,0.0102
2018-09-17,29.86,29.96,29.55,29.84,MNST,3885298,2.5632458233890207,2.5632458233890207,59.69,59.72,59.92,59.09,1942649,29.84,29.86,29.96,29.55,3885298,0.08999999999999986,0.003
2018-09-18,29.7,29.94,29.21,29.87,MNST,5943070,2.5441527446300713,2.5441527446300713,59.74,59.39,59.88,58.42,2971535,29.87,29.7,29.94,29.21,5943070,-0.16000000000000014,-0.0054
2018-09-19,29.66,29.82,29.55,29.69,MNST,3839916,2.539379474940334,2.539379474940334,59.38,59.32,59.63,59.09,1919958,29.69,29.66,29.82,29.55,3839916,-0.03999999999999915,-0.0013
2018-09-20,30.19,30.34,29.65,29.75,MNST,6098368,2.6026252983293556,2.6026252983293556,59.5,60.38,60.67,59.3,3049184,29.75,30.19,30.34,29.65,6098368,0.5300000000000011,0.0179
2018-09-21,29.93,30.43,29.91,30.07,MNST,12427054,2.5715990453460615,2.5715990453460615,60.15,59.85,60.87,59.82,6213527,30.07,29.93,30.43,29.91,12427054,-0.26000000000000156,-0.0086
2018-09-24,29.15,29.77,28.8,29.74,MNST,6257538,2.4785202863961806,2.4785202863961806,59.48,58.3,59.55,57.59,3128769,29.74,29.15,29.77,28.8,6257538,-0.7800000000000011,-0.0261
2018-09-25,28.96,29.23,28.86,29.23,MNST,3561052,2.4558472553699278,2.4558472553699278,58.47,57.93,58.47,57.72,1780526,29.23,28.96,29.23,28.86,3561052,-0.18999999999999773,-0.0065
2018-09-26,29.16,29.44,28.93,29.09,MNST,4985936,2.479713603818616,2.479713603818616,58.17,58.31,58.88,57.85,2492968,29.09,29.16,29.44,28.93,4985936,0.1999999999999993,0.0069
2018-09-27,29.16,29.57,29.05,29.14,MNST,5120386,2.479713603818616,2.479713603818616,58.29,58.32,59.13,58.11,2560193,29.14,29.16,29.57,29.05,5120386,0.0,0.0
2018-09-28,29.14,29.39,29.05,29.15,MNST,5014502,2.4773269689737467,2.4773269689737467,58.3,58.28,58.77,58.1,2507251,29.15,29.14,29.39,29.05,5014502,-0.019999999999999574,-0.0007
2018-10-01,28.68,29.39,28.59,29.34,MNST,4589640,2.4224343675417654,2.4224343675417654,58.68,57.36,58.77,57.17,2294820,29.34,28.68,29.39,28.59,4589640,-0.46000000000000085,-0.0158
2018-10-02,28.59,28.7,28.09,28.62,MNST,9270002,2.411694510739857,2.411694510739857,57.24,57.19,57.41,56.18,4635001,28.62,28.59,28.7,28.09,9270002,-0.08999999999999986,-0.0031
2018-10-03,28.34,28.89,28.2,28.7,MNST,5472450,2.3818615751789975,2.3818615751789975,57.39,56.67,57.79,56.39,2736225,28.7,28.34,28.89,28.2,5472450,-0.25,-0.0087
2018-10-04,27.98,28.41,27.79,28.23,MNST,6177724,2.3389021479713605,2.3389021479713605,56.46,55.97,56.81,55.58,3088862,28.23,27.98,28.41,27.79,6177724,-0.35999999999999943,-0.0127
2018-10-05,28.09,28.42,27.94,28.22,MNST,5796794,2.3520286396181382,2.3520286396181382,56.44,56.19,56.84,55.88,2898397,28.22,28.09,28.42,27.94,5796794,0.10999999999999943,0.0039
2018-10-08,28.25,28.39,28.02,28.05,MNST,4753220,2.3711217183770876,2.3711217183770876,56.1,56.49,56.79,56.05,2376610,28.05,28.25,28.39,28.02,4753220,0.16000000000000014,0.0057
2018-10-09,28.27,28.5,28.21,28.34,MNST,4941248,2.3735083532219567,2.3735083532219567,56.67,56.55,56.99,56.41,2470624,28.34,28.27,28.5,28.21,4941248,0.019999999999999574,0.0007
2018-10-10,26.95,28.14,26.89,28.14,MNST,6759136,2.2159904534606203,2.2159904534606203,56.28,53.9,56.28,53.78,3379568,28.14,26.95,28.14,26.89,6759136,-1.3200000000000003,-0.0467
2018-10-11,26.41,27.2,26.38,27.02,MNST,5856080,2.1515513126491648,2.1515513126491648,54.05,52.83,54.39,52.75,2928040,27.02,26.41,27.2,26.38,5856080,-0.5399999999999991,-0.02
2018-10-12,26.64,26.98,26.25,26.45,MNST,5351618,2.1789976133651545,2.1789976133651545,52.89,53.29,53.96,52.5,2675809,26.45,26.64,26.98,26.25,5351618,0.23000000000000043,0.0087
2018-10-15,26.1,26.43,25.84,26.12,MNST,5374148,2.114558472553699,2.114558472553699,52.24,52.2,52.85,51.68,2687074,26.12,26.1,26.43,25.84,5374148,-0.5399999999999991,-0.0203
2018-10-16,26.55,26.63,26.05,26.22,MNST,5285372,2.168257756563246,2.168257756563246,52.44,53.1,53.25,52.1,2642686,26.22,26.55,26.63,26.05,5285372,0.4499999999999993,0.0172
2018-10-17,26.32,26.55,26.12,26.5,MNST,5894678,2.140811455847255,2.140811455847255,52.99,52.63,53.1,52.24,2947339,26.5,26.32,26.55,26.12,5894678,-0.23000000000000043,-0.0087
2018-10-18,25.91,26.45,25.75,26.23,MNST,7075886,2.091885441527446,2.091885441527446,52.46,51.83,52.91,51.5,3537943,26.23,25.91,26.45,25.75,7075886,-0.41000000000000014,-0.0156
2018-10-19,26.05,26.46,26.03,26.07,MNST,5640494,2.1085918854415273,2.1085918854415273,52.13,52.11,52.91,52.06,2820247,26.07,26.05,26.46,26.03,5640494,0.14000000000000057,0.0054
2018-10-22,26.05,26.32,26.0,26.09,MNST,4525872,2.1085918854415273,2.1085918854415273,52.17,52.09,52.63,52.01,2262936,26.09,26.05,26.32,26.0,4525872,0.0,0.0
2018-10-23,26.32,26.53,25.55,25.81,MNST,8171874,2.140811455847255,2.140811455847255,51.62,52.64,53.05,51.11,4085937,25.81,26.32,26.53,25.55,8171874,0.2699999999999996,0.0104
2018-10-24,26.01,26.63,25.95,26.21,MNST,8838750,2.10381861575179,2.10381861575179,52.42,52.02,53.26,51.9,4419375,26.21,26.01,26.63,25.95,8838750,-0.3099999999999987,-0.0118
2018-10-25,26.25,26.52,25.53,25.99,MNST,7487368,2.1324582338902145,2.1324582338902145,51.98,52.51,53.04,51.06,3743684,25.99,26.25,26.52,25.53,7487368,0.23999999999999844,0.0092
2018-10-26,25.52,26.01,25.35,25.82,MNST,7605978,2.0453460620525057,2.0453460620525057,51.65,51.05,52.03,50.7,3802989,25.82,25.52,26.01,25.35,7605978,-0.7300000000000004,-0.0278
2018-10-29,25.66,26.02,25.23,25.84,MNST,6622890,2.062052505966587,2.062052505966587,51.69,51.32,52.03,50.47,3311445,25.84,25.66,26.02,25.23,6622890,0.14000000000000057,0.0055
2018-10-30,26.48,26.52,25.81,25.88,MNST,6863178,2.159904534606205,2.159904534606205,51.76,52.97,53.04,51.62,3431589,25.88,26.48,26.52,25.81,6863178,0.8200000000000003,0.032
2018-10-31,26.43,26.77,26.32,26.61,MNST,6312384,2.153937947494033,2.153937947494033,53.21,52.85,53.53,52.63,3156192,26.61,26.43,26.77,26.32,6312384,-0.05000000000000071,-0.0019
2018-11-01,27.23,27.3,26.43,26.5,MNST,6150680,2.2494033412887826,2.2494033412887826,53.0,54.45,54.59,52.86,3075340,26.5,27.23,27.3,26.43,6150680,0.8000000000000007,0.0303
2018-11-02,27.05,27.53,26.76,27.3,MNST,6746696,2.227923627684964,2.227923627684964,54.59,54.1,55.06,53.52,3373348,27.3,27.05,27.53,26.76,6746696,-0.17999999999999972,-0.0066
2018-11-05,27.36,27.39,26.99,27.18,MNST,5085588,2.264916467780429,2.264916467780429,54.35,54.71,54.77,53.98,2542794,27.18,27.36,27.39,26.99,5085588,0.3099999999999987,0.0115
2018-11-06,27.39,27.56,27.11,27.31,MNST,4035224,2.2684964200477324,2.2684964200477324,54.62,54.79,55.11,54.23,2017612,27.31,27.39,27.56,27.11,4035224,0.030000000000001137,0.0011
2018-11-07,27.95,27.96,27.36,27.63,MNST,9977436,2.335322195704057,2.335322195704057,55.26,55.91,55.92,54.71,4988718,27.63,27.95,27.96,27.36,9977436,0.5599999999999987,0.0204
2018-11-08,27.07,27.38,24.71,24.83,MNST,28273794,2.2303102625298323,2.2303102625298323,49.66,54.14,54.75,49.42,14136897,24.83,27.07,27.38,24.71,28273794,-0.879999999999999,-0.0315
2018-11-09,28.42,28.57,27.15,27.48,MNST,10681980,2.3914081145584722,2.3914081145584722,54.96,56.84,57.13,54.3,5340990,27.48,28.42,28.57,27.15,10681980,1.3500000000000014,0.0499
2018-11-12,27.38,28.35,27.34,28.28,MNST,10022198,2.267303102625298,2.267303102625298,56.56,54.75,56.7,54.68,5011099,28.28,27.38,28.35,27.34,10022198,-1.0400000000000027,-0.0366
2018-11-13,27.89,27.98,27.26,27.39,MNST,5515844,2.3281622911694506,2.3281622911694506,54.78,55.78,55.96,54.52,2757922,27.39,27.89,27.98,27.26,5515844,0.5100000000000016,0.0186
2018-11-14,27.25,28.11,27.11,28.05,MNST,7698754,2.251789976133651,2.251789976133651,56.11,54.49,56.21,54.21,3849377,28.05,27.25,28.11,27.11,7698754,-0.6400000000000006,-0.0229
2018-11-15,27.65,27.65,27.09,27.2,MNST,5675900,2.2995226730310256,2.2995226730310256,54.4,55.3,55.3,54.17,2837950,27.2,27.65,27.65,27.09,5675900,0.3999999999999986,0.0147
2018-11-16,27.89,28.07,27.61,27.67,MNST,4404610,2.3281622911694506,2.3281622911694506,55.34,55.77,56.13,55.23,2202305,27.67,27.89,28.07,27.61,4404610,0.240000000000002,0.0087
2018-11-19,28.52,28.61,27.92,27.95,MNST,8159822,2.403341288782816,2.403341288782816,55.89,57.04,57.23,55.84,4079911,27.95,28.52,28.61,27.92,8159822,0.629999999999999,0.0226
2018-11-20,27.89,29.25,27.85,28.84,MNST,9260560,2.3281622911694506,2.3281622911694506,57.68,55.78,58.49,55.7,4630280,28.84,27.89,29.25,27.85,9260560,-0.629999999999999,-0.0221
2018-11-21,28.02,28.29,27.77,27.98,MNST,7026384,2.343675417661098,2.343675417661098,55.95,56.03,56.57,55.54,3513192,27.98,28.02,28.29,27.77,7026384,0.129999999999999,0.0047
2018-11-23,28.66,28.75,27.84,27.95,MNST,3565866,2.420047732696897,2.420047732696897,55.89,57.32,57.5,55.69,1782933,27.95,28.66,28.75,27.84,3565866,0.6400000000000006,0.0228
2018-11-26,28.41,28.95,28.38,28.75,MNST,8782862,2.390214797136038,2.390214797136038,57.5,56.82,57.89,56.75,4391431,28.75,28.41,28.95,28.38,8782862,-0.25,-0.0087
2018-11-27,28.88,29.07,28.45,28.45,MNST,6655870,2.446300715990453,2.446300715990453,56.91,57.76,58.13,56.91,3327935,28.45,28.88,29.07,28.45,6655870,0.46999999999999886,0.0165
2018-11-28,29.55,29.56,28.71,28.84,MNST,6278052,2.526252983293556,2.526252983293556,57.67,59.1,59.12,57.43,3139026,28.84,29.55,29.56,28.71,6278052,0.6700000000000017,0.0232
2018-11-29,29.4,29.79,29.32,29.35,MNST,5355134,2.50835322195704,2.50835322195704,58.7,58.8,59.58,58.63,2677567,29.35,29.4,29.79,29.32,5355134,-0.15000000000000213,-0.0051
2018-11-30,29.84,29.98,29.45,29.5,MNST,5712060,2.5608591885441525,2.5608591885441525,59.0,59.68,59.96,58.9,2856030,29.5,29.84,29.98,29.45,5712060,0.4400000000000013,0.015
2018-12-03,30.0,30.16,29.61,29.61,MNST,6946344,2.579952267303102,2.579952267303102,59.23,60.0,60.33,59.23,3473172,29.61,30.0,30.16,29.61,6946344,0.16000000000000014,0.0054
2018-12-04,28.91,30.05,28.83,29.5,MNST,11044606,2.4498806682577565,2.4498806682577565,59.0,57.83,60.09,57.66,5522303,29.5,28.91,30.05,28.83,11044606,-1.0899999999999999,-0.0363
2018-12-06,29.14,29.17,28.39,28.77,MNST,9234316,2.4773269689737467,2.4773269689737467,57.54,58.27,58.33,56.79,4617158,28.77,29.14,29.17,28.39,9234316,0.23000000000000043,0.008
2018-12-07,28.7,29.52,28.7,28.95,MNST,7376126,2.4248210023866346,2.4248210023866346,57.89,57.41,59.05,57.41,3688063,28.95,28.7,29.52,28.7,7376126,-0.4400000000000013,-0.0151
2018-12-10,28.48,28.86,28.2,28.51,MNST,7608660,2.3985680190930787,2.3985680190930787,57.02,56.95,57.72,56.41,3804330,28.51,28.48,28.86,28.2,7608660,-0.21999999999999886,-0.0077
2018-12-11,28.79,29.18,28.63,28.78,MNST,7694556,2.4355608591885436,2.4355608591885436,57.56,57.58,58.35,57.25,3847278,28.78,28.79,29.18,28.63,7694556,0.3099999999999987,0.0109
2018-12-12,28.72,29.21,28.56,29.14,MNST,6113450,2.427207637231503,2.427207637231503,58.27,57.44,58.42,57.12,3056725,29.14,28.72,29.21,28.56,6113450,-0.07000000000000028,-0.0024
2018-12-13,26.71,28.09,26.54,27.82,MNST,8497758,2.1873508353221953,2.1873508353221953,55.63,53.43,56.17,53.07,4248879,27.82,26.71,28.09,26.54,8497758,-2.009999999999998,-0.07
2018-12-14,26.34,26.75,26.25,26.52,MNST,7229272,2.143198090692124,2.143198090692124,53.03,52.69,53.51,52.51,3614636,26.52,26.34,26.75,26.25,7229272,-0.370000000000001,-0.0139
2018-12-17,25.63,26.37,25.44,26.32,MNST,6471390,2.058472553699284,2.058472553699284,52.64,51.25,52.74,50.88,3235695,26.32,25.63,26.37,25.44,6471390,-0.7100000000000009,-0.027
2018-12-18,25.61,26.05,25.32,25.89,MNST,6459446,2.0560859188544147,2.0560859188544147,51.78,51.23,52.1,50.63,3229723,25.89,25.61,26.05,25.32,6459446,-0.019999999999999574,-0.0008
2018-12-19,24.72,25.86,24.59,25.64,MNST,6320872,1.9498806682577559,1.9498806682577559,51.28,49.44,51.71,49.18,3160436,25.64,24.72,25.86,24.59,6320872,-0.8900000000000006,-0.0348
2018-12-20,24.61,24.88,24.3,24.73,MNST,6608370,1.936754176610978,1.936754176610978,49.45,49.21,49.75,48.6,3304185,24.73,24.61,24.88,24.3,6608370,-0.10999999999999943,-0.0044
2018-12-21,24.11,25.09,24.08,24.67,MNST,11739844,1.8770883054892598,1.8770883054892598,49.34,48.23,50.18,48.16,5869922,24.67,24.11,25.09,24.08,11739844,-0.5,-0.0203
2018-12-24,23.98,24.39,23.88,24.13,MNST,3997858,1.8615751789976132,1.8615751789976132,48.25,47.95,48.78,47.76,1998929,24.13,23.98,24.39,23.88,3997858,-0.129999999999999,-0.0054
2018-12-26,24.55,24.55,23.87,24.05,MNST,7476948,1.9295942720763724,1.9295942720763724,48.11,49.1,49.11,47.74,3738474,24.05,24.55,24.55,23.87,7476948,0.5700000000000003,0.0238
2018-12-27,24.72,24.73,23.91,24.27,MNST,4936520,1.9498806682577559,1.9498806682577559,48.54,49.44,49.45,47.81,2468260,24.27,24.72,24.73,23.91,4936520,0.16999999999999815,0.0069
2018-12-28,24.52,24.89,24.22,24.76,MNST,5603016,1.9260143198090691,1.9260143198090691,49.52,49.04,49.78,48.44,2801508,24.76,24.52,24.89,24.22,5603016,-0.1999999999999993,-0.0081
2018-12-31,24.61,24.69,24.39,24.57,MNST,4522920,1.936754176610978,1.936754176610978,49.13,49.22,49.38,48.79,2261460,24.57,24.61,24.69,24.39,4522920,0.08999999999999986,0.0037
2019-01-02,24.38,24.43,24.09,24.28,MNST,7501524,1.9093078758949877,1.9093078758949877,48.56,48.76,48.86,48.17,3750762,24.28,24.38,24.43,24.09,7501524,-0.23000000000000043,-0.0093
2019-01-03,24.0,24.55,23.92,24.2,MNST,11526590,1.8639618138424818,1.8639618138424818,48.4,48.0,49.11,47.84,5763295,24.2,24.0,24.55,23.92,11526590,-0.379999999999999,-0.0156
2019-01-04,24.89,24.92,24.22,24.25,MNST,8070692,1.9701670644391405,1.9701670644391405,48.51,49.79,49.84,48.44,4035346,24.25,24.89,24.92,24.22,8070692,0.8900000000000006,0.0371
2019-01-07,24.86,25.04,24.59,24.7,MNST,6652286,1.9665871121718372,1.9665871121718372,49.4,49.73,50.07,49.17,3326143,24.7,24.86,25.04,24.59,6652286,-0.030000000000001137,-0.0012
2019-01-08,26.41,26.52,25.7,25.87,MNST,12059428,2.1515513126491648,2.1515513126491648,51.74,52.83,53.05,51.4,6029714,25.87,26.41,26.52,25.7,12059428,1.5500000000000007,0.0623
2019-01-09,26.66,27.01,26.4,26.54,MNST,12476818,2.1813842482100236,2.1813842482100236,53.07,53.33,54.02,52.8,6238409,26.54,26.66,27.01,26.4,12476818,0.25,0.0095
2019-01-10,26.63,26.65,25.94,26.63,MNST,12827848,2.1778042959427206,2.1778042959427206,53.25,53.26,53.3,51.88,6413924,26.63,26.63,26.65,25.94,12827848,-0.030000000000001137,-0.0011
2019-01-11,27.18,27.21,26.43,26.64,MNST,7941034,2.2434367541766105,2.2434367541766105,53.27,54.37,54.42,52.85,3970517,26.64,27.18,27.21,26.43,7941034,0.5500000000000007,0.0207
2019-01-14,27.07,27.21,26.73,26.91,MNST,6155562,2.2303102625298323,2.2303102625298323,53.82,54.15,54.43,53.46,3077781,26.91,27.07,27.21,26.73,6155562,-0.10999999999999943,-0.004
2019-01-15,27.38,27.48,27.02,27.09,MNST,4538368,2.267303102625298,2.267303102625298,54.19,54.76,54.96,54.05,2269184,27.09,27.38,27.48,27.02,4538368,0.3099999999999987,0.0115
2019-01-16,26.91,27.38,26.75,27.2,MNST,6750946,2.211217183770883,2.211217183770883,54.41,53.81,54.76,53.51,3375473,27.2,26.91,27.38,26.75,6750946,-0.46999999999999886,-0.0172
2019-01-17,27.14,27.34,26.95,26.95,MNST,5129536,2.238663484486873,2.238663484486873,53.9,54.27,54.67,53.89,2564768,26.95,27.14,27.34,26.95,5129536,0.23000000000000043,0.0085
2019-01-18,27.79,27.9,27.26,27.43,MNST,7967576,2.316229116945107,2.316229116945107,54.85,55.58,55.8,54.52,3983788,27.43,27.79,27.9,27.26,7967576,0.6499999999999986,0.0239
2019-01-22,27.74,27.77,27.26,27.68,MNST,5651912,2.310262529832935,2.310262529832935,55.35,55.48,55.54,54.52,2825956,27.68,27.74,27.77,27.26,5651912,-0.05000000000000071,-0.0018
2019-01-23,27.59,27.88,27.43,27.69,MNST,5941026,2.29236276849642,2.29236276849642,55.38,55.18,55.76,54.85,2970513,27.69,27.59,27.88,27.43,5941026,-0.14999999999999858,-0.0054
2019-01-24,27.68,27.81,27.46,27.55,MNST,6017262,2.3031026252983287,2.3031026252983287,55.1,55.36,55.62,54.93,3008631,27.55,27.68,27.81,27.46,6017262,0.08999999999999986,0.0033
2019-01-25,27.93,28.13,27.84,27.89,MNST,3694806,2.332935560859188,2.332935560859188,55.77,55.85,56.25,55.69,1847403,27.89,27.93,28.13,27.84,3694806,0.25,0.009
2019-01-28,27.78,27.91,27.53,27.77,MNST,3731856,2.3150357995226725,2.3150357995226725,55.54,55.56,55.81,55.06,1865928,27.77,27.78,27.91,27.53,3731856,-0.14999999999999858,-0.0054
2019-01-29,27.74,27.95,27.59,27.86,MNST,3016670,2.310262529832935,2.310262529832935,55.73,55.48,55.89,55.19,1508335,27.86,27.74,27.95,27.59,3016670,-0.0400000000000027,-0.0014
2019-01-30,28.11,28.19,27.68,27.77,MNST,4000970,2.3544152744630065,2.3544152744630065,55.55,56.22,56.38,55.35,2000485,27.77,28.11,28.19,27.68,4000970,0.370000000000001,0.0133
2019-01-31,28.62,28.66,28.06,28.12,MNST,5461666,2.41527446300716,2.41527446300716,56.24,57.24,57.33,56.12,2730833,28.12,28.62,28.66,28.06,5461666,0.5100000000000016,0.0181
2019-02-01,28.98,29.0,28.57,28.69,MNST,6026692,2.458233890214797,2.458233890214797,57.38,57.95,58.0,57.13,3013346,28.69,28.98,29.0,28.57,6026692,0.35999999999999943,0.0126
2019-02-04,29.09,29.1,28.73,29.0,MNST,8924046,2.471360381861575,2.471360381861575,58.01,58.18,58.2,57.47,4462023,29.0,29.09,29.1,28.73,8924046,0.10999999999999943,0.0038
2019-02-05,28.8,29.29,28.7,29.17,MNST,10100552,2.4367541766109784,2.4367541766109784,58.34,57.61,58.58,57.41,5050276,29.17,28.8,29.29,28.7,10100552,-0.28999999999999915,-0.01
2019-02-06,28.68,28.83,28.64,28.71,MNST,5392556,2.4224343675417654,2.4224343675417654,57.43,57.36,57.66,57.27,2696278,28.71,28.68,28.83,28.64,5392556,-0.120000000000001,-0.0042
2019-02-07,28.71,28.88,28.46,28.57,MNST,3255398,2.426014319809069,2.426014319809069,57.15,57.43,57.76,56.93,1627699,28.57,28.71,28.88,28.46,3255398,0.030000000000001137,0.001
2019-02-08,28.95,28.95,28.56,28.59,MNST,3071368,2.454653937947494,2.454653937947494,57.18,57.89,57.89,57.12,1535684,28.59,28.95,28.95,28.56,3071368,0.23999999999999844,0.0084
2019-02-11,29.0,29.16,28.9,28.97,MNST,3033466,2.4606205250596656,2.4606205250596656,57.94,58.0,58.32,57.8,1516733,28.97,29.0,29.16,28.9,3033466,0.05000000000000071,0.0017
2019-02-12,29.45,29.56,28.99,28.99,MNST,4428236,2.514319809069212,2.514319809069212,57.98,58.89,59.12,57.98,2214118,28.99,29.45,29.56,28.99,4428236,0.4499999999999993,0.0155
2019-02-13,29.66,29.7,29.48,29.5,MNST,3448622,2.539379474940334,2.539379474940334,59.01,59.31,59.39,58.95,1724311,29.5,29.66,29.7,29.48,3448622,0.21000000000000085,0.0071
2019-02-14,29.32,29.59,29.0,29.41,MNST,5913680,2.498806682577565,2.498806682577565,58.81,58.63,59.18,58.0,2956840,29.41,29.32,29.59,29.0,5913680,-0.33999999999999986,-0.0115
2019-02-15,29.36,29.61,29.29,29.5,MNST,5226454,2.5035799522673026,2.5035799522673026,59.0,58.72,59.22,58.58,2613227,29.5,29.36,29.61,29.29,5226454,0.03999999999999915,0.0014
2019-02-19,29.11,29.32,28.96,29.25,MNST,6840510,2.4737470167064433,2.4737470167064433,58.5,58.23,58.65,57.93,3420255,29.25,29.11,29.32,28.96,6840510,-0.25,-0.0085
2019-02-20,29.35,29.55,29.11,29.19,MNST,5472346,2.5023866348448682,2.5023866348448682,58.38,58.7,59.1,58.21,2736173,29.19,29.35,29.55,29.11,5472346,0.240000000000002,0.0082
2019-02-21,29.44,29.86,29.15,29.23,MNST,5712298,2.513126491646778,2.513126491646778,58.46,58.88,59.73,58.3,2856149,29.23,29.44,29.86,29.15,5712298,0.08999999999999986,0.0031
2019-02-22,29.22,29.59,29.11,29.4,MNST,5120410,2.4868735083532214,2.4868735083532214,58.8,58.44,59.19,58.21,2560205,29.4,29.22,29.59,29.11,5120410,-0.22000000000000242,-0.0075
2019-02-25,29.27,29.57,29.14,29.54,MNST,4860018,2.4928400954653935,2.4928400954653935,59.08,58.54,59.14,58.27,2430009,29.54,29.27,29.57,29.14,4860018,0.05000000000000071,0.0017
2019-02-26,29.37,29.52,29.21,29.3,MNST,3570102,2.5047732696897373,2.5047732696897373,58.61,58.74,59.05,58.42,1785051,29.3,29.37,29.52,29.21,3570102,0.10000000000000142,0.0034
2019-02-27,29.37,29.41,28.95,29.16,MNST,10246840,2.5047732696897373,2.5047732696897373,58.33,58.74,58.83,57.91,5123420,29.16,29.37,29.41,28.95,10246840,0.0,0.0
2019-02-28,31.91,33.19,31.61,31.61,MNST,20948126,2.807875894988067,2.807875894988067,63.22,63.83,66.38,63.22,10474063,31.61,31.91,33.19,31.61,20948126,2.539999999999999,0.0865
2019-03-01,32.37,32.49,31.63,32.19,MNST,7700826,2.862768496420047,2.862768496420047,64.37,64.74,64.98,63.25,3850413,32.19,32.37,32.49,31.63,7700826,0.4599999999999973,0.0144
2019-03-04,32.51,32.78,32.15,32.38,MNST,7171514,2.879474940334128,2.879474940334128,64.77,65.02,65.57,64.29,3585757,32.38,32.51,32.78,32.15,7171514,0.14000000000000057,0.0043
2019-03-05,31.31,32.25,31.25,32.25,MNST,10248772,2.7362768496420045,2.7362768496420045,64.5,62.62,64.5,62.51,5124386,32.25,31.31,32.25,31.25,10248772,-1.1999999999999993,-0.0369
2019-03-06,30.87,31.55,30.75,31.36,MNST,9506784,2.6837708830548928,2.6837708830548928,62.73,61.74,63.1,61.51,4753392,31.36,30.87,31.55,30.75,9506784,-0.4399999999999977,-0.0141
2019-03-07,30.8,31.3,30.61,31.0,MNST,10783860,2.675417661097852,2.675417661097852,62.0,61.59,62.6,61.23,5391930,31.0,30.8,31.3,30.61,10783860,-0.07000000000000028,-0.0023
2019-03-08,30.3,30.74,30.04,30.61,MNST,5926484,2.615751789976134,2.615751789976134,61.23,60.61,61.48,60.08,2963242,30.61,30.3,30.74,30.04,5926484,-0.5,-0.0162
2019-03-11,30.59,30.66,30.23,30.25,MNST,8385468,2.65035799522673,2.65035799522673,60.5,61.19,61.32,60.45,4192734,30.25,30.59,30.66,30.23,8385468,0.28999999999999915,0.0096
2019-03-12,30.11,30.5,29.73,30.37,MNST,10997176,2.59307875894988,2.59307875894988,60.74,60.23,60.99,59.47,5498588,30.37,30.11,30.5,29.73,10997176,-0.4800000000000004,-0.0157
2019-03-13,29.89,30.29,29.7,30.05,MNST,7786076,2.566825775656324,2.566825775656324,60.11,59.77,60.58,59.39,3893038,30.05,29.89,30.29,29.7,7786076,-0.21999999999999886,-0.0073
2019-03-14,29.84,30.08,29.79,29.85,MNST,8270764,2.5608591885441525,2.5608591885441525,59.7,59.67,60.16,59.57,4135382,29.85,29.84,30.08,29.79,8270764,-0.05000000000000071,-0.0017
2019-03-15,30.14,30.54,29.93,30.0,MNST,12522560,2.5966587112171835,2.5966587112171835,60.0,60.27,61.08,59.87,6261280,30.0,30.14,30.54,29.93,12522560,0.3000000000000007,0.0101
2019-03-18,30.3,30.57,30.14,30.16,MNST,6111418,2.615751789976134,2.615751789976134,60.33,60.6,61.15,60.28,3055709,30.16,30.3,30.57,30.14,6111418,0.16000000000000014,0.0053
2019-03-19,28.96,29.5,28.77,29.44,MNST,13199322,2.4558472553699278,2.4558472553699278,58.88,57.92,58.99,57.53,6599661,29.44,28.96,29.5,28.77,13199322,-1.3399999999999999,-0.0442
2019-03-20,28.25,28.77,28.15,28.41,MNST,18263166,2.3711217183770876,2.3711217183770876,56.83,56.5,57.55,56.3,9131583,28.41,28.25,28.77,28.15,18263166,-0.7100000000000009,-0.0245
2019-03-21,27.1,28.42,27.09,28.32,MNST,23419346,2.233890214797136,2.233890214797136,56.65,54.2,56.84,54.17,11709673,28.32,27.1,28.42,27.09,23419346,-1.1499999999999986,-0.0407
2019-03-22,26.75,27.23,26.47,27.11,MNST,16682068,2.1921241050119327,2.1921241050119327,54.21,53.51,54.45,52.94,8341034,27.11,26.75,27.23,26.47,16682068,-0.3500000000000014,-0.0129
2019-03-25,27.27,27.41,26.7,26.76,MNST,12775776,2.25417661097852,2.25417661097852,53.52,54.55,54.81,53.41,6387888,26.76,27.27,27.41,26.7,12775776,0.5199999999999996,0.0194
2019-03-26,27.81,27.84,27.35,27.36,MNST,16577394,2.318615751789976,2.318615751789976,54.73,55.62,55.68,54.7,8288697,27.36,27.81,27.84,27.35,16577394,0.5399999999999991,0.0198
2019-03-27,27.44,27.89,27.28,27.71,MNST,7433850,2.2744630071599046,2.2744630071599046,55.43,54.88,55.78,54.56,3716925,27.71,27.44,27.89,27.28,7433850,-0.36999999999999744,-0.0133
2019-03-28,27.23,27.66,27.18,27.39,MNST,9046414,2.2494033412887826,2.2494033412887826,54.79,54.46,55.33,54.37,4523207,27.39,27.23,27.66,27.18,9046414,-0.21000000000000085,-0.0077
2019-03-29,27.29,27.42,26.87,27.27,MNST,9803054,2.256563245823388,2.256563245823388,54.55,54.58,54.84,53.74,4901527,27.27,27.29,27.42,26.87,9803054,0.05999999999999872,0.0022
2019-04-01,26.64,27.43,26.52,27.19,MNST,10675142,2.1789976133651545,2.1789976133651545,54.38,53.28,54.87,53.05,5337571,27.19,26.64,27.43,26.52,10675142,-0.6499999999999986,-0.0238
2019-04-02,26.66,27.09,26.11,26.5,MNST,14974650,2.1813842482100236,2.1813842482100236,52.99,53.33,54.19,52.23,7487325,26.5,26.66,27.09,26.11,14974650,0.019999999999999574,0.0008
2019-04-03,26.3,26.95,26.22,26.75,MNST,9952902,2.1384248210023866,2.1384248210023866,53.5,52.59,53.91,52.45,4976451,26.75,26.3,26.95,26.22,9952902,-0.35999999999999943,-0.0135
2019-04-04,26.43,26.56,26.21,26.38,MNST,6896824,2.153937947494033,2.153937947494033,52.76,52.87,53.12,52.42,3448412,26.38,26.43,26.56,26.21,6896824,0.129999999999999,0.0049
2019-04-05,26.44,26.9,26.36,26.61,MNST,6386472,2.155131264916468,2.155131264916468,53.23,52.88,53.8,52.73,3193236,26.61,26.44,26.9,26.36,6386472,0.010000000000001563,0.0004
2019-04-08,26.54,26.7,26.38,26.54,MNST,6415646,2.1670644391408107,2.1670644391408107,53.07,53.07,53.4,52.75,3207823,26.54,26.54,26.7,26.38,6415646,0.09999999999999787,0.0038
2019-04-09,27.34,27.37,26.52,26.52,MNST,12463298,2.2625298329355608,2.2625298329355608,53.03,54.69,54.74,53.03,6231649,26.52,27.34,27.37,26.52,12463298,0.8000000000000007,0.0301
2019-04-10,27.48,27.58,27.09,27.35,MNST,11282888,2.279236276849642,2.279236276849642,54.7,54.97,55.16,54.18,5641444,27.35,27.48,27.58,27.09,11282888,0.14000000000000057,0.0051
2019-04-11,27.38,27.69,26.93,27.59,MNST,16114314,2.267303102625298,2.267303102625298,55.17,54.75,55.38,53.86,8057157,27.59,27.38,27.69,26.93,16114314,-0.10000000000000142,-0.0036
2019-04-12,26.51,27.41,26.29,27.38,MNST,12316580,2.1634844868735086,2.1634844868735086,54.75,53.02,54.83,52.57,6158290,27.38,26.51,27.41,26.29,12316580,-0.8699999999999974,-0.0318
2019-04-15,27.04,27.23,26.5,26.5,MNST,6061456,2.2267303102625293,2.2267303102625293,53.0,54.07,54.46,53.0,3030728,26.5,27.04,27.23,26.5,6061456,0.5299999999999976,0.02
2019-04-16,27.1,27.6,26.89,27.05,MNST,8438166,2.233890214797136,2.233890214797136,54.09,54.2,55.2,53.79,4219083,27.05,27.1,27.6,26.89,8438166,0.060000000000002274,0.0022
2019-04-17,27.45,27.54,27.14,27.18,MNST,7925564,2.275656324582339,2.275656324582339,54.36,54.89,55.07,54.29,3962782,27.18,27.45,27.54,27.14,7925564,0.34999999999999787,0.0129
2019-04-18,27.6,27.71,27.4,27.61,MNST,8432522,2.293556085918854,2.293556085918854,55.23,55.2,55.42,54.8,4216261,27.61,27.6,27.71,27.4,8432522,0.15000000000000213,0.0055
2019-04-22,27.48,27.7,27.38,27.52,MNST,5183296,2.279236276849642,2.279236276849642,55.04,54.97,55.39,54.75,2591648,27.52,27.48,27.7,27.38,5183296,-0.120000000000001,-0.0043
2019-04-23,28.11,28.13,27.5,27.5,MNST,9304208,2.3544152744630065,2.3544152744630065,54.99,56.23,56.26,54.99,4652104,27.5,28.11,28.13,27.5,9304208,0.629999999999999,0.0229
2019-04-24,28.41,28.57,28.18,28.2,MNST,7337642,2.390214797136038,2.390214797136038,56.39,56.82,57.15,56.35,3668821,28.2,28.41,28.57,28.18,7337642,0.3000000000000007,0.0107
2019-04-25,28.95,29.03,27.89,28.13,MNST,9231872,2.454653937947494,2.454653937947494,56.26,57.9,58.06,55.78,4615936,28.13,28.95,29.03,27.89,9231872,0.5399999999999991,0.019
2019-04-26,29.82,29.84,29.16,29.16,MNST,10826630,2.5584725536992834,2.5584725536992834,58.33,59.65,59.69,58.33,5413315,29.16,29.82,29.84,29.16,10826630,0.870000000000001,0.0301
2019-04-29,29.34,29.79,29.34,29.73,MNST,8506942,2.5011933174224343,2.5011933174224343,59.46,58.69,59.57,58.68,4253471,29.73,29.34,29.79,29.34,8506942,-0.4800000000000004,-0.0161
2019-04-30,29.8,29.93,29.5,29.59,MNST,9130458,2.556085918854415,2.556085918854415,59.18,59.6,59.86,59.0,4565229,29.59,29.8,29.93,29.5,9130458,0.46000000000000085,0.0157
2019-05-01,28.97,29.74,28.93,29.74,MNST,7273020,2.457040572792362,2.457040572792362,59.48,57.94,59.48,57.87,3636510,29.74,28.97,29.74,28.93,7273020,-0.8300000000000018,-0.0279
2019-05-02,29.0,29.5,28.72,29.0,MNST,9689408,2.4606205250596656,2.4606205250596656,57.99,57.99,58.99,57.44,4844704,29.0,29.0,29.5,28.72,9689408,0.030000000000001137,0.001
2019-05-03,31.55,32.05,30.63,31.45,MNST,19805366,2.7649164677804294,2.7649164677804294,62.9,63.11,64.11,61.26,9902683,31.45,31.55,32.05,30.63,19805366,2.5500000000000007,0.0879
2019-05-06,31.31,31.39,30.68,31.02,MNST,5876102,2.7362768496420045,2.7362768496420045,62.05,62.62,62.77,61.36,2938051,31.02,31.31,31.39,30.68,5876102,-0.240000000000002,-0.0076
2019-05-07,30.8,31.16,30.59,31.07,MNST,7418220,2.675417661097852,2.675417661097852,62.13,61.6,62.33,61.17,3709110,31.07,30.8,31.16,30.59,7418220,-0.509999999999998,-0.0163
2019-05-08,30.84,30.96,30.58,30.73,MNST,6518080,2.6801909307875893,2.6801909307875893,61.47,61.68,61.93,61.16,3259040,30.73,30.84,30.96,30.58,6518080,0.03999999999999915,0.0013
2019-05-09,30.96,31.14,30.37,30.58,MNST,5555870,2.6945107398568013,2.6945107398568013,61.16,61.92,62.27,60.74,2777935,30.58,30.96,31.14,30.37,5555870,0.120000000000001,0.0039
2019-05-10,31.5,31.58,30.77,30.8,MNST,7175408,2.7589498806682573,2.7589498806682573,61.6,63.0,63.16,61.53,3587704,30.8,31.5,31.58,30.77,7175408,0.5399999999999991,0.0174
2019-05-13,31.17,31.3,30.91,31.11,MNST,6549108,2.7195704057279233,2.7195704057279233,62.22,62.34,62.6,61.81,3274554,31.11,31.17,31.3,30.91,6549108,-0.3299999999999983,-0.0105
2019-05-14,31.18,31.34,30.76,31.05,MNST,6071208,2.720763723150357,2.720763723150357,62.1,62.35,62.68,61.53,3035604,31.05,31.18,31.34,30.76,6071208,0.00999999999999801,0.0003
2019-05-15,31.54,31.61,31.03,31.13,MNST,5900794,2.7637231503579947,2.7637231503579947,62.25,63.07,63.22,62.06,2950397,31.13,31.54,31.61,31.03,5900794,0.35999999999999943,0.0115
2019-05-16,31.96,32.09,31.54,31.54,MNST,5339298,2.813842482100238,2.813842482100238,63.07,63.93,64.17,63.07,2669649,31.54,31.96,32.09,31.54,5339298,0.4200000000000017,0.0133
2019-05-17,31.82,32.03,31.76,31.93,MNST,3800014,2.797136038186157,2.797136038186157,63.87,63.63,64.07,63.52,1900007,31.93,31.82,32.03,31.76,3800014,-0.14000000000000057,-0.0044
2019-05-20,31.8,31.87,31.57,31.73,MNST,4226796,2.7947494033412887,2.7947494033412887,63.46,63.61,63.74,63.15,2113398,31.73,31.8,31.87,31.57,4226796,-0.019999999999999574,-0.0006
2019-05-21,31.87,32.01,31.64,31.93,MNST,3545080,2.8031026252983295,2.8031026252983295,63.86,63.74,64.01,63.27,1772540,31.93,31.87,32.01,31.64,3545080,0.07000000000000028,0.0022
2019-05-22,32.0,32.13,31.66,31.85,MNST,5430422,2.8186157517899755,2.8186157517899755,63.7,64.0,64.25,63.31,2715211,31.85,32.0,32.13,31.66,5430422,0.129999999999999,0.0041
2019-05-23,31.61,31.96,31.5,31.74,MNST,4559872,2.772076372315035,2.772076372315035,63.48,63.23,63.92,63.0,2279936,31.74,31.61,31.96,31.5,4559872,-0.39000000000000057,-0.0122
2019-05-24,31.71,31.84,31.38,31.67,MNST,2823562,2.784009546539379,2.784009546539379,63.34,63.42,63.69,62.75,1411781,31.67,31.71,31.84,31.38,2823562,0.10000000000000142,0.0032
2019-05-28,31.14,31.91,31.11,31.68,MNST,6031106,2.71599045346062,2.71599045346062,63.35,62.27,63.82,62.22,3015553,31.68,31.14,31.91,31.11,6031106,-0.5700000000000003,-0.018
2019-05-29,30.88,31.33,30.8,31.25,MNST,5685920,2.6849642004773266,2.6849642004773266,62.51,61.76,62.66,61.61,2842960,31.25,30.88,31.33,30.8,5685920,-0.26000000000000156,-0.0083
2019-05-30,31.14,31.21,30.89,31.0,MNST,3018186,2.71599045346062,2.71599045346062,62.0,62.28,62.43,61.77,1509093,31.0,31.14,31.21,30.89,3018186,0.26000000000000156,0.0084
2019-05-31,30.93,31.42,30.9,30.98,MNST,5246526,2.6909307875894983,2.6909307875894983,61.95,61.86,62.84,61.8,2623263,30.98,30.93,31.42,30.9,5246526,-0.21000000000000085,-0.0067
2019-06-03,31.41,31.54,31.02,31.02,MNST,5136328,2.7482100238663483,2.7482100238663483,62.04,62.81,63.07,62.04,2568164,31.02,31.41,31.54,31.02,5136328,0.4800000000000004,0.0155
2019-06-04,31.43,31.75,31.11,31.74,MNST,5795006,2.7505966587112165,2.7505966587112165,63.48,62.87,63.49,62.22,2897503,31.74,31.43,31.75,31.11,5795006,0.019999999999999574,0.0006
2019-06-05,32.02,32.14,31.67,31.75,MNST,7878530,2.8210023866348446,2.8210023866348446,63.5,64.03,64.28,63.34,3939265,31.75,32.02,32.14,31.67,7878530,0.5900000000000034,0.0188
2019-06-06,31.92,32.13,31.73,32.1,MNST,5197932,2.809069212410501,2.809069212410501,64.2,63.84,64.26,63.46,2598966,32.1,31.92,32.13,31.73,5197932,-0.10000000000000142,-0.0031
2019-06-07,32.96,33.18,32.13,32.17,MNST,13515936,2.933174224343675,2.933174224343675,64.35,65.92,66.36,64.27,6757968,32.17,32.96,33.18,32.13,13515936,1.0399999999999991,0.0326
2019-06-10,32.88,33.15,32.65,32.93,MNST,6066506,2.9236276849642002,2.9236276849642002,65.86,65.75,66.29,65.3,3033253,32.93,32.88,33.15,32.65,6066506,-0.0799999999999983,-0.0024
2019-06-11,32.25,33.07,32.08,33.01,MNST,7780652,2.848448687350835,2.848448687350835,66.01,64.5,66.14,64.16,3890326,33.01,32.25,33.07,32.08,7780652,-0.6300000000000026,-0.0192
2019-06-12,32.04,32.55,31.96,32.32,MNST,3985004,2.823389021479713,2.823389021479713,64.64,64.08,65.11,63.93,1992502,32.32,32.04,32.55,31.96,3985004,-0.21000000000000085,-0.0065
2019-06-13,30.3,32.2,30.29,32.04,MNST,11557762,2.615751789976134,2.615751789976134,64.08,60.6,64.39,60.57,5778881,32.04,30.3,32.2,30.29,11557762,-1.7399999999999984,-0.0543
2019-06-14,30.66,31.07,30.41,30.41,MNST,7513748,2.658711217183771,2.658711217183771,60.81,61.33,62.13,60.81,3756874,30.41,30.66,31.07,30.41,7513748,0.35999999999999943,0.0119
2019-06-17,30.96,31.23,30.61,30.74,MNST,7867764,2.6945107398568013,2.6945107398568013,61.48,61.92,62.45,61.21,3933882,30.74,30.96,31.23,30.61,7867764,0.3000000000000007,0.0098
2019-06-18,31.06,31.41,30.98,31.3,MNST,4476164,2.706443914081145,2.706443914081145,62.61,62.12,62.81,61.96,2238082,31.3,31.06,31.41,30.98,4476164,0.09999999999999787,0.0032
2019-06-19,31.18,31.25,30.61,30.99,MNST,3747852,2.720763723150357,2.720763723150357,61.98,62.36,62.5,61.23,1873926,30.99,31.18,31.25,30.61,3747852,0.120000000000001,0.0039
2019-06-20,31.76,31.81,31.37,31.46,MNST,4434842,2.7899761336515514,2.7899761336515514,62.93,63.52,63.62,62.74,2217421,31.46,31.76,31.81,31.37,4434842,0.5800000000000018,0.0186
2019-06-21,31.89,31.96,31.54,31.75,MNST,7115462,2.8054892601431978,2.8054892601431978,63.5,63.78,63.91,63.07,3557731,31.75,31.89,31.96,31.54,7115462,0.129999999999999,0.0041
2019-06-24,31.78,32.06,31.75,31.95,MNST,3586076,2.7923627684964196,2.7923627684964196,63.9,63.56,64.13,63.51,1793038,31.95,31.78,32.06,31.75,3586076,-0.10999999999999943,-0.0034
2019-06-25,31.66,31.96,31.61,31.96,MNST,3422954,2.7780429594272076,2.7780429594272076,63.93,63.33,63.93,63.23,1711477,31.96,31.66,31.96,31.61,3422954,-0.120000000000001,-0.0038
2019-06-26,31.8,32.07,31.7,31.88,MNST,4275978,2.7947494033412887,2.7947494033412887,63.75,63.6,64.14,63.41,2137989,31.88,31.8,32.07,31.7,4275978,0.14000000000000057,0.0044
2019-06-27,31.79,31.94,31.66,31.77,MNST,5310636,2.793556085918854,2.793556085918854,63.53,63.57,63.88,63.33,2655318,31.77,31.79,31.94,31.66,5310636,-0.010000000000001563,-0.0003
2019-06-28,31.91,32.17,31.68,31.91,MNST,5810234,2.807875894988067,2.807875894988067,63.83,63.83,64.35,63.35,2905117,31.91,31.91,32.17,31.68,5810234,0.120000000000001,0.0038
2019-07-01,32.38,32.41,31.52,31.55,MNST,4820056,2.863961813842482,2.863961813842482,63.1,64.77,64.83,63.05,2410028,31.55,32.38,32.41,31.52,4820056,0.4700000000000024,0.0147
2019-07-02,32.33,32.67,32.16,32.51,MNST,3327420,2.8579952267303095,2.8579952267303095,65.01,64.65,65.34,64.31,1663710,32.51,32.33,32.67,32.16,3327420,-0.05000000000000426,-0.0015
2019-07-03,32.98,33.02,32.35,32.51,MNST,5492318,2.935560859188543,2.935560859188543,65.02,65.95,66.05,64.71,2746159,32.51,32.98,33.02,32.35,5492318,0.6499999999999986,0.0201
2019-07-05,32.96,32.97,32.42,32.42,MNST,2188216,2.933174224343675,2.933174224343675,64.85,65.92,65.93,64.85,1094108,32.42,32.96,32.97,32.42,2188216,-0.01999999999999602,-0.0006
2019-07-08,33.0,33.08,32.7,32.95,MNST,4245858,2.9379474940334123,2.9379474940334123,65.89,66.0,66.17,65.39,2122929,32.95,33.0,33.08,32.7,4245858,0.03999999999999915,0.0012
2019-07-09,32.38,32.87,32.17,32.85,MNST,4528674,2.863961813842482,2.863961813842482,65.7,64.76,65.74,64.34,2264337,32.85,32.38,32.87,32.17,4528674,-0.6199999999999974,-0.0188
2019-07-10,32.52,32.78,32.4,32.48,MNST,4573604,2.880668257756563,2.880668257756563,64.96,65.03,65.56,64.8,2286802,32.48,32.52,32.78,32.4,4573604,0.14000000000000057,0.0043
2019-07-11,32.4,32.55,32.09,32.55,MNST,3298614,2.8663484486873503,2.8663484486873503,65.1,64.8,65.1,64.19,1649307,32.55,32.4,32.55,32.09,3298614,-0.12000000000000455,-0.0037
2019-07-12,32.5,32.62,32.2,32.44,MNST,3212728,2.878281622911694,2.878281622911694,64.88,65.0,65.24,64.39,1606364,32.44,32.5,32.62,32.2,3212728,0.10000000000000142,0.0031
2019-07-15,32.63,32.85,32.52,32.61,MNST,2747240,2.893794749403341,2.893794749403341,65.22,65.26,65.7,65.03,1373620,32.61,32.63,32.85,32.52,2747240,0.13000000000000256,0.004
2019-07-16,32.9,32.93,32.52,32.55,MNST,4291222,2.9260143198090685,2.9260143198090685,65.1,65.79,65.86,65.03,2145611,32.55,32.9,32.93,32.52,4291222,0.269999999999996,0.0083
2019-07-17,32.87,32.94,32.6,32.65,MNST,3381720,2.9224343675417654,2.9224343675417654,65.3,65.74,65.88,65.2,1690860,32.65,32.87,32.94,32.6,3381720,-0.030000000000001137,-0.0009
2019-07-18,32.48,32.97,32.45,32.94,MNST,4033318,2.875894988066825,2.875894988066825,65.87,64.97,65.94,64.9,2016659,32.94,32.48,32.97,32.45,4033318,-0.39000000000000057,-0.0119
2019-07-19,31.63,32.38,31.39,32.38,MNST,7739808,2.774463007159904,2.774463007159904,64.75,63.26,64.75,62.78,3869904,32.38,31.63,32.38,31.39,7739808,-0.8499999999999979,-0.0262
2019-07-22,31.77,32.15,31.5,31.64,MNST,3771968,2.7911694510739853,2.7911694510739853,63.27,63.53,64.3,63.01,1885984,31.64,31.77,32.15,31.5,3771968,0.14000000000000057,0.0044
2019-07-23,32.05,32.19,31.48,32.05,MNST,5057630,2.824582338902147,2.824582338902147,64.1,64.1,64.38,62.95,2528815,32.05,32.05,32.19,31.48,5057630,0.2799999999999976,0.0088
2019-07-24,32.37,32.53,32.05,32.14,MNST,3557588,2.862768496420047,2.862768496420047,64.28,64.74,65.07,64.1,1778794,32.14,32.37,32.53,32.05,3557588,0.3200000000000003,0.01
2019-07-25,32.08,32.53,32.02,32.31,MNST,2704770,2.82816229116945,2.82816229116945,64.63,64.16,65.07,64.03,1352385,32.31,32.08,32.53,32.02,2704770,-0.28999999999999915,-0.009
2019-07-26,32.6,32.72,32.0,32.23,MNST,3418194,2.890214797136038,2.890214797136038,64.47,65.2,65.43,63.99,1709097,32.23,32.6,32.72,32.0,3418194,0.5200000000000031,0.0162
2019-07-29,32.7,32.85,32.58,32.62,MNST,4383908,2.9021479713603817,2.9021479713603817,65.23,65.39,65.71,65.15,2191954,32.62,32.7,32.85,32.58,4383908,0.10000000000000142,0.0031
2019-07-30,32.76,32.84,32.52,32.58,MNST,4201170,2.9093078758949873,2.9093078758949873,65.16,65.51,65.68,65.05,2100585,32.58,32.76,32.84,32.52,4201170,0.05999999999999517,0.0018
2019-07-31,32.23,32.72,31.86,32.66,MNST,5420922,2.8460620525059657,2.8460620525059657,65.33,64.47,65.44,63.72,2710461,32.66,32.23,32.72,31.86,5420922,-0.5300000000000011,-0.0162
2019-08-01,31.73,32.66,31.64,32.4,MNST,5764642,2.786396181384248,2.786396181384248,64.79,63.46,65.33,63.29,2882321,32.4,31.73,32.66,31.64,5764642,-0.49999999999999645,-0.0155
2019-08-02,31.2,31.86,31.11,31.81,MNST,5865942,2.7231503579952263,2.7231503579952263,63.62,62.39,63.73,62.21,2932971,31.81,31.2,31.86,31.11,5865942,-0.5300000000000011,-0.0167
2019-08-05,29.48,31.57,29.42,31.57,MNST,10775200,2.5178997613365155,2.5178997613365155,63.14,58.96,63.14,58.84,5387600,31.57,29.48,31.57,29.42,10775200,-1.7199999999999989,-0.0551
2019-08-06,30.09,30.29,29.29,29.5,MNST,13123950,2.590692124105012,2.590692124105012,59.0,60.18,60.57,58.57,6561975,29.5,30.09,30.29,29.29,13123950,0.6099999999999994,0.0207
2019-08-07,30.2,30.32,29.49,29.8,MNST,10984210,2.60381861575179,2.60381861575179,59.59,60.39,60.63,58.97,5492105,29.8,30.2,30.32,29.49,10984210,0.10999999999999943,0.0037
2019-08-08,31.09,31.18,26.91,27.45,MNST,24494672,2.7100238663484486,2.7100238663484486,54.9,62.18,62.37,53.81,12247336,27.45,31.09,31.18,26.91,24494672,0.8900000000000006,0.0295
2019-08-09,29.61,30.9,29.55,30.86,MNST,10508876,2.533412887828162,2.533412887828162,61.73,59.23,61.8,59.11,5254438,30.86,29.61,30.9,29.55,10508876,-1.4800000000000004,-0.0476
2019-08-12,28.24,28.95,28.0,28.01,MNST,10564042,2.3699284009546537,2.3699284009546537,56.02,56.48,57.89,56.0,5282021,28.01,28.24,28.95,28.0,10564042,-1.370000000000001,-0.0463
2019-08-13,29.02,29.15,28.0,28.01,MNST,7000764,2.4630071599045342,2.4630071599045342,56.02,58.04,58.3,56.0,3500382,28.01,29.02,29.15,28.0,7000764,0.7800000000000011,0.0276
2019-08-14,28.05,28.86,28.0,28.67,MNST,5229078,2.347255369928401,2.347255369928401,57.34,56.11,57.71,55.99,2614539,28.67,28.05,28.86,28.0,5229078,-0.9699999999999989,-0.0334
2019-08-15,28.48,28.66,28.06,28.32,MNST,6127466,2.3985680190930787,2.3985680190930787,56.64,56.95,57.32,56.12,3063733,28.32,28.48,28.66,28.06,6127466,0.4299999999999997,0.0153
2019-08-16,28.59,28.84,28.33,28.7,MNST,3733914,2.411694510739857,2.411694510739857,57.41,57.18,57.69,56.66,1866957,28.7,28.59,28.84,28.33,3733914,0.10999999999999943,0.0039
2019-08-19,28.9,29.11,28.7,28.98,MNST,4904156,2.4486873508353213,2.4486873508353213,57.95,57.8,58.21,57.4,2452078,28.98,28.9,29.11,28.7,4904156,0.3099999999999987,0.0108
2019-08-20,28.92,29.11,28.54,28.79,MNST,4162826,2.4510739856801904,2.4510739856801904,57.57,57.84,58.21,57.07,2081413,28.79,28.92,29.11,28.54,4162826,0.020000000000003126,0.0007
2019-08-21,29.02,29.24,28.91,29.18,MNST,3467984,2.4630071599045342,2.4630071599045342,58.35,58.03,58.48,57.82,1733992,29.18,29.02,29.24,28.91,3467984,0.09999999999999787,0.0035
2019-08-22,28.59,29.03,28.36,29.0,MNST,4765104,2.411694510739857,2.411694510739857,57.99,57.19,58.06,56.72,2382552,29.0,28.59,29.03,28.36,4765104,-0.4299999999999997,-0.0148
2019-08-23,28.04,28.83,27.93,28.59,MNST,5169020,2.346062052505966,2.346062052505966,57.18,56.08,57.66,55.85,2584510,28.59,28.04,28.83,27.93,5169020,-0.5500000000000007,-0.0192
2019-08-26,28.32,28.37,28.0,28.26,MNST,3365804,2.3794749403341284,2.3794749403341284,56.52,56.65,56.74,55.99,1682902,28.26,28.32,28.37,28.0,3365804,0.28000000000000114,0.01
2019-08-27,28.29,28.57,28.02,28.43,MNST,4533678,2.375894988066825,2.375894988066825,56.86,56.57,57.13,56.05,2266839,28.43,28.29,28.57,28.02,4533678,-0.030000000000001137,-0.0011
2019-08-28,29.04,29.23,28.36,28.54,MNST,6395728,2.465393794749403,2.465393794749403,57.07,58.08,58.46,56.73,3197864,28.54,29.04,29.23,28.36,6395728,0.75,0.0265
2019-08-29,28.8,29.32,28.75,29.32,MNST,4096554,2.4367541766109784,2.4367541766109784,58.64,57.61,58.65,57.5,2048277,29.32,28.8,29.32,28.75,4096554,-0.23999999999999844,-0.0083
2019-08-30,29.34,29.41,29.02,29.02,MNST,4427010,2.5011933174224343,2.5011933174224343,58.05,58.67,58.83,58.05,2213505,29.02,29.34,29.41,29.02,4427010,0.5399999999999991,0.0187
2019-09-03,28.82,29.11,28.68,29.06,MNST,5075704,2.4391408114558466,2.4391408114558466,58.12,57.64,58.22,57.35,2537852,29.06,28.82,29.11,28.68,5075704,-0.5199999999999996,-0.0177
2019-09-04,29.03,29.18,28.82,28.99,MNST,3721252,2.4642004773269686,2.4642004773269686,57.98,58.06,58.37,57.65,1860626,28.99,29.03,29.18,28.82,3721252,0.21000000000000085,0.0073
2019-09-05,29.39,29.51,29.03,29.22,MNST,4049148,2.5071599045346056,2.5071599045346056,58.44,58.77,59.02,58.06,2024574,29.22,29.39,29.51,29.03,4049148,0.35999999999999943,0.0124
2019-09-06,28.59,29.46,28.52,29.38,MNST,5908260,2.411694510739857,2.411694510739857,58.75,57.17,58.93,57.03,2954130,29.38,28.59,29.46,28.52,5908260,-0.8000000000000007,-0.0272
2019-09-09,28.61,28.88,28.16,28.52,MNST,7793880,2.414081145584725,2.414081145584725,57.03,57.23,57.76,56.32,3896940,28.52,28.61,28.88,28.16,7793880,0.019999999999999574,0.0007
2019-09-10,28.88,28.88,28.34,28.49,MNST,4650930,2.446300715990453,2.446300715990453,56.98,57.76,57.76,56.67,2325465,28.49,28.88,28.88,28.34,4650930,0.2699999999999996,0.0094
2019-09-11,28.43,28.98,28.0,28.68,MNST,7753804,2.3926014319809066,2.3926014319809066,57.37,56.87,57.97,55.99,3876902,28.68,28.43,28.98,28.0,7753804,-0.4499999999999993,-0.0156
2019-09-12,28.73,29.07,28.66,28.72,MNST,4019526,2.428400954653938,2.428400954653938,57.44,57.45,58.13,57.32,2009763,28.72,28.73,29.07,28.66,4019526,0.3000000000000007,0.0106
2019-09-13,29.43,29.78,28.68,28.68,MNST,9108762,2.511933174224343,2.511933174224343,57.37,58.86,59.56,57.37,4554381,28.68,29.43,29.78,28.68,9108762,0.6999999999999993,0.0244
2019-09-16,29.61,29.71,29.18,29.29,MNST,6446522,2.533412887828162,2.533412887828162,58.57,59.23,59.42,58.37,3223261,29.29,29.61,29.71,29.18,6446522,0.17999999999999972,0.0061
2019-09-17,29.0,29.68,28.8,29.52,MNST,8700316,2.4606205250596656,2.4606205250596656,59.05,57.99,59.36,57.6,4350158,29.52,29.0,29.68,28.8,8700316,-0.6099999999999994,-0.0206
2019-09-18,29.18,29.29,28.8,28.89,MNST,5564728,2.482100238663484,2.482100238663484,57.77,58.36,58.57,57.59,2782364,28.89,29.18,29.29,28.8,5564728,0.17999999999999972,0.0062
2019-09-19,29.39,29.53,29.27,29.27,MNST,3285998,2.5071599045346056,2.5071599045346056,58.54,58.79,59.06,58.53,1642999,29.27,29.39,29.53,29.27,3285998,0.21000000000000085,0.0072
2019-09-20,29.18,29.56,29.16,29.36,MNST,8479668,2.482100238663484,2.482100238663484,58.72,58.35,59.12,58.32,4239834,29.36,29.18,29.56,29.16,8479668,-0.21000000000000085,-0.0071
2019-09-23,29.56,29.76,29.23,29.3,MNST,4388636,2.52744630071599,2.52744630071599,58.61,59.12,59.52,58.46,2194318,29.3,29.56,29.76,29.23,4388636,0.379999999999999,0.013
2019-09-24,29.41,29.75,29.13,29.71,MNST,4700002,2.5095465393794747,2.5095465393794747,59.42,58.81,59.49,58.25,2350001,29.71,29.41,29.75,29.13,4700002,-0.14999999999999858,-0.0051
2019-09-25,29.18,29.48,28.46,29.14,MNST,6562052,2.482100238663484,2.482100238663484,58.29,58.37,58.97,56.92,3281026,29.14,29.18,29.48,28.46,6562052,-0.23000000000000043,-0.0078
2019-09-26,28.89,29.41,28.41,29.24,MNST,5201640,2.4474940334128874,2.4474940334128874,58.48,57.77,58.83,56.81,2600820,29.24,28.89,29.41,28.41,5201640,-0.28999999999999915,-0.0099
2019-09-27,28.91,29.29,28.7,29.01,MNST,4073670,2.4498806682577565,2.4498806682577565,58.02,57.81,58.57,57.39,2036835,29.01,28.91,29.29,28.7,4073670,0.019999999999999574,0.0007
2019-09-30,29.03,29.43,28.91,29.08,MNST,2993880,2.4642004773269686,2.4642004773269686,58.16,58.06,58.85,57.83,1496940,29.08,29.03,29.43,28.91,2993880,0.120000000000001,0.0042
2019-10-01,28.21,29.24,28.02,29.05,MNST,6885672,2.3663484486873503,2.3663484486873503,58.09,56.42,58.48,56.05,3442836,29.05,28.21,29.24,28.02,6885672,-0.8200000000000003,-0.0282
2019-10-02,27.56,27.82,26.84,27.22,MNST,9641392,2.2887828162291166,2.2887828162291166,54.44,55.12,55.63,53.67,4820696,27.22,27.56,27.82,26.84,9641392,-0.6500000000000021,-0.023
2019-10-03,27.81,28.0,27.45,27.69,MNST,7493588,2.318615751789976,2.318615751789976,55.38,55.62,56.01,54.89,3746794,27.69,27.81,28.0,27.45,7493588,0.25,0.0091
2019-10-04,28.29,28.38,27.91,27.91,MNST,5443440,2.375894988066825,2.375894988066825,55.82,56.58,56.76,55.82,2721720,27.91,28.29,28.38,27.91,5443440,0.4800000000000004,0.0173
2019-10-07,27.86,28.24,27.79,28.08,MNST,8088772,2.324582338902147,2.324582338902147,56.16,55.73,56.48,55.58,4044386,28.08,27.86,28.24,27.79,8088772,-0.4299999999999997,-0.0152
2019-10-08,27.94,28.41,27.68,27.7,MNST,5596092,2.334128878281623,2.334128878281623,55.4,55.88,56.83,55.36,2798046,27.7,27.94,28.41,27.68,5596092,0.08000000000000185,0.0029
2019-10-09,28.14,28.36,27.97,28.36,MNST,2730560,2.35799522673031,2.35799522673031,56.73,56.28,56.73,55.94,1365280,28.36,28.14,28.36,27.97,2730560,0.1999999999999993,0.0072
2019-10-10,28.06,28.18,27.92,28.06,MNST,3199678,2.3484486873508352,2.3484486873508352,56.12,56.12,56.36,55.84,1599839,28.06,28.06,28.18,27.92,3199678,-0.08000000000000185,-0.0028
2019-10-11,28.15,28.42,28.0,28.24,MNST,4973484,2.359188544152744,2.359188544152744,56.48,56.3,56.84,56.01,2486742,28.24,28.15,28.42,28.0,4973484,0.08999999999999986,0.0032
2019-10-14,28.27,28.48,28.03,28.2,MNST,2559294,2.3735083532219567,2.3735083532219567,56.41,56.55,56.97,56.06,1279647,28.2,28.27,28.48,28.03,2559294,0.120000000000001,0.0043
2019-10-15,28.14,28.27,27.93,28.03,MNST,4184158,2.35799522673031,2.35799522673031,56.06,56.29,56.54,55.85,2092079,28.03,28.14,28.27,27.93,4184158,-0.129999999999999,-0.0046
2019-10-16,28.26,28.34,27.99,28.18,MNST,3667290,2.372315035799523,2.372315035799523,56.37,56.52,56.69,55.98,1833645,28.18,28.26,28.34,27.99,3667290,0.120000000000001,0.0043
2019-10-17,28.28,28.64,27.91,27.91,MNST,8361452,2.374701670644391,2.374701670644391,55.83,56.56,57.28,55.83,4180726,27.91,28.28,28.64,27.91,8361452,0.019999999999999574,0.0007
2019-10-18,28.03,28.43,27.96,28.24,MNST,7019526,2.3448687350835318,2.3448687350835318,56.48,56.05,56.87,55.93,3509763,28.24,28.03,28.43,27.96,7019526,-0.25,-0.0088
2019-10-21,28.14,28.25,28.01,28.13,MNST,3462388,2.35799522673031,2.35799522673031,56.25,56.29,56.5,56.02,1731194,28.13,28.14,28.25,28.01,3462388,0.10999999999999943,0.0039
2019-10-22,27.97,28.33,27.97,28.19,MNST,3727000,2.3377088305489253,2.3377088305489253,56.38,55.94,56.66,55.94,1863500,28.19,27.97,28.33,27.97,3727000,-0.1700000000000017,-0.006
2019-10-23,28.1,28.25,27.93,28.0,MNST,3057442,2.3532219570405726,2.3532219570405726,56.0,56.2,56.5,55.85,1528721,28.0,28.1,28.25,27.93,3057442,0.13000000000000256,0.0046
2019-10-24,28.3,28.34,27.88,28.14,MNST,3497440,2.37708830548926,2.37708830548926,56.28,56.61,56.67,55.76,1748720,28.14,28.3,28.34,27.88,3497440,0.1999999999999993,0.0071
2019-10-25,28.18,28.38,28.0,28.31,MNST,3524144,2.3627684964200473,2.3627684964200473,56.62,56.35,56.76,56.0,1762072,28.31,28.18,28.38,28.0,3524144,-0.120000000000001,-0.0042
2019-10-28,27.98,28.48,27.93,28.3,MNST,5471892,2.3389021479713605,2.3389021479713605,56.61,55.97,56.97,55.86,2735946,28.3,27.98,28.48,27.93,5471892,-0.1999999999999993,-0.0071
2019-10-29,28.07,28.31,27.77,27.87,MNST,5351352,2.349642004773269,2.349642004773269,55.74,56.15,56.62,55.54,2675676,27.87,28.07,28.31,27.77,5351352,0.08999999999999986,0.0032
2019-10-30,28.07,28.17,27.93,28.04,MNST,4411134,2.349642004773269,2.349642004773269,56.07,56.15,56.34,55.85,2205567,28.04,28.07,28.17,27.93,4411134,0.0,0.0
2019-10-31,28.07,28.2,27.75,28.08,MNST,4873414,2.349642004773269,2.349642004773269,56.16,56.13,56.39,55.5,2436707,28.08,28.07,28.2,27.75,4873414,0.0,0.0
2019-11-01,28.13,28.36,28.0,28.22,MNST,4767692,2.3568019093078756,2.3568019093078756,56.44,56.25,56.71,56.01,2383846,28.22,28.13,28.36,28.0,4767692,0.05999999999999872,0.0021
2019-11-04,28.05,28.29,27.84,28.29,MNST,6618578,2.347255369928401,2.347255369928401,56.58,56.09,56.58,55.69,3309289,28.29,28.05,28.29,27.84,6618578,-0.0799999999999983,-0.0028
2019-11-05,28.23,28.54,27.93,27.98,MNST,9056888,2.3687350835322194,2.3687350835322194,55.97,56.47,57.07,55.87,4528444,27.98,28.23,28.54,27.93,9056888,0.17999999999999972,0.0064
2019-11-06,28.0,28.46,27.95,28.38,MNST,11082764,2.3412887828162288,2.3412887828162288,56.75,55.99,56.92,55.91,5541382,28.38,28.0,28.46,27.95,11082764,-0.23000000000000043,-0.0081
2019-11-07,28.32,28.47,27.9,28.0,MNST,13799114,2.3794749403341284,2.3794749403341284,56.0,56.64,56.94,55.8,6899557,28.0,28.32,28.47,27.9,13799114,0.3200000000000003,0.0114
2019-11-08,29.08,30.75,28.91,29.75,MNST,13200826,2.4701670644391402,2.4701670644391402,59.5,58.16,61.49,57.81,6600413,29.75,29.08,30.75,28.91,13200826,0.759999999999998,0.0268
2019-11-11,29.02,29.32,28.55,29.0,MNST,5388702,2.4630071599045342,2.4630071599045342,58.01,58.03,58.64,57.1,2694351,29.0,29.02,29.32,28.55,5388702,-0.05999999999999872,-0.0021
2019-11-12,29.2,29.25,28.59,28.75,MNST,7102418,2.484486873508353,2.484486873508353,57.5,58.4,58.49,57.17,3551209,28.75,29.2,29.25,28.59,7102418,0.17999999999999972,0.0062
2019-11-13,29.48,29.57,29.02,29.14,MNST,5065734,2.5178997613365155,2.5178997613365155,58.29,58.95,59.15,58.05,2532867,29.14,29.48,29.57,29.02,5065734,0.28000000000000114,0.0096
2019-11-14,29.46,29.58,29.34,29.57,MNST,5087922,2.5155131264916464,2.5155131264916464,59.15,58.93,59.16,58.68,2543961,29.57,29.46,29.58,29.34,5087922,-0.019999999999999574,-0.0007
2019-11-15,29.32,29.69,29.05,29.62,MNST,5042252,2.498806682577565,2.498806682577565,59.24,58.64,59.38,58.09,2521126,29.62,29.32,29.69,29.05,5042252,-0.14000000000000057,-0.0048
2019-11-18,29.52,29.82,29.06,29.27,MNST,5781770,2.522673031026253,2.522673031026253,58.54,59.03,59.65,58.13,2890885,29.27,29.52,29.82,29.06,5781770,0.1999999999999993,0.0068
2019-11-19,29.28,29.67,29.28,29.58,MNST,3424084,2.494033412887828,2.494033412887828,59.16,58.56,59.34,58.56,1712042,29.58,29.28,29.67,29.28,3424084,-0.23999999999999844,-0.0081
2019-11-20,29.0,29.48,28.96,29.34,MNST,4969542,2.4606205250596656,2.4606205250596656,58.67,58.0,58.97,57.92,2484771,29.34,29.0,29.48,28.96,4969542,-0.28000000000000114,-0.0096
2019-11-21,29.2,29.2,28.8,28.96,MNST,4175610,2.484486873508353,2.484486873508353,57.92,58.4,58.41,57.59,2087805,28.96,29.2,29.2,28.8,4175610,0.1999999999999993,0.0069
2019-11-22,29.32,29.45,28.98,29.29,MNST,2966674,2.498806682577565,2.498806682577565,58.57,58.63,58.9,57.96,1483337,29.29,29.32,29.45,28.98,2966674,0.120000000000001,0.0041
2019-11-25,29.33,29.61,29.14,29.43,MNST,3174732,2.499999999999999,2.499999999999999,58.85,58.66,59.23,58.28,1587366,29.43,29.33,29.61,29.14,3174732,0.00999999999999801,0.0003
2019-11-26,29.82,30.0,29.24,29.39,MNST,5171048,2.5584725536992834,2.5584725536992834,58.79,59.64,60.0,58.48,2585524,29.39,29.82,30.0,29.24,5171048,0.490000000000002,0.0167
2019-11-27,30.05,30.14,29.85,29.91,MNST,3453832,2.5859188544152745,2.5859188544152745,59.82,60.09,60.28,59.7,1726916,29.91,30.05,30.14,29.85,3453832,0.23000000000000043,0.0077
2019-11-29,29.91,30.05,29.78,29.98,MNST,2198708,2.5692124105011933,2.5692124105011933,59.96,59.82,60.11,59.56,1099354,29.98,29.91,30.05,29.78,2198708,-0.14000000000000057,-0.0047
2019-12-02,29.91,29.94,29.68,29.88,MNST,4364644,2.5692124105011933,2.5692124105011933,59.76,59.81,59.88,59.37,2182322,29.88,29.91,29.94,29.68,4364644,0.0,0.0
2019-12-03,29.5,29.89,29.23,29.62,MNST,5435166,2.5202863961813837,2.5202863961813837,59.24,58.99,59.78,58.46,2717583,29.62,29.5,29.89,29.23,5435166,-0.41000000000000014,-0.0137
2019-12-04,30.2,30.23,29.45,29.45,MNST,4982908,2.60381861575179,2.60381861575179,58.89,60.39,60.47,58.89,2491454,29.45,30.2,30.23,29.45,4982908,0.6999999999999993,0.0237
2019-12-05,29.96,30.14,29.72,30.14,MNST,5898118,2.5751789976133646,2.5751789976133646,60.27,59.92,60.29,59.44,2949059,30.14,29.96,30.14,29.72,5898118,-0.23999999999999844,-0.0079
2019-12-06,30.02,30.2,29.86,30.04,MNST,5233870,2.582338902147971,2.582338902147971,60.07,60.04,60.41,59.72,2616935,30.04,30.02,30.2,29.86,5233870,0.05999999999999872,0.002
2019-12-09,30.25,30.33,29.79,30.05,MNST,5437036,2.609785202863961,2.609785202863961,60.1,60.49,60.66,59.57,2718518,30.05,30.25,30.33,29.79,5437036,0.23000000000000043,0.0077
2019-12-10,30.75,30.77,30.29,30.38,MNST,11368848,2.66945107398568,2.66945107398568,60.75,61.51,61.55,60.57,5684424,30.38,30.75,30.77,30.29,11368848,0.5,0.0165
2019-12-11,31.21,31.25,30.66,30.81,MNST,6493958,2.7243436754176606,2.7243436754176606,61.62,62.43,62.51,61.32,3246979,30.81,31.21,31.25,30.66,6493958,0.46000000000000085,0.015
2019-12-12,31.12,31.35,30.95,31.14,MNST,5731210,2.7136038186157516,2.7136038186157516,62.28,62.24,62.7,61.91,2865605,31.14,31.12,31.35,30.95,5731210,-0.08999999999999986,-0.0029
2019-12-13,31.11,31.24,30.9,31.05,MNST,4383094,2.712410501193317,2.712410501193317,62.1,62.21,62.48,61.8,2191547,31.05,31.11,31.24,30.9,4383094,-0.010000000000001563,-0.0003
2019-12-16,31.25,31.4,31.01,31.22,MNST,3352310,2.729116945107398,2.729116945107398,62.44,62.49,62.8,62.02,1676155,31.22,31.25,31.4,31.01,3352310,0.14000000000000057,0.0045
2019-12-17,31.39,31.45,30.91,31.23,MNST,3810528,2.745823389021479,2.745823389021479,62.46,62.77,62.9,61.82,1905264,31.23,31.39,31.45,30.91,3810528,0.14000000000000057,0.0045
2019-12-18,31.43,31.64,31.2,31.53,MNST,5466438,2.7505966587112165,2.7505966587112165,63.06,62.86,63.29,62.4,2733219,31.53,31.43,31.64,31.2,5466438,0.03999999999999915,0.0013
2019-12-19,31.73,31.79,31.32,31.38,MNST,5649678,2.786396181384248,2.786396181384248,62.76,63.47,63.58,62.65,2824839,31.38,31.73,31.79,31.32,5649678,0.3000000000000007,0.0095
2019-12-20,31.96,32.01,31.61,31.81,MNST,14707760,2.813842482100238,2.813842482100238,63.62,63.92,64.02,63.21,7353880,31.81,31.96,32.01,31.61,14707760,0.23000000000000043,0.0072
2019-12-23,31.68,32.07,31.66,32.07,MNST,4970432,2.780429594272076,2.780429594272076,64.14,63.36,64.14,63.32,2485216,32.07,31.68,32.07,31.66,4970432,-0.28000000000000114,-0.0088
2019-12-24,31.73,31.9,31.69,31.77,MNST,1320386,2.786396181384248,2.786396181384248,63.53,63.47,63.8,63.39,660193,31.77,31.73,31.9,31.69,1320386,0.05000000000000071,0.0016
2019-12-26,31.94,31.96,31.73,31.88,MNST,3277010,2.81145584725537,2.81145584725537,63.76,63.88,63.93,63.45,1638505,31.88,31.94,31.96,31.73,3277010,0.21000000000000085,0.0066
2019-12-27,31.79,32.03,31.74,31.97,MNST,4530052,2.793556085918854,2.793556085918854,63.94,63.57,64.07,63.48,2265026,31.97,31.79,32.03,31.74,4530052,-0.15000000000000213,-0.0047
2019-12-30,31.68,31.87,31.51,31.71,MNST,3310564,2.780429594272076,2.780429594272076,63.42,63.36,63.73,63.02,1655282,31.71,31.68,31.87,31.51,3310564,-0.10999999999999943,-0.0035
2019-12-31,31.77,31.88,31.59,31.73,MNST,3341736,2.7911694510739853,2.7911694510739853,63.46,63.55,63.75,63.17,1670868,31.73,31.77,31.88,31.59,3341736,0.08999999999999986,0.0028
2020-01-02,31.85,32.01,31.65,31.98,MNST,3430240,2.8007159904534604,2.8007159904534604,63.96,63.7,64.02,63.3,1715120,31.98,31.85,32.01,31.65,3430240,0.08000000000000185,0.0025
2020-01-03,31.64,31.8,31.43,31.56,MNST,3482296,2.7756563245823385,2.7756563245823385,63.12,63.28,63.61,62.87,1741148,31.56,31.64,31.8,31.43,3482296,-0.21000000000000085,-0.0066
2020-01-06,31.69,31.77,31.5,31.5,MNST,4469178,2.7816229116945106,2.7816229116945106,62.99,63.38,63.53,62.99,2234589,31.5,31.69,31.77,31.5,4469178,0.05000000000000071,0.0016
2020-01-07,31.84,32.07,31.77,31.93,MNST,6736538,2.799522673031026,2.799522673031026,63.87,63.69,64.14,63.54,3368269,31.93,31.84,32.07,31.77,6736538,0.14999999999999858,0.0047
2020-01-08,31.91,32.03,31.68,31.85,MNST,6053530,2.807875894988067,2.807875894988067,63.7,63.82,64.06,63.37,3026765,31.85,31.91,32.03,31.68,6053530,0.07000000000000028,0.0022
2020-01-09,32.13,32.17,31.86,32.08,MNST,6612984,2.8341288782816227,2.8341288782816227,64.16,64.25,64.34,63.72,3306492,32.08,32.13,32.17,31.86,6612984,0.22000000000000242,0.0069
2020-01-10,32.67,33.09,32.25,32.34,MNST,8936334,2.8985680190930783,2.8985680190930783,64.68,65.34,66.19,64.5,4468167,32.34,32.67,33.09,32.25,8936334,0.5399999999999991,0.0168
2020-01-13,32.77,32.85,32.33,32.7,MNST,5419812,2.910501193317422,2.910501193317422,65.4,65.53,65.71,64.66,2709906,32.7,32.77,32.85,32.33,5419812,0.10000000000000142,0.0031
2020-01-14,32.79,32.94,32.65,32.77,MNST,5768878,2.9128878281622903,2.9128878281622903,65.54,65.58,65.87,65.29,2884439,32.77,32.79,32.94,32.65,5768878,0.01999999999999602,0.0006
2020-01-15,32.94,33.08,32.61,32.8,MNST,5894202,2.930787589498806,2.930787589498806,65.61,65.88,66.16,65.22,2947101,32.8,32.94,33.08,32.61,5894202,0.14999999999999858,0.0046
2020-01-16,33.55,33.59,32.98,33.08,MNST,5228772,3.003579952267302,3.003579952267302,66.15,67.1,67.17,65.97,2614386,33.08,33.55,33.59,32.98,5228772,0.6099999999999994,0.0185
2020-01-17,33.66,33.81,33.34,33.6,MNST,8846152,3.0167064439140803,3.0167064439140803,67.2,67.31,67.62,66.69,4423076,33.6,33.66,33.81,33.34,8846152,0.10999999999999943,0.0033
2020-01-21,33.41,33.7,33.2,33.65,MNST,4751018,2.986873508353221,2.986873508353221,67.29,66.82,67.41,66.4,2375509,33.65,33.41,33.7,33.2,4751018,-0.25,-0.0074
2020-01-22,33.73,33.75,33.36,33.47,MNST,3979806,3.0250596658711206,3.0250596658711206,66.94,67.46,67.5,66.72,1989903,33.47,33.73,33.75,33.36,3979806,0.3200000000000003,0.0096
2020-01-23,33.88,33.98,33.58,33.67,MNST,4477042,3.042959427207637,3.042959427207637,67.34,67.77,67.95,67.15,2238521,33.67,33.88,33.98,33.58,4477042,0.15000000000000568,0.0044
2020-01-24,33.55,34.01,33.46,34.0,MNST,4698740,3.003579952267302,3.003579952267302,68.0,67.1,68.01,66.92,2349370,34.0,33.55,34.01,33.46,4698740,-0.3300000000000054,-0.0097
2020-01-27,33.3,33.53,33.16,33.28,MNST,4479086,2.973747016706443,2.973747016706443,66.56,66.6,67.06,66.33,2239543,33.28,33.3,33.53,33.16,4479086,-0.25,-0.0075
2020-01-28,33.44,33.55,33.3,33.3,MNST,5429316,2.9904534606205244,2.9904534606205244,66.61,66.88,67.11,66.61,2714658,33.3,33.44,33.55,33.3,5429316,0.14000000000000057,0.0042
2020-01-29,33.27,33.45,33.13,33.37,MNST,3698522,2.9701670644391407,2.9701670644391407,66.74,66.55,66.91,66.26,1849261,33.37,33.27,33.45,33.13,3698522,-0.1699999999999946,-0.0051
2020-01-30,33.51,33.57,32.9,33.15,MNST,4988550,2.9988066825775648,2.9988066825775648,66.3,67.01,67.14,65.8,2494275,33.15,33.51,33.57,32.9,4988550,0.23999999999999488,0.0072
2020-01-31,33.3,33.74,33.1,33.41,MNST,6732652,2.973747016706443,2.973747016706443,66.83,66.6,67.48,66.21,3366326,33.41,33.3,33.74,33.1,6732652,-0.21000000000000085,-0.0063
2020-02-03,33.71,34.47,33.7,34.44,MNST,9039028,3.0226730310262524,3.0226730310262524,68.87,67.42,68.93,67.39,4519514,34.44,33.71,34.47,33.7,9039028,0.4100000000000037,0.0123
2020-02-04,34.44,34.72,33.81,33.81,MNST,11572040,3.1097852028639608,3.1097852028639608,67.62,68.88,69.44,67.62,5786020,33.81,34.44,34.72,33.81,11572040,0.7299999999999969,0.0217
2020-02-05,34.48,34.87,34.4,34.63,MNST,5838306,3.114558472553698,3.114558472553698,69.25,68.95,69.74,68.8,2919153,34.63,34.48,34.87,34.4,5838306,0.03999999999999915,0.0012
2020-02-06,34.73,34.77,34.4,34.71,MNST,8602384,3.1443914081145574,3.1443914081145574,69.42,69.45,69.54,68.8,4301192,34.71,34.73,34.77,34.4,8602384,0.25,0.0073
2020-02-07,34.45,34.83,34.44,34.66,MNST,4785744,3.110978520286396,3.110978520286396,69.31,68.91,69.66,68.88,2392872,34.66,34.45,34.83,34.44,4785744,-0.27999999999999403,-0.0081
2020-02-10,34.59,34.74,34.41,34.41,MNST,6544804,3.127684964200477,3.127684964200477,68.82,69.17,69.48,68.82,3272402,34.41,34.59,34.74,34.41,6544804,0.14000000000000057,0.0041
2020-02-11,34.58,34.73,34.4,34.63,MNST,4321220,3.1264916467780424,3.1264916467780424,69.26,69.15,69.45,68.8,2160610,34.63,34.58,34.73,34.4,4321220,-0.010000000000005116,-0.0003
2020-02-12,34.63,34.8,34.3,34.59,MNST,3125718,3.1324582338902145,3.1324582338902145,69.19,69.25,69.6,68.61,1562859,34.59,34.63,34.8,34.3,3125718,0.05000000000000426,0.0014
2020-02-13,34.84,34.91,34.57,34.63,MNST,3890248,3.1575178997613365,3.1575178997613365,69.25,69.69,69.83,69.14,1945124,34.63,34.84,34.91,34.57,3890248,0.21000000000000085,0.0061
2020-02-14,34.93,34.97,34.7,34.84,MNST,5318608,3.168257756563245,3.168257756563245,69.68,69.86,69.94,69.4,2659304,34.84,34.93,34.97,34.7,5318608,0.0899999999999963,0.0026
2020-02-18,34.8,34.98,34.68,34.72,MNST,4773296,3.152744630071598,3.152744630071598,69.43,69.6,69.97,69.36,2386648,34.72,34.8,34.98,34.68,4773296,-0.13000000000000256,-0.0037
2020-02-19,35.04,35.26,34.8,34.86,MNST,6444852,3.181384248210023,3.181384248210023,69.72,70.08,70.52,69.6,3222426,34.86,35.04,35.26,34.8,6444852,0.240000000000002,0.0069
2020-02-20,35.2,35.23,34.5,34.91,MNST,6650318,3.2004773269689735,3.2004773269689735,69.83,70.4,70.45,69.0,3325159,34.91,35.2,35.23,34.5,6650318,0.1600000000000037,0.0046
2020-02-21,34.87,35.1,34.73,35.01,MNST,5946554,3.1610978520286386,3.1610978520286386,70.02,69.74,70.2,69.45,2973277,35.01,34.87,35.1,34.73,5946554,-0.3300000000000054,-0.0094
2020-02-24,34.09,35.09,33.9,34.84,MNST,6622056,3.068019093078759,3.068019093078759,69.67,68.19,70.19,67.79,3311028,34.84,34.09,35.09,33.9,6622056,-0.779999999999994,-0.0224
2020-02-25,33.31,34.26,33.22,34.19,MNST,5684582,2.974940334128878,2.974940334128878,68.38,66.62,68.51,66.44,2842291,34.19,33.31,34.26,33.22,5684582,-0.7800000000000011,-0.0229
2020-02-26,32.94,33.88,32.94,33.55,MNST,7001752,2.930787589498806,2.930787589498806,67.11,65.88,67.75,65.87,3500876,33.55,32.94,33.88,32.94,7001752,-0.37000000000000455,-0.0111
2020-02-27,31.87,32.97,31.72,32.87,MNST,14253682,2.8031026252983295,2.8031026252983295,65.74,63.74,65.94,63.44,7126841,32.87,31.87,32.97,31.72,14253682,-1.0699999999999967,-0.0325
2020-02-28,31.2,32.52,30.61,32.41,MNST,14434936,2.7231503579952263,2.7231503579952263,64.82,62.41,65.04,61.22,7217468,32.41,31.2,32.52,30.61,14434936,-0.6700000000000017,-0.021
2020-03-02,32.38,32.42,30.64,31.06,MNST,9094708,2.863961813842482,2.863961813842482,62.12,64.77,64.84,61.28,4547354,31.06,32.38,32.42,30.64,9094708,1.1800000000000033,0.0378
2020-03-03,31.89,33.09,31.57,32.15,MNST,10584064,2.8054892601431978,2.8054892601431978,64.29,63.78,66.17,63.13,5292032,32.15,31.89,33.09,31.57,10584064,-0.490000000000002,-0.0151
2020-03-04,34.02,34.07,32.27,32.51,MNST,13059892,3.059665871121718,3.059665871121718,65.02,68.05,68.14,64.53,6529946,32.51,34.02,34.07,32.27,13059892,2.1300000000000026,0.0668
2020-03-05,33.56,34.41,33.04,33.19,MNST,10910820,3.0047732696897373,3.0047732696897373,66.37,67.13,68.83,66.08,5455410,33.19,33.56,34.41,33.04,10910820,-0.46000000000000085,-0.0135
2020-03-06,33.09,33.23,32.17,32.41,MNST,12287590,2.948687350835322,2.948687350835322,64.83,66.19,66.45,64.34,6143795,32.41,33.09,33.23,32.17,12287590,-0.46999999999999886,-0.014
2020-03-09,30.93,31.48,30.52,31.04,MNST,10938112,2.6909307875894983,2.6909307875894983,62.07,61.86,62.97,61.05,5469056,31.04,30.93,31.48,30.52,10938112,-2.1600000000000037,-0.0653
2020-03-10,33.06,33.1,31.45,31.75,MNST,16962242,2.9451073985680187,2.9451073985680187,63.5,66.13,66.21,62.91,8481121,31.75,33.06,33.1,31.45,16962242,2.1300000000000026,0.0689
2020-03-11,30.91,32.37,30.25,32.0,MNST,13025732,2.68854415274463,2.68854415274463,64.0,61.81,64.74,60.49,6512866,32.0,30.91,32.37,30.25,13025732,-2.150000000000002,-0.065
2020-03-12,28.7,30.39,28.32,29.0,MNST,15201002,2.4248210023866346,2.4248210023866346,58.0,57.39,60.79,56.63,7600501,29.0,28.7,30.39,28.32,15201002,-2.210000000000001,-0.0715
2020-03-13,31.2,31.25,29.3,29.9,MNST,15497204,2.7231503579952263,2.7231503579952263,59.8,62.39,62.5,58.59,7748602,29.9,31.2,31.25,29.3,15497204,2.5,0.0871
2020-03-16,28.72,30.43,27.39,28.1,MNST,12150608,2.427207637231503,2.427207637231503,56.2,57.44,60.87,54.78,6075304,28.1,28.72,30.43,27.39,12150608,-2.4800000000000004,-0.0795
2020-03-17,29.87,30.22,28.8,29.41,MNST,12112854,2.564439140811456,2.564439140811456,58.83,59.74,60.45,57.61,6056427,29.41,29.87,30.22,28.8,12112854,1.1500000000000021,0.04
2020-03-18,27.95,28.82,25.25,28.82,MNST,12934070,2.335322195704057,2.335322195704057,57.63,55.89,57.63,50.51,6467035,28.82,27.95,28.82,25.25,12934070,-1.9200000000000017,-0.0643
2020-03-19,27.16,28.57,25.75,27.86,MNST,12526230,2.2410501193317423,2.2410501193317423,55.71,54.32,57.15,51.51,6263115,27.86,27.16,28.57,25.75,12526230,-0.7899999999999991,-0.0283
2020-03-20,26.05,27.91,25.03,27.52,MNST,11583528,2.1085918854415273,2.1085918854415273,55.05,52.1,55.83,50.06,5791764,27.52,26.05,27.91,25.03,11583528,-1.1099999999999994,-0.0409
2020-03-23,25.48,26.67,25.38,26.05,MNST,11411918,2.0405727923627683,2.0405727923627683,52.11,50.97,53.34,50.75,5705959,26.05,25.48,26.67,25.38,11411918,-0.5700000000000003,-0.0219
2020-03-24,26.86,27.23,25.7,26.77,MNST,15505428,2.205250596658711,2.205250596658711,53.53,53.73,54.47,51.39,7752714,26.77,26.86,27.23,25.7,15505428,1.379999999999999,0.0542
2020-03-25,26.83,27.55,26.33,26.86,MNST,9431880,2.2016706443914074,2.2016706443914074,53.71,53.66,55.1,52.66,4715940,26.86,26.83,27.55,26.33,9431880,-0.030000000000001137,-0.0011
2020-03-26,28.92,29.16,26.91,27.0,MNST,10911108,2.4510739856801904,2.4510739856801904,54.0,57.84,58.33,53.82,5455554,27.0,28.92,29.16,26.91,10911108,2.0900000000000034,0.0779
2020-03-27,28.2,29.05,28.0,28.05,MNST,7995778,2.3651551312649164,2.3651551312649164,56.09,56.39,58.09,56.0,3997889,28.05,28.2,29.05,28.0,7995778,-0.7200000000000024,-0.0249
2020-03-30,29.0,29.16,27.8,28.09,MNST,7250368,2.4606205250596656,2.4606205250596656,56.17,58.0,58.32,55.6,3625184,28.09,29.0,29.16,27.8,7250368,0.8000000000000007,0.0284
2020-03-31,28.13,29.0,27.98,28.04,MNST,5758888,2.3568019093078756,2.3568019093078756,56.08,56.26,58.0,55.96,2879444,28.04,28.13,29.0,27.98,5758888,-0.870000000000001,-0.03
2020-04-01,26.55,27.24,26.36,27.18,MNST,7631746,2.168257756563246,2.168257756563246,54.37,53.1,54.48,52.73,3815873,27.18,26.55,27.24,26.36,7631746,-1.5799999999999983,-0.0562
2020-04-02,27.53,27.6,26.2,26.36,MNST,6176156,2.2852028639618136,2.2852028639618136,52.71,55.06,55.2,52.39,3088078,26.36,27.53,27.6,26.2,6176156,0.9800000000000004,0.0369
2020-04-03,27.11,27.46,26.84,27.26,MNST,5574178,2.2350835322195697,2.2350835322195697,54.52,54.22,54.93,53.67,2787089,27.26,27.11,27.46,26.84,5574178,-0.4200000000000017,-0.0153
2020-04-06,29.04,29.16,27.73,28.34,MNST,9525884,2.465393794749403,2.465393794749403,56.67,58.07,58.31,55.46,4762942,28.34,29.04,29.16,27.73,9525884,1.9299999999999997,0.0712
2020-04-07,29.2,30.27,29.11,29.93,MNST,8599292,2.484486873508353,2.484486873508353,59.85,58.41,60.53,58.23,4299646,29.93,29.2,30.27,29.11,8599292,0.16000000000000014,0.0055
2020-04-08,30.13,30.27,28.96,29.08,MNST,4396214,2.595465393794749,2.595465393794749,58.16,60.26,60.55,57.92,2198107,29.08,30.13,30.27,28.96,4396214,0.9299999999999997,0.0318
2020-04-09,30.25,30.68,29.91,30.24,MNST,5118488,2.609785202863961,2.609785202863961,60.48,60.51,61.35,59.83,2559244,30.24,30.25,30.68,29.91,5118488,0.120000000000001,0.004
2020-04-13,29.77,30.3,29.35,30.13,MNST,5413044,2.552505966587112,2.552505966587112,60.26,59.53,60.59,58.7,2706522,30.13,29.77,30.3,29.35,5413044,-0.4800000000000004,-0.0159
2020-04-14,32.2,32.22,30.05,30.4,MNST,9673568,2.842482100238663,2.842482100238663,60.8,64.41,64.44,60.11,4836784,30.4,32.2,32.22,30.05,9673568,2.4300000000000033,0.0816
2020-04-15,31.14,31.56,30.84,31.24,MNST,6982302,2.71599045346062,2.71599045346062,62.48,62.29,63.12,61.68,3491151,31.24,31.14,31.56,30.84,6982302,-1.0600000000000023,-0.0329
2020-04-16,30.93,31.57,30.61,31.51,MNST,4204552,2.6909307875894983,2.6909307875894983,63.02,61.87,63.13,61.23,2102276,31.51,30.93,31.57,30.61,4204552,-0.21000000000000085,-0.0067
2020-04-17,31.09,31.57,30.95,31.29,MNST,6349134,2.7100238663484486,2.7100238663484486,62.57,62.19,63.13,61.89,3174567,31.29,31.09,31.57,30.95,6349134,0.16000000000000014,0.0052
2020-04-20,30.69,31.02,30.45,30.9,MNST,5705812,2.662291169451074,2.662291169451074,61.8,61.38,62.04,60.91,2852906,30.9,30.69,31.02,30.45,5705812,-0.3999999999999986,-0.0129
2020-04-21,29.52,30.21,29.4,29.93,MNST,4214502,2.522673031026253,2.522673031026253,59.87,59.04,60.42,58.8,2107251,29.93,29.52,30.21,29.4,4214502,-1.1700000000000017,-0.0381
2020-04-22,30.06,30.29,29.57,30.05,MNST,4876782,2.5871121718377084,2.5871121718377084,60.1,60.12,60.58,59.15,2438391,30.05,30.06,30.29,29.57,4876782,0.5399999999999991,0.0183
2020-04-23,29.82,30.45,29.73,30.09,MNST,3298514,2.5584725536992834,2.5584725536992834,60.18,59.63,60.89,59.46,1649257,30.09,29.82,30.45,29.73,3298514,-0.23999999999999844,-0.008
2020-04-24,29.9,30.32,29.55,29.88,MNST,5112072,2.568019093078758,2.568019093078758,59.76,59.8,60.63,59.1,2556036,29.88,29.9,30.32,29.55,5112072,0.0799999999999983,0.0027
2020-04-27,30.26,30.37,29.82,30.3,MNST,5847210,2.6109785202863964,2.6109785202863964,60.6,60.52,60.74,59.63,2923605,30.3,30.26,30.37,29.82,5847210,0.360000000000003,0.012
2020-04-28,30.07,30.74,29.64,30.64,MNST,5729306,2.5883054892601427,2.5883054892601427,61.27,60.14,61.48,59.29,2864653,30.64,30.07,30.74,29.64,5729306,-0.19000000000000128,-0.0063
2020-04-29,31.07,31.27,29.98,30.16,MNST,5699468,2.7076372315035795,2.7076372315035795,60.33,62.14,62.53,59.97,2849734,30.16,31.07,31.27,29.98,5699468,1.0,0.0333
2020-04-30,30.91,31.35,30.57,31.17,MNST,7046258,2.68854415274463,2.68854415274463,62.34,61.81,62.7,61.13,3523129,31.17,30.91,31.35,30.57,7046258,-0.16000000000000014,-0.0051
2020-05-01,29.76,30.73,29.59,30.63,MNST,3565130,2.551312649164678,2.551312649164678,61.26,59.52,61.46,59.17,1782565,30.63,29.76,30.73,29.59,3565130,-1.1499999999999986,-0.0372
2020-05-04,29.61,29.79,29.36,29.62,MNST,3832274,2.533412887828162,2.533412887828162,59.24,59.21,59.58,58.73,1916137,29.62,29.61,29.79,29.36,3832274,-0.15000000000000213,-0.005
2020-05-05,30.32,30.88,29.61,29.75,MNST,5550082,2.618138424821002,2.618138424821002,59.49,60.65,61.76,59.22,2775041,29.75,30.32,30.88,29.61,5550082,0.7100000000000009,0.024
2020-05-06,30.65,30.88,30.25,30.56,MNST,3470880,2.657517899761336,2.657517899761336,61.12,61.3,61.76,60.5,1735440,30.56,30.65,30.88,30.25,3470880,0.3299999999999983,0.0109
2020-05-07,31.05,31.55,30.82,30.88,MNST,4428918,2.7052505966587113,2.7052505966587113,61.75,62.09,63.1,61.65,2214459,30.88,31.05,31.55,30.82,4428918,0.40000000000000213,0.0131
2020-05-08,32.89,33.38,31.69,31.69,MNST,6549544,2.924821002386634,2.924821002386634,63.38,65.78,66.75,63.38,3274772,31.69,32.89,33.38,31.69,6549544,1.8399999999999999,0.0593
2020-05-11,33.2,33.52,32.38,32.38,MNST,4109884,2.9618138424821,2.9618138424821,64.75,66.4,67.05,64.75,2054942,32.38,33.2,33.52,32.38,4109884,0.3100000000000023,0.0094
2020-05-12,33.09,33.61,33.03,33.03,MNST,6303470,2.948687350835322,2.948687350835322,66.07,66.19,67.22,66.07,3151735,33.03,33.09,33.61,33.03,6303470,-0.10999999999999943,-0.0033
2020-05-13,32.59,33.36,32.29,32.86,MNST,3903758,2.8890214797136036,2.8890214797136036,65.72,65.17,66.72,64.58,1951879,32.86,32.59,33.36,32.29,3903758,-0.5,-0.0151
2020-05-14,32.49,32.59,31.95,32.35,MNST,4096168,2.8770883054892598,2.8770883054892598,64.71,64.99,65.19,63.9,2048084,32.35,32.49,32.59,31.95,4096168,-0.10000000000000142,-0.0031
2020-05-15,33.01,33.17,32.17,32.47,MNST,8997740,2.9391408114558466,2.9391408114558466,64.94,66.01,66.34,64.34,4498870,32.47,33.01,33.17,32.17,8997740,0.519999999999996,0.016
2020-05-18,33.31,33.91,33.11,33.77,MNST,4412630,2.974940334128878,2.974940334128878,67.55,66.62,67.81,66.22,2206315,33.77,33.31,33.91,33.11,4412630,0.30000000000000426,0.0091
2020-05-19,33.58,33.87,33.25,33.43,MNST,4210512,3.0071599045346056,3.0071599045346056,66.86,67.15,67.75,66.5,2105256,33.43,33.58,33.87,33.25,4210512,0.269999999999996,0.0081
2020-05-20,34.7,34.77,33.86,33.86,MNST,5147440,3.1408114558472553,3.1408114558472553,67.72,69.41,69.55,67.72,2573720,33.86,34.7,34.77,33.86,5147440,1.1200000000000045,0.0334
2020-05-21,34.18,34.69,34.04,34.59,MNST,3731088,3.0787589498806676,3.0787589498806676,69.18,68.36,69.39,68.08,1865544,34.59,34.18,34.69,34.04,3731088,-0.5200000000000031,-0.015
2020-05-22,34.35,34.42,33.89,33.95,MNST,3404566,3.099045346062052,3.099045346062052,67.89,68.71,68.84,67.78,1702283,33.95,34.35,34.42,33.89,3404566,0.1700000000000017,0.005
2020-05-26,34.51,35.33,34.37,35.13,MNST,5809366,3.1181384248210016,3.1181384248210016,70.25,69.01,70.65,68.73,2904683,35.13,34.51,35.33,34.37,5809366,0.1599999999999966,0.0047
2020-05-27,35.3,35.33,34.5,34.69,MNST,4044466,3.2124105011933164,3.2124105011933164,69.38,70.6,70.66,68.99,2022233,34.69,35.3,35.33,34.5,4044466,0.7899999999999991,0.0229
2020-05-28,35.44,35.82,34.86,35.55,MNST,6135726,3.2291169451073976,3.2291169451073976,71.11,70.87,71.64,69.72,3067863,35.55,35.44,35.82,34.86,6135726,0.14000000000000057,0.004
2020-05-29,35.95,36.09,34.92,35.4,MNST,6229074,3.289976133651551,3.289976133651551,70.79,71.91,72.17,69.84,3114537,35.4,35.95,36.09,34.92,6229074,0.5100000000000051,0.0144
2020-06-01,36.3,36.72,36.02,36.41,MNST,3539636,3.331742243436753,3.331742243436753,72.81,72.59,73.43,72.03,1769818,36.41,36.3,36.72,36.02,3539636,0.3499999999999943,0.0097
2020-06-02,36.04,36.5,35.74,36.31,MNST,4813446,3.30071599045346,3.30071599045346,72.62,72.08,73.0,71.49,2406723,36.31,36.04,36.5,35.74,4813446,-0.259999999999998,-0.0072
2020-06-03,36.26,36.53,36.03,36.3,MNST,3567442,3.326968973747016,3.326968973747016,72.61,72.51,73.06,72.06,1783721,36.3,36.26,36.53,36.03,3567442,0.21999999999999886,0.0061
2020-06-04,35.46,36.55,35.15,36.17,MNST,5904152,3.2315035799522667,3.2315035799522667,72.34,70.92,73.11,70.29,2952076,36.17,35.46,36.55,35.15,5904152,-0.7999999999999972,-0.0221
2020-06-05,36.12,36.16,35.24,35.76,MNST,5504820,3.3102625298329347,3.3102625298329347,71.52,72.23,72.31,70.49,2752410,35.76,36.12,36.16,35.24,5504820,0.6599999999999966,0.0186
2020-06-08,35.2,36.05,35.09,35.7,MNST,4955030,3.2004773269689735,3.2004773269689735,71.41,70.4,72.11,70.17,2477515,35.7,35.2,36.05,35.09,4955030,-0.9199999999999946,-0.0255
2020-06-09,35.22,35.42,34.79,34.99,MNST,3340806,3.2028639618138417,3.2028639618138417,69.98,70.43,70.84,69.58,1670403,34.99,35.22,35.42,34.79,3340806,0.01999999999999602,0.0006
2020-06-10,35.22,35.49,35.01,35.36,MNST,2929596,3.2028639618138417,3.2028639618138417,70.72,70.44,70.99,70.01,1464798,35.36,35.22,35.49,35.01,2929596,0.0,0.0
2020-06-11,33.9,35.19,33.77,34.88,MNST,4785440,3.0453460620525052,3.0453460620525052,69.77,67.8,70.38,67.53,2392720,34.88,33.9,35.19,33.77,4785440,-1.3200000000000003,-0.0375
2020-06-12,34.15,34.65,33.9,34.38,MNST,4212200,3.0751789976133646,3.0751789976133646,68.77,68.3,69.29,67.79,2106100,34.38,34.15,34.65,33.9,4212200,0.25,0.0074
2020-06-15,34.4,34.43,33.31,33.59,MNST,3371144,3.1050119331742234,3.1050119331742234,67.19,68.8,68.86,66.62,1685572,33.59,34.4,34.43,33.31,3371144,0.25,0.0073
2020-06-16,34.75,35.25,34.23,35.22,MNST,3311078,3.1467780429594265,3.1467780429594265,70.43,69.5,70.5,68.47,1655539,35.22,34.75,35.25,34.23,3311078,0.3500000000000014,0.0102
2020-06-17,34.77,35.23,34.66,34.98,MNST,3109292,3.1491646778042957,3.1491646778042957,69.95,69.54,70.46,69.33,1554646,34.98,34.77,35.23,34.66,3109292,0.020000000000003126,0.0006
2020-06-18,34.85,35.05,34.6,34.76,MNST,3172726,3.1587112171837703,3.1587112171837703,69.51,69.71,70.1,69.2,1586363,34.76,34.85,35.05,34.6,3172726,0.0799999999999983,0.0023
2020-06-19,35.04,35.48,34.72,35.34,MNST,8663612,3.181384248210023,3.181384248210023,70.69,70.08,70.95,69.43,4331806,35.34,35.04,35.48,34.72,8663612,0.18999999999999773,0.0055
2020-06-22,35.13,35.43,34.72,34.77,MNST,3254632,3.1921241050119327,3.1921241050119327,69.54,70.27,70.86,69.44,1627316,34.77,35.13,35.43,34.72,3254632,0.09000000000000341,0.0026
2020-06-23,35.09,35.52,34.99,35.43,MNST,2900052,3.1873508353221953,3.1873508353221953,70.86,70.18,71.04,69.99,1450026,35.43,35.09,35.52,34.99,2900052,-0.03999999999999915,-0.0011
2020-06-24,34.03,35.06,33.94,34.77,MNST,4316962,3.0608591885441525,3.0608591885441525,69.55,68.07,70.13,67.87,2158481,34.77,34.03,35.06,33.94,4316962,-1.0600000000000023,-0.0302
2020-06-25,34.53,34.57,33.69,34.04,MNST,3490358,3.1205250596658707,3.1205250596658707,68.08,69.06,69.14,67.37,1745179,34.04,34.53,34.57,33.69,3490358,0.5,0.0147
2020-06-26,33.95,34.69,33.84,34.6,MNST,4092040,3.0513126491646774,3.0513126491646774,69.2,67.9,69.38,67.69,2046020,34.6,33.95,34.69,33.84,4092040,-0.5799999999999983,-0.0168
2020-06-29,34.55,34.63,33.97,34.2,MNST,3238344,3.122911694510739,3.122911694510739,68.39,69.11,69.26,67.93,1619172,34.2,34.55,34.63,33.97,3238344,0.5999999999999943,0.0177
2020-06-30,34.66,34.76,34.29,34.55,MNST,3857348,3.136038186157517,3.136038186157517,69.09,69.32,69.51,68.58,1928674,34.55,34.66,34.76,34.29,3857348,0.10999999999999943,0.0032
2020-07-01,34.52,34.98,34.42,34.66,MNST,2202438,3.1193317422434363,3.1193317422434363,69.33,69.03,69.97,68.84,1101219,34.66,34.52,34.98,34.42,2202438,-0.13999999999999346,-0.004
2020-07-02,34.63,34.97,34.55,34.81,MNST,2826656,3.1324582338902145,3.1324582338902145,69.62,69.26,69.94,69.1,1413328,34.81,34.63,34.97,34.55,2826656,0.10999999999999943,0.0032
2020-07-06,35.66,35.67,34.98,35.13,MNST,5203988,3.255369928400954,3.255369928400954,70.27,71.31,71.35,69.97,2601994,35.13,35.66,35.67,34.98,5203988,1.029999999999994,0.0297
2020-07-07,35.85,36.46,35.33,35.4,MNST,5078948,3.278042959427207,3.278042959427207,70.8,71.7,72.92,70.65,2539474,35.4,35.85,36.46,35.33,5078948,0.19000000000000483,0.0053
2020-07-08,35.88,36.41,35.61,36.05,MNST,3343026,3.2816229116945106,3.2816229116945106,72.11,71.76,72.82,71.22,1671513,36.05,35.88,36.41,35.61,3343026,0.030000000000001137,0.0008
2020-07-09,35.52,36.02,35.26,35.83,MNST,3051148,3.238663484486873,3.238663484486873,71.65,71.05,72.04,70.52,1525574,35.83,35.52,36.02,35.26,3051148,-0.35999999999999943,-0.01
2020-07-10,35.83,35.84,35.05,35.54,MNST,2373526,3.275656324582338,3.275656324582338,71.08,71.65,71.67,70.11,1186763,35.54,35.83,35.84,35.05,2373526,0.30999999999999517,0.0087
2020-07-13,35.27,36.24,35.12,36.24,MNST,5254612,3.2088305489260143,3.2088305489260143,72.49,70.55,72.49,70.24,2627306,36.24,35.27,36.24,35.12,5254612,-0.5599999999999952,-0.0156
2020-07-14,35.81,35.88,34.77,34.88,MNST,4129744,3.27326968973747,3.27326968973747,69.77,71.63,71.75,69.54,2064872,34.88,35.81,35.88,34.77,4129744,0.5399999999999991,0.0153
2020-07-15,36.09,36.3,35.5,35.94,MNST,4421658,3.306682577565632,3.306682577565632,71.87,72.19,72.59,71.0,2210829,35.94,36.09,36.3,35.5,4421658,0.28000000000000114,0.0078
2020-07-16,36.31,36.32,35.8,35.9,MNST,2986802,3.3329355608591884,3.3329355608591884,71.79,72.62,72.64,71.61,1493401,35.9,36.31,36.32,35.8,2986802,0.21999999999999886,0.0061
2020-07-17,37.11,37.31,36.21,36.65,MNST,11530646,3.428400954653937,3.428400954653937,73.3,74.22,74.62,72.42,5765323,36.65,37.11,37.31,36.21,11530646,0.7999999999999972,0.022
2020-07-20,36.94,37.48,36.8,37.25,MNST,3709522,3.408114558472553,3.408114558472553,74.5,73.87,74.95,73.59,1854761,37.25,36.94,37.48,36.8,3709522,-0.1700000000000017,-0.0046
2020-07-21,37.5,37.88,37.17,37.25,MNST,5121032,3.4749403341288776,3.4749403341288776,74.5,75.0,75.76,74.35,2560516,37.25,37.5,37.88,37.17,5121032,0.5600000000000023,0.0152
2020-07-22,37.87,38.05,37.67,37.7,MNST,4240820,3.519093078758949,3.519093078758949,75.41,75.73,76.09,75.34,2120410,37.7,37.87,38.05,37.67,4240820,0.36999999999999744,0.0099
2020-07-23,37.47,38.25,37.4,38.08,MNST,4396780,3.4713603818615746,3.4713603818615746,76.16,74.93,76.5,74.8,2198390,38.08,37.47,38.25,37.4,4396780,-0.3999999999999986,-0.0106
2020-07-24,37.44,37.74,37.3,37.53,MNST,3172338,3.467780429594271,3.467780429594271,75.06,74.88,75.49,74.59,1586169,37.53,37.44,37.74,37.3,3172338,-0.030000000000001137,-0.0008
2020-07-27,38.22,38.37,37.63,37.65,MNST,4054056,3.560859188544152,3.560859188544152,75.29,76.43,76.73,75.27,2027028,37.65,38.22,38.37,37.63,4054056,0.7800000000000011,0.0208
2020-07-28,38.09,38.51,37.97,38.47,MNST,3481968,3.5453460620525057,3.5453460620525057,76.93,76.19,77.02,75.93,1740984,38.47,38.09,38.51,37.97,3481968,-0.12999999999999545,-0.0034
2020-07-29,38.66,38.76,37.91,38.11,MNST,2977918,3.6133651551312638,3.6133651551312638,76.22,77.31,77.51,75.81,1488959,38.11,38.66,38.76,37.91,2977918,0.5699999999999932,0.015
2020-07-30,38.91,39.0,38.01,38.37,MNST,4318712,3.643198090692123,3.643198090692123,76.73,77.82,78.0,76.01,2159356,38.37,38.91,39.0,38.01,4318712,0.25,0.0065
2020-07-31,39.24,39.24,38.41,38.88,MNST,4205424,3.682577565632458,3.682577565632458,77.76,78.48,78.48,76.81,2102712,38.88,39.24,39.24,38.41,4205424,0.3300000000000054,0.0085
2020-08-03,38.92,39.4,38.58,39.34,MNST,3148198,3.644391408114558,3.644391408114558,78.69,77.84,78.79,77.15,1574099,39.34,38.92,39.4,38.58,3148198,-0.3200000000000003,-0.0082
2020-08-04,39.01,39.13,38.6,38.74,MNST,4988618,3.655131264916467,3.655131264916467,77.48,78.01,78.25,77.21,2494309,38.74,39.01,39.13,38.6,4988618,0.0899999999999963,0.0023
2020-08-05,41.55,41.98,40.66,41.02,MNST,7059390,3.958233890214796,3.958233890214796,82.03,83.1,83.96,81.31,3529695,41.02,41.55,41.98,40.66,7059390,2.539999999999999,0.0651
2020-08-06,41.76,41.91,41.31,41.49,MNST,4367708,3.983293556085918,3.983293556085918,82.98,83.51,83.83,82.62,2183854,41.49,41.76,41.91,41.31,4367708,0.21000000000000085,0.0051
2020-08-07,41.59,41.92,41.21,41.48,MNST,3649178,3.9630071599045342,3.9630071599045342,82.95,83.19,83.84,82.42,1824589,41.48,41.59,41.92,41.21,3649178,-0.1699999999999946,-0.0041
2020-08-10,41.0,41.68,40.79,41.59,MNST,2531722,3.892601431980906,3.892601431980906,83.19,82.0,83.36,81.58,1265861,41.59,41.0,41.68,40.79,2531722,-0.5900000000000034,-0.0142
2020-08-11,40.3,41.22,40.08,41.14,MNST,4647616,3.8090692124105003,3.8090692124105003,82.28,80.6,82.44,80.15,2323808,41.14,40.3,41.22,40.08,4647616,-0.7000000000000028,-0.0171
2020-08-12,41.33,41.53,40.62,40.62,MNST,4070318,3.93198090692124,3.93198090692124,81.24,82.65,83.07,81.24,2035159,40.62,41.33,41.53,40.62,4070318,1.0300000000000011,0.0256
2020-08-13,41.91,41.99,41.4,41.5,MNST,4395658,4.001193317422433,4.001193317422433,83.0,83.82,83.97,82.79,2197829,41.5,41.91,41.99,41.4,4395658,0.5799999999999983,0.014
2020-08-14,41.66,41.94,41.44,41.74,MNST,2771530,3.971360381861574,3.971360381861574,83.49,83.32,83.88,82.88,1385765,41.74,41.66,41.94,41.44,2771530,-0.25,-0.006
2020-08-17,41.73,41.95,41.64,41.67,MNST,5217930,3.9797136038186145,3.9797136038186145,83.34,83.45,83.91,83.28,2608965,41.67,41.73,41.95,41.64,5217930,0.07000000000000028,0.0017
2020-08-18,41.49,41.91,41.3,41.72,MNST,2744774,3.9510739856801904,3.9510739856801904,83.44,82.98,83.83,82.6,1372387,41.72,41.49,41.91,41.3,2744774,-0.23999999999999488,-0.0058
2020-08-19,41.34,41.79,41.17,41.39,MNST,2463312,3.9331742243436754,3.9331742243436754,82.78,82.67,83.58,82.35,1231656,41.39,41.34,41.79,41.17,2463312,-0.14999999999999858,-0.0036
2020-08-20,41.51,41.59,40.95,41.09,MNST,2238690,3.9534606205250586,3.9534606205250586,82.19,83.01,83.18,81.91,1119345,41.09,41.51,41.59,40.95,2238690,0.1699999999999946,0.0041
2020-08-21,41.37,41.51,40.91,41.38,MNST,2961832,3.9367541766109775,3.9367541766109775,82.76,82.73,83.03,81.82,1480916,41.38,41.37,41.51,40.91,2961832,-0.14000000000000057,-0.0034
2020-08-24,41.84,41.85,41.27,41.49,MNST,2881146,3.9928400954653935,3.9928400954653935,82.98,83.69,83.7,82.54,1440573,41.49,41.84,41.85,41.27,2881146,0.47000000000000597,0.0114
2020-08-25,41.98,42.28,41.59,42.02,MNST,2635632,4.009546539379474,4.009546539379474,84.05,83.97,84.56,83.19,1317816,42.02,41.98,42.28,41.59,2635632,0.13999999999999346,0.0033
2020-08-26,41.98,42.05,41.51,41.85,MNST,2942746,4.009546539379474,4.009546539379474,83.7,83.97,84.09,83.02,1471373,41.85,41.98,42.05,41.51,2942746,0.0,0.0
2020-08-27,41.67,42.09,41.4,42.0,MNST,2683488,3.972553699284009,3.972553699284009,84.0,83.34,84.19,82.79,1341744,42.0,41.67,42.09,41.4,2683488,-0.30999999999999517,-0.0074
2020-08-28,42.27,42.32,41.53,41.88,MNST,3333720,4.044152744630071,4.044152744630071,83.75,84.54,84.64,83.06,1666860,41.88,42.27,42.32,41.53,3333720,0.6000000000000014,0.0144
2020-08-31,41.93,42.48,41.62,42.21,MNST,5575222,4.003579952267303,4.003579952267303,84.42,83.86,84.97,83.24,2787611,42.21,41.93,42.48,41.62,5575222,-0.3400000000000034,-0.008
2020-09-01,42.42,42.43,41.73,41.89,MNST,4303528,4.062052505966586,4.062052505966586,83.78,84.84,84.86,83.47,2151764,41.89,42.42,42.43,41.73,4303528,0.490000000000002,0.0117
2020-09-02,43.27,43.52,42.47,42.5,MNST,5143040,4.163484486873508,4.163484486873508,85.0,86.53,87.05,84.94,2571520,42.5,43.27,43.52,42.47,5143040,0.8500000000000014,0.02
2020-09-03,41.35,43.41,40.98,43.39,MNST,5403470,3.9343675417661093,3.9343675417661093,86.78,82.7,86.81,81.97,2701735,43.39,41.35,43.41,40.98,5403470,-1.9200000000000017,-0.0444
2020-09-04,41.13,41.88,40.48,41.58,MNST,5602300,3.9081145584725534,3.9081145584725534,83.16,82.27,83.76,80.97,2801150,41.58,41.13,41.88,40.48,5602300,-0.21999999999999886,-0.0053
2020-09-08,40.05,40.98,39.83,40.9,MNST,5340090,3.779236276849641,3.779236276849641,81.8,80.1,81.97,79.65,2670045,40.9,40.05,40.98,39.83,5340090,-1.0800000000000054,-0.0263
2020-09-09,41.37,41.67,40.27,40.27,MNST,7744820,3.9367541766109775,3.9367541766109775,80.55,82.74,83.35,80.55,3872410,40.27,41.37,41.67,40.27,7744820,1.3200000000000003,0.033
2020-09-10,40.89,41.59,40.53,41.22,MNST,4664468,3.8794749403341284,3.8794749403341284,82.44,81.78,83.19,81.07,2332234,41.22,40.89,41.59,40.53,4664468,-0.4799999999999969,-0.0116
2020-09-11,40.67,41.16,40.21,41.02,MNST,3007478,3.853221957040572,3.853221957040572,82.05,81.34,82.32,80.42,1503739,41.02,40.67,41.16,40.21,3007478,-0.21999999999999886,-0.0054
2020-09-14,41.45,41.66,41.05,41.05,MNST,3683386,3.946300715990453,3.946300715990453,82.11,82.89,83.32,82.11,1841693,41.05,41.45,41.66,41.05,3683386,0.7800000000000011,0.0192
2020-09-15,41.57,41.97,41.21,41.62,MNST,3090266,3.960620525059665,3.960620525059665,83.24,83.14,83.93,82.42,1545133,41.62,41.57,41.97,41.21,3090266,0.11999999999999744,0.0029
2020-09-16,40.94,42.0,40.94,41.69,MNST,2866092,3.8854415274462997,3.8854415274462997,83.37,81.87,84.0,81.87,1433046,41.69,40.94,42.0,40.94,2866092,-0.6300000000000026,-0.0152
2020-09-17,40.35,40.72,39.83,40.4,MNST,4069064,3.8150357995226725,3.8150357995226725,80.79,80.71,81.44,79.66,2034532,40.4,40.35,40.72,39.83,4069064,-0.5899999999999963,-0.0144
2020-09-18,39.49,40.48,39.05,40.41,MNST,8863668,3.712410501193317,3.712410501193317,80.81,78.99,80.95,78.11,4431834,40.41,39.49,40.48,39.05,8863668,-0.8599999999999994,-0.0213
2020-09-21,39.19,39.25,38.53,39.2,MNST,4194354,3.6766109785202854,3.6766109785202854,78.41,78.38,78.5,77.07,2097177,39.2,39.19,39.25,38.53,4194354,-0.30000000000000426,-0.0076
2020-09-22,39.62,39.77,38.95,39.1,MNST,2659224,3.727923627684963,3.727923627684963,78.2,79.23,79.54,77.91,1329612,39.1,39.62,39.77,38.95,2659224,0.4299999999999997,0.011
2020-09-23,38.9,39.62,38.72,39.42,MNST,2850376,3.6420047732696887,3.6420047732696887,78.85,77.79,79.24,77.43,1425188,39.42,38.9,39.62,38.72,2850376,-0.7199999999999989,-0.0182
2020-09-24,39.0,39.51,38.44,38.73,MNST,2472390,3.6539379474940326,3.6539379474940326,77.45,78.0,79.02,76.88,1236195,38.73,39.0,39.51,38.44,2472390,0.10000000000000142,0.0026
2020-09-25,39.4,39.52,38.54,38.73,MNST,3153842,3.7016706443914074,3.7016706443914074,77.45,78.79,79.03,77.08,1576921,38.73,39.4,39.52,38.54,3153842,0.3999999999999986,0.0103
2020-09-28,40.26,40.37,39.72,39.95,MNST,4542726,3.804295942720763,3.804295942720763,79.91,80.51,80.73,79.44,2271363,39.95,40.26,40.37,39.72,4542726,0.8599999999999994,0.0218
2020-09-29,39.9,40.54,39.8,40.45,MNST,2938630,3.7613365155131255,3.7613365155131255,80.89,79.79,81.08,79.59,1469315,40.45,39.9,40.54,39.8,2938630,-0.35999999999999943,-0.0089
2020-09-30,40.1,40.53,39.82,40.16,MNST,6780550,3.785202863961813,3.785202863961813,80.33,80.2,81.06,79.64,3390275,40.16,40.1,40.53,39.82,6780550,0.20000000000000284,0.005
2020-10-01,40.74,40.88,40.12,40.52,MNST,9398270,3.861575178997613,3.861575178997613,81.05,81.48,81.76,80.24,4699135,40.52,40.74,40.88,40.12,9398270,0.6400000000000006,0.016
2020-10-02,39.77,40.41,39.36,40.16,MNST,4004100,3.7458233890214796,3.7458233890214796,80.33,79.55,80.83,78.72,2002050,40.16,39.77,40.41,39.36,4004100,-0.9699999999999989,-0.0238
2020-10-05,39.34,40.06,39.01,39.85,MNST,4563190,3.694510739856802,3.694510739856802,79.71,78.67,80.12,78.02,2281595,39.85,39.34,40.06,39.01,4563190,-0.4299999999999997,-0.0108
2020-10-06,38.81,39.69,38.67,39.31,MNST,3674640,3.63126491646778,3.63126491646778,78.63,77.63,79.37,77.35,1837320,39.31,38.81,39.69,38.67,3674640,-0.5300000000000011,-0.0135
2020-10-07,39.38,39.49,38.81,38.94,MNST,3296198,3.699284009546539,3.699284009546539,77.88,78.76,78.99,77.63,1648099,38.94,39.38,39.49,38.81,3296198,0.5700000000000003,0.0147
2020-10-08,39.59,39.67,39.3,39.59,MNST,2904394,3.7243436754176606,3.7243436754176606,79.19,79.17,79.35,78.6,1452197,39.59,39.59,39.67,39.3,2904394,0.21000000000000085,0.0053
2020-10-09,40.48,40.6,39.69,39.74,MNST,5007636,3.830548926014319,3.830548926014319,79.49,80.95,81.2,79.37,2503818,39.74,40.48,40.6,39.69,5007636,0.8899999999999935,0.0225
2020-10-12,41.39,41.7,40.78,41.02,MNST,6679940,3.9391408114558466,3.9391408114558466,82.03,82.78,83.39,81.56,3339970,41.02,41.39,41.7,40.78,6679940,0.9100000000000037,0.0225
2020-10-13,41.74,42.23,41.41,41.83,MNST,5849996,3.9809069212410497,3.9809069212410497,83.66,83.49,84.46,82.83,2924998,41.83,41.74,42.23,41.41,5849996,0.3500000000000014,0.0085
2020-10-14,41.4,42.17,41.09,41.9,MNST,3780492,3.940334128878281,3.940334128878281,83.79,82.8,84.34,82.17,1890246,41.9,41.4,42.17,41.09,3780492,-0.3400000000000034,-0.0081
2020-10-15,40.7,41.25,40.54,40.91,MNST,4388546,3.8568019093078756,3.8568019093078756,81.83,81.39,82.5,81.08,2194273,40.91,40.7,41.25,40.54,4388546,-0.6999999999999957,-0.0169
2020-10-16,40.38,41.32,40.35,40.87,MNST,9510086,3.818615751789976,3.818615751789976,81.73,80.76,82.64,80.7,4755043,40.87,40.38,41.32,40.35,9510086,-0.3200000000000003,-0.0079
2020-10-19,40.01,40.78,39.81,40.23,MNST,4373546,3.7744630071599037,3.7744630071599037,80.46,80.01,81.57,79.63,2186773,40.23,40.01,40.78,39.81,4373546,-0.37000000000000455,-0.0092
2020-10-20,40.1,40.53,39.96,40.25,MNST,3429448,3.785202863961813,3.785202863961813,80.5,80.2,81.06,79.92,1714724,40.25,40.1,40.53,39.96,3429448,0.09000000000000341,0.0022
2020-10-21,40.05,40.34,39.7,39.94,MNST,2382618,3.779236276849641,3.779236276849641,79.87,80.09,80.68,79.41,1191309,39.94,40.05,40.34,39.7,2382618,-0.05000000000000426,-0.0012
2020-10-22,40.28,40.39,39.67,40.21,MNST,2338972,3.806682577565632,3.806682577565632,80.42,80.56,80.78,79.34,1169486,40.21,40.28,40.39,39.67,2338972,0.23000000000000398,0.0057
2020-10-23,40.2,40.65,40.02,40.43,MNST,3008324,3.7971360381861574,3.7971360381861574,80.86,80.39,81.29,80.05,1504162,40.43,40.2,40.65,40.02,3008324,-0.0799999999999983,-0.002
2020-10-26,39.42,40.13,39.03,39.67,MNST,3101630,3.7040572792362765,3.7040572792362765,79.34,78.85,80.27,78.07,1550815,39.67,39.42,40.13,39.03,3101630,-0.7800000000000011,-0.0194
2020-10-27,40.2,40.54,39.66,39.9,MNST,3812734,3.7971360381861574,3.7971360381861574,79.79,80.39,81.08,79.33,1906367,39.9,40.2,40.54,39.66,3812734,0.7800000000000011,0.0198
2020-10-28,38.69,39.57,38.62,39.35,MNST,4345196,3.6169451073985672,3.6169451073985672,78.71,77.37,79.14,77.25,2172598,39.35,38.69,39.57,38.62,4345196,-1.5100000000000051,-0.0376
2020-10-29,38.77,39.26,38.27,38.53,MNST,3060640,3.626491646778043,3.626491646778043,77.07,77.54,78.51,76.54,1530320,38.53,38.77,39.26,38.27,3060640,0.0800000000000054,0.0021
2020-10-30,38.28,38.61,37.73,38.41,MNST,6512058,3.5680190930787585,3.5680190930787585,76.83,76.57,77.22,75.45,3256029,38.41,38.28,38.61,37.73,6512058,-0.490000000000002,-0.0126
2020-11-02,38.96,39.17,38.46,38.92,MNST,3053858,3.649164677804295,3.649164677804295,77.84,77.92,78.35,76.92,1526929,38.92,38.96,39.17,38.46,3053858,0.6799999999999997,0.0178
2020-11-03,39.76,40.27,39.02,40.17,MNST,11307526,3.7446300715990444,3.7446300715990444,80.35,79.52,80.53,78.05,5653763,40.17,39.76,40.27,39.02,11307526,0.7999999999999972,0.0205
2020-11-04,41.36,41.71,40.2,40.45,MNST,5447236,3.9355608591885436,3.9355608591885436,80.9,82.72,83.42,80.41,2723618,40.45,41.36,41.71,40.2,5447236,1.6000000000000014,0.0402
2020-11-05,41.84,42.34,41.32,42.02,MNST,5788346,3.9928400954653935,3.9928400954653935,84.04,83.68,84.69,82.64,2894173,42.02,41.84,42.34,41.32,5788346,0.480000000000004,0.0116
2020-11-06,41.63,42.29,41.32,42.24,MNST,4282780,3.9677804295942716,3.9677804295942716,84.49,83.26,84.58,82.64,2141390,42.24,41.63,42.29,41.32,4282780,-0.21000000000000085,-0.005
2020-11-09,40.67,44.2,40.45,43.91,MNST,6738220,3.853221957040572,3.853221957040572,87.81,81.35,88.41,80.9,3369110,43.91,40.67,44.2,40.45,6738220,-0.9600000000000009,-0.0231
2020-11-10,40.79,41.38,40.26,40.48,MNST,5245430,3.8675417661097846,3.8675417661097846,80.96,81.58,82.76,80.51,2622715,40.48,40.79,41.38,40.26,5245430,0.11999999999999744,0.003
2020-11-11,42.25,42.39,40.76,40.88,MNST,4652090,4.041766109785202,4.041766109785202,81.75,84.5,84.78,81.53,2326045,40.88,42.25,42.39,40.76,4652090,1.4600000000000009,0.0358
2020-11-12,41.48,42.4,41.2,42.25,MNST,2897138,3.9498806682577556,3.9498806682577556,84.5,82.96,84.79,82.39,1448569,42.25,41.48,42.4,41.2,2897138,-0.7700000000000031,-0.0182
2020-11-13,42.01,42.06,41.44,41.72,MNST,3730582,4.013126491646777,4.013126491646777,83.43,84.02,84.12,82.88,1865291,41.72,42.01,42.06,41.44,3730582,0.5300000000000011,0.0128
2020-11-16,41.79,42.66,41.61,41.99,MNST,4823160,3.986873508353221,3.986873508353221,83.98,83.58,85.33,83.22,2411580,41.99,41.79,42.66,41.61,4823160,-0.21999999999999886,-0.0052
2020-11-17,42.77,42.94,41.99,42.42,MNST,4410486,4.1038186157517895,4.1038186157517895,84.84,85.54,85.87,83.97,2205243,42.42,42.77,42.94,41.99,4410486,0.980000000000004,0.0235
2020-11-18,42.11,43.02,42.06,42.47,MNST,3784360,4.025059665871121,4.025059665871121,84.93,84.22,86.03,84.12,1892180,42.47,42.11,43.02,42.06,3784360,-0.6600000000000037,-0.0154
2020-11-19,41.87,42.09,41.42,41.69,MNST,3605964,3.996420047732696,3.996420047732696,83.38,83.73,84.19,82.85,1802982,41.69,41.87,42.09,41.42,3605964,-0.240000000000002,-0.0057
2020-11-20,41.76,42.2,41.72,41.8,MNST,3064574,3.983293556085918,3.983293556085918,83.61,83.52,84.39,83.44,1532287,41.8,41.76,42.2,41.72,3064574,-0.10999999999999943,-0.0026
2020-11-23,42.03,42.35,41.63,41.97,MNST,4277038,4.015513126491646,4.015513126491646,83.93,84.07,84.71,83.27,2138519,41.97,42.03,42.35,41.63,4277038,0.2700000000000031,0.0065
2020-11-24,42.09,42.49,41.76,42.15,MNST,2868954,4.022673031026253,4.022673031026253,84.3,84.19,84.99,83.51,1434477,42.15,42.09,42.49,41.76,2868954,0.060000000000002274,0.0014
2020-11-25,42.04,42.47,41.92,42.28,MNST,1889012,4.016706443914081,4.016706443914081,84.57,84.08,84.94,83.84,944506,42.28,42.04,42.47,41.92,1889012,-0.05000000000000426,-0.0012
2020-11-27,42.08,42.57,41.95,42.24,MNST,2232314,4.021479713603818,4.021479713603818,84.48,84.15,85.14,83.9,1116157,42.24,42.08,42.57,41.95,2232314,0.03999999999999915,0.001
2020-11-30,42.39,42.42,41.64,42.1,MNST,5308972,4.058472553699284,4.058472553699284,84.2,84.78,84.85,83.28,2654486,42.1,42.39,42.42,41.64,5308972,0.3100000000000023,0.0074
2020-12-01,43.34,43.51,42.49,42.74,MNST,4998320,4.171837708830549,4.171837708830549,85.48,86.68,87.03,84.98,2499160,42.74,43.34,43.51,42.49,4998320,0.9500000000000028,0.0224
2020-12-02,43.13,44.23,42.91,43.92,MNST,3482392,4.1467780429594265,4.1467780429594265,87.84,86.26,88.46,85.82,1741196,43.92,43.13,44.23,42.91,3482392,-0.21000000000000085,-0.0048
2020-12-03,43.26,43.38,42.78,42.87,MNST,4931046,4.162291169451073,4.162291169451073,85.73,86.52,86.77,85.56,2465523,42.87,43.26,43.38,42.78,4931046,0.12999999999999545,0.003
2020-12-04,43.72,43.8,43.06,43.07,MNST,3642660,4.217183770883054,4.217183770883054,86.14,87.44,87.61,86.13,1821330,43.07,43.72,43.8,43.06,3642660,0.46000000000000085,0.0106
2020-12-07,43.59,43.88,43.33,43.48,MNST,2626370,4.201670644391408,4.201670644391408,86.95,87.17,87.76,86.67,1313185,43.48,43.59,43.88,43.33,2626370,-0.12999999999999545,-0.003
2020-12-08,44.1,44.45,43.41,43.93,MNST,4275664,4.26252983293556,4.26252983293556,87.86,88.2,88.89,86.81,2137832,43.93,44.1,44.45,43.41,4275664,0.509999999999998,0.0117
2020-12-09,43.95,44.35,43.73,44.2,MNST,2969506,4.244630071599045,4.244630071599045,88.4,87.9,88.7,87.47,1484753,44.2,43.95,44.35,43.73,2969506,-0.14999999999999858,-0.0034
2020-12-10,44.02,44.31,43.76,44.27,MNST,2506586,4.252983293556086,4.252983293556086,88.55,88.03,88.62,87.51,1253293,44.27,44.02,44.31,43.76,2506586,0.07000000000000028,0.0016
2020-12-11,44.01,44.11,43.51,43.77,MNST,3817072,4.251789976133651,4.251789976133651,87.55,88.02,88.22,87.03,1908536,43.77,44.01,44.11,43.51,3817072,-0.010000000000005116,-0.0002
2020-12-14,44.21,44.74,44.05,44.14,MNST,3382674,4.2756563245823385,4.2756563245823385,88.28,88.42,89.49,88.1,1691337,44.14,44.21,44.74,44.05,3382674,0.20000000000000284,0.0045
2020-12-15,44.29,44.58,44.09,44.49,MNST,3514960,4.285202863961813,4.285202863961813,88.98,88.58,89.16,88.17,1757480,44.49,44.29,44.58,44.09,3514960,0.0799999999999983,0.0018
2020-12-16,44.9,44.97,44.28,44.38,MNST,2729218,4.357995226730309,4.357995226730309,88.75,89.8,89.94,88.56,1364609,44.38,44.9,44.97,44.28,2729218,0.6099999999999994,0.0138
2020-12-17,45.07,45.23,44.76,44.99,MNST,2740420,4.378281622911694,4.378281622911694,89.98,90.14,90.45,89.52,1370210,44.99,45.07,45.23,44.76,2740420,0.1700000000000017,0.0038
2020-12-18,45.06,45.35,44.54,45.35,MNST,8386680,4.377088305489259,4.377088305489259,90.71,90.13,90.71,89.08,4193340,45.35,45.06,45.35,44.54,8386680,-0.00999999999999801,-0.0002
2020-12-21,44.48,44.73,43.66,44.42,MNST,3013532,4.307875894988066,4.307875894988066,88.85,88.97,89.45,87.31,1506766,44.42,44.48,44.73,43.66,3013532,-0.5800000000000054,-0.0129
2020-12-22,44.13,44.41,43.99,44.3,MNST,3033110,4.266109785202864,4.266109785202864,88.61,88.27,88.83,87.98,1516555,44.3,44.13,44.41,43.99,3033110,-0.3499999999999943,-0.0079
2020-12-23,44.47,44.75,44.1,44.14,MNST,2832200,4.306682577565631,4.306682577565631,88.28,88.94,89.5,88.2,1416100,44.14,44.47,44.75,44.1,2832200,0.3399999999999963,0.0077
2020-12-24,44.91,45.01,44.49,44.5,MNST,922824,4.359188544152744,4.359188544152744,89.0,89.81,90.02,88.99,461412,44.5,44.91,45.01,44.49,922824,0.4399999999999977,0.0099
2020-12-28,45.41,45.45,45.1,45.18,MNST,1725178,4.4188544152744615,4.4188544152744615,90.36,90.81,90.91,90.21,862589,45.18,45.41,45.45,45.1,1725178,0.5,0.0111
2020-12-29,45.52,45.72,45.26,45.6,MNST,1765310,4.431980906921241,4.431980906921241,91.2,91.04,91.44,90.51,882655,45.6,45.52,45.72,45.26,1765310,0.11000000000000654,0.0024
2020-12-30,45.73,45.84,45.53,45.53,MNST,1574350,4.457040572792362,4.457040572792362,91.06,91.46,91.68,91.06,787175,45.53,45.73,45.84,45.53,1574350,0.20999999999999375,0.0046
2020-12-31,46.24,46.27,45.53,45.76,MNST,2388046,4.517899761336515,4.517899761336515,91.52,92.48,92.54,91.06,1194023,45.76,46.24,46.27,45.53,2388046,0.5100000000000051,0.0112
2021-01-04,45.3,46.27,44.4,46.26,MNST,6013194,4.405727923627684,4.405727923627684,92.51,90.6,92.55,88.8,3006597,46.26,45.3,46.27,44.4,6013194,-0.9400000000000048,-0.0203
2021-01-05,45.71,45.83,44.73,44.95,MNST,5060468,4.454653937947493,4.454653937947493,89.89,91.42,91.66,89.45,2530234,44.95,45.71,45.83,44.73,5060468,0.4100000000000037,0.0091
2021-01-06,45.35,45.7,45.05,45.53,MNST,7577890,4.411694510739856,4.411694510739856,91.06,90.7,91.4,90.09,3788945,45.53,45.35,45.7,45.05,7577890,-0.35999999999999943,-0.0079
2021-01-07,46.75,46.8,45.13,45.28,MNST,6040852,4.578758949880667,4.578758949880667,90.57,93.5,93.6,90.27,3020426,45.28,46.75,46.8,45.13,6040852,1.3999999999999986,0.0309
2021-01-08,47.49,47.53,46.48,46.89,MNST,6277510,4.667064439140811,4.667064439140811,93.78,94.99,95.06,92.95,3138755,46.89,47.49,47.53,46.48,6277510,0.740000000000002,0.0158
2021-01-11,46.47,47.55,46.27,47.43,MNST,3017696,4.545346062052505,4.545346062052505,94.86,92.94,95.11,92.54,1508848,47.43,46.47,47.55,46.27,3017696,-1.0200000000000031,-0.0215
2021-01-12,46.99,47.21,46.3,46.63,MNST,5388468,4.607398568019093,4.607398568019093,93.26,93.99,94.42,92.61,2694234,46.63,46.99,47.21,46.3,5388468,0.5200000000000031,0.0112
2021-01-13,45.94,47.08,45.91,47.0,MNST,6745112,4.482100238663484,4.482100238663484,94.0,91.87,94.16,91.81,3372556,47.0,45.94,47.08,45.91,6745112,-1.0500000000000043,-0.0223
2021-01-14,45.68,46.34,45.27,45.86,MNST,4772256,4.45107398568019,4.45107398568019,91.72,91.36,92.68,90.53,2386128,45.86,45.68,46.34,45.27,4772256,-0.259999999999998,-0.0057
2021-01-15,45.83,46.25,44.86,45.15,MNST,6141440,4.4689737470167055,4.4689737470167055,90.3,91.65,92.5,89.72,3070720,45.15,45.83,46.25,44.86,6141440,0.14999999999999858,0.0033
2021-01-19,45.04,46.49,45.01,46.17,MNST,4727004,4.374701670644391,4.374701670644391,92.34,90.08,92.99,90.02,2363502,46.17,45.04,46.49,45.01,4727004,-0.7899999999999991,-0.0172
2021-01-20,44.8,45.23,44.64,45.06,MNST,3974390,4.346062052505966,4.346062052505966,90.13,89.61,90.47,89.29,1987195,45.06,44.8,45.23,44.64,3974390,-0.240000000000002,-0.0053
2021-01-21,44.6,44.84,44.31,44.8,MNST,2556024,4.322195704057279,4.322195704057279,89.61,89.2,89.69,88.62,1278012,44.8,44.6,44.84,44.31,2556024,-0.19999999999999574,-0.0045
2021-01-22,44.1,44.7,44.04,44.55,MNST,2393472,4.26252983293556,4.26252983293556,89.11,88.2,89.39,88.08,1196736,44.55,44.1,44.7,44.04,2393472,-0.5,-0.0112
2021-01-25,44.23,44.7,44.05,44.28,MNST,3477568,4.278042959427206,4.278042959427206,88.56,88.46,89.4,88.11,1738784,44.28,44.23,44.7,44.05,3477568,0.12999999999999545,0.0029
2021-01-26,44.4,44.87,44.14,44.15,MNST,2875114,4.298329355608591,4.298329355608591,88.3,88.8,89.74,88.28,1437557,44.15,44.4,44.87,44.14,2875114,0.1700000000000017,0.0038
2021-01-27,42.97,44.27,42.68,44.02,MNST,7168696,4.127684964200476,4.127684964200476,88.03,85.93,88.53,85.36,3584348,44.02,42.97,44.27,42.68,7168696,-1.4299999999999997,-0.0322
2021-01-28,44.37,44.66,43.31,43.39,MNST,3769168,4.294749403341288,4.294749403341288,86.78,88.73,89.33,86.63,1884584,43.39,44.37,44.66,43.31,3769168,1.3999999999999986,0.0326
2021-01-29,43.41,44.34,43.38,43.76,MNST,3693968,4.180190930787588,4.180190930787588,87.51,86.83,88.67,86.77,1846984,43.76,43.41,44.34,43.38,3693968,-0.9600000000000009,-0.0216
2021-02-01,44.13,44.22,43.22,43.41,MNST,3085044,4.266109785202864,4.266109785202864,86.81,88.25,88.43,86.44,1542522,43.41,44.13,44.22,43.22,3085044,0.720000000000006,0.0166
2021-02-02,45.22,45.78,44.3,44.51,MNST,3255082,4.39618138424821,4.39618138424821,89.01,90.44,91.56,88.59,1627541,44.51,45.22,45.78,44.3,3255082,1.0899999999999963,0.0247
2021-02-03,45.2,45.57,44.63,45.1,MNST,2593122,4.393794749403341,4.393794749403341,90.21,90.41,91.14,89.25,1296561,45.1,45.2,45.57,44.63,2593122,-0.01999999999999602,-0.0004
2021-02-04,45.73,45.8,45.1,45.13,MNST,2404562,4.457040572792362,4.457040572792362,90.27,91.47,91.6,90.21,1202281,45.13,45.73,45.8,45.1,2404562,0.529999999999994,0.0117
2021-02-05,45.55,46.36,45.43,46.02,MNST,3452368,4.435560859188543,4.435560859188543,92.05,91.1,92.72,90.86,1726184,46.02,45.55,46.36,45.43,3452368,-0.17999999999999972,-0.0039
2021-02-08,45.44,46.06,45.02,45.86,MNST,3406828,4.422434367541765,4.422434367541765,91.72,90.88,92.12,90.03,1703414,45.86,45.44,46.06,45.02,3406828,-0.10999999999999943,-0.0024
2021-02-09,45.26,45.38,44.86,45.23,MNST,2069090,4.400954653937947,4.400954653937947,90.45,90.51,90.77,89.72,1034545,45.23,45.26,45.38,44.86,2069090,-0.17999999999999972,-0.004
2021-02-10,45.23,45.59,44.68,45.59,MNST,3267704,4.3973747016706435,4.3973747016706435,91.17,90.45,91.19,89.36,1633852,45.59,45.23,45.59,44.68,3267704,-0.030000000000001137,-0.0007
2021-02-11,44.97,45.51,44.87,45.4,MNST,2058154,4.36634844868735,4.36634844868735,90.79,89.94,91.01,89.73,1029077,45.4,44.97,45.51,44.87,2058154,-0.259999999999998,-0.0057
2021-02-12,45.87,45.92,44.73,44.95,MNST,3215302,4.473747016706443,4.473747016706443,89.9,91.73,91.85,89.47,1607651,44.95,45.87,45.92,44.73,3215302,0.8999999999999986,0.02
2021-02-16,46.09,46.38,45.78,45.87,MNST,3672310,4.5,4.5,91.73,92.18,92.77,91.57,1836155,45.87,46.09,46.38,45.78,3672310,0.22000000000000597,0.0048
2021-02-17,46.08,46.19,45.73,46.0,MNST,2404102,4.498806682577564,4.498806682577564,92.0,92.16,92.39,91.46,1202051,46.0,46.08,46.19,45.73,2404102,-0.010000000000005116,-0.0002
2021-02-18,46.33,46.48,45.5,45.73,MNST,2623126,4.528639618138424,4.528639618138424,91.47,92.65,92.95,91.0,1311563,45.73,46.33,46.48,45.5,2623126,0.25,0.0054
2021-02-19,44.83,46.25,44.69,46.17,MNST,4606474,4.349642004773269,4.349642004773269,92.34,89.65,92.5,89.38,2303237,46.17,44.83,46.25,44.69,4606474,-1.5,-0.0324
2021-02-22,44.59,44.98,44.4,44.78,MNST,4382134,4.321002386634844,4.321002386634844,89.57,89.17,89.96,88.8,2191067,44.78,44.59,44.98,44.4,4382134,-0.23999999999999488,-0.0054
2021-02-23,44.16,44.77,43.22,44.76,MNST,5441450,4.269689737470166,4.269689737470166,89.52,88.32,89.55,86.44,2720725,44.76,44.16,44.77,43.22,5441450,-0.4300000000000068,-0.0096
2021-02-24,44.12,44.45,43.25,43.73,MNST,3999992,4.264916467780429,4.264916467780429,87.45,88.24,88.89,86.5,1999996,43.73,44.12,44.45,43.25,3999992,-0.03999999999999915,-0.0009
2021-02-25,42.67,44.45,42.58,43.95,MNST,6369048,4.091885441527446,4.091885441527446,87.9,85.35,88.89,85.16,3184524,43.95,42.67,44.45,42.58,6369048,-1.4499999999999957,-0.0329
2021-02-26,43.87,44.81,43.11,43.81,MNST,9419000,4.235083532219569,4.235083532219569,87.62,87.74,89.63,86.22,4709500,43.81,43.87,44.81,43.11,9419000,1.1999999999999957,0.0281
2021-03-01,43.77,44.49,43.2,44.06,MNST,4140762,4.223150357995227,4.223150357995227,88.13,87.55,88.98,86.4,2070381,44.06,43.77,44.49,43.2,4140762,-0.09999999999999432,-0.0023
2021-03-02,43.44,44.25,43.4,43.78,MNST,4551354,4.183770883054891,4.183770883054891,87.56,86.88,88.49,86.8,2275677,43.78,43.44,44.25,43.4,4551354,-0.3300000000000054,-0.0075
2021-03-03,42.3,43.66,42.24,43.42,MNST,4186134,4.0477326968973735,4.0477326968973735,86.85,84.6,87.33,84.49,2093067,43.42,42.3,43.66,42.24,4186134,-1.1400000000000006,-0.0262
2021-03-04,42.34,43.28,42.03,42.36,MNST,4667082,4.052505966587112,4.052505966587112,84.72,84.68,86.57,84.06,2333541,42.36,42.34,43.28,42.03,4667082,0.04000000000000625,0.0009
2021-03-05,43.21,43.4,41.48,42.64,MNST,6816980,4.156324582338901,4.156324582338901,85.28,86.42,86.79,82.96,3408490,42.64,43.21,43.4,41.48,6816980,0.8699999999999974,0.0205
2021-03-08,42.57,43.35,42.51,43.1,MNST,4603838,4.079952267303102,4.079952267303102,86.2,85.14,86.71,85.02,2301919,43.1,42.57,43.35,42.51,4603838,-0.6400000000000006,-0.0148
2021-03-09,44.22,44.55,42.98,43.35,MNST,4986104,4.276849642004772,4.276849642004772,86.71,88.44,89.11,85.96,2493052,43.35,44.22,44.55,42.98,4986104,1.6499999999999986,0.0388
2021-03-10,44.7,45.025,44.37,44.4,MNST,2264364,4.334128878281622,4.334128878281622,88.8,89.4,90.05,88.74,1132182,44.4,44.7,45.025,44.37,2264364,0.480000000000004,0.0109
2021-03-11,44.67,45.03,44.4,44.53,MNST,3186902,4.33054892601432,4.33054892601432,89.06,89.35,90.07,88.79,1593451,44.53,44.67,45.03,44.4,3186902,-0.030000000000001137,-0.0007
2021-03-12,44.47,44.6,43.83,44.23,MNST,5040498,4.306682577565631,4.306682577565631,88.47,88.94,89.2,87.66,2520249,44.23,44.47,44.6,43.83,5040498,-0.20000000000000284,-0.0045
2021-03-15,44.66,44.7,43.95,44.47,MNST,3074696,4.329355608591884,4.329355608591884,88.93,89.31,89.39,87.9,1537348,44.47,44.66,44.7,43.95,3074696,0.18999999999999773,0.0043
2021-03-16,44.7,45.3,44.62,45.02,MNST,4415612,4.334128878281622,4.334128878281622,90.05,89.39,90.6,89.24,2207806,45.02,44.7,45.3,44.62,4415612,0.04000000000000625,0.0009
2021-03-17,44.3,44.63,43.65,44.32,MNST,3589706,4.286396181384247,4.286396181384247,88.63,88.6,89.25,87.29,1794853,44.32,44.3,44.63,43.65,3589706,-0.4000000000000057,-0.0089
2021-03-18,43.96,44.12,43.17,44.09,MNST,5317226,4.245823389021479,4.245823389021479,88.18,87.92,88.23,86.34,2658613,44.09,43.96,44.12,43.17,5317226,-0.3399999999999963,-0.0077
2021-03-19,43.96,44.31,43.67,43.88,MNST,6279032,4.245823389021479,4.245823389021479,87.77,87.92,88.62,87.35,3139516,43.88,43.96,44.31,43.67,6279032,0.0,0.0
2021-03-22,44.52,45.1,43.79,43.9,MNST,5004654,4.312649164677804,4.312649164677804,87.8,89.05,90.2,87.58,2502327,43.9,44.52,45.1,43.79,5004654,0.5600000000000023,0.0127
2021-03-23,44.81,45.42,44.48,44.95,MNST,4076922,4.3472553699284004,4.3472553699284004,89.89,89.62,90.85,88.97,2038461,44.95,44.81,45.42,44.48,4076922,0.28999999999999915,0.0065
2021-03-24,44.36,44.77,43.92,44.77,MNST,3741238,4.293556085918854,4.293556085918854,89.54,88.72,89.54,87.85,1870619,44.77,44.36,44.77,43.92,3741238,-0.45000000000000284,-0.01
2021-03-25,44.4,44.66,43.66,44.48,MNST,2656252,4.298329355608591,4.298329355608591,88.96,88.79,89.31,87.31,1328126,44.48,44.4,44.66,43.66,2656252,0.03999999999999915,0.0009
2021-03-26,45.83,45.92,44.11,44.17,MNST,4230242,4.4689737470167055,4.4689737470167055,88.35,91.65,91.84,88.22,2115121,44.17,45.83,45.92,44.11,4230242,1.4299999999999997,0.0322
2021-03-29,45.96,46.18,45.34,45.88,MNST,4273794,4.484486873508352,4.484486873508352,91.76,91.92,92.36,90.68,2136897,45.88,45.96,46.18,45.34,4273794,0.13000000000000256,0.0028
2021-03-30,45.34,45.81,45.07,45.65,MNST,3444894,4.4105011933174225,4.4105011933174225,91.29,90.69,91.63,90.14,1722447,45.65,45.34,45.81,45.07,3444894,-0.6199999999999974,-0.0135
2021-03-31,45.55,45.86,45.27,45.54,MNST,4038186,4.435560859188543,4.435560859188543,91.08,91.09,91.72,90.55,2019093,45.54,45.55,45.86,45.27,4038186,0.20999999999999375,0.0046
2021-04-01,45.68,46.09,45.55,45.85,MNST,3622972,4.45107398568019,4.45107398568019,91.7,91.36,92.17,91.09,1811486,45.85,45.68,46.09,45.55,3622972,0.13000000000000256,0.0029
2021-04-05,46.72,47.06,45.72,45.77,MNST,4506522,4.5751789976133646,4.5751789976133646,91.53,93.44,94.13,91.43,2253261,45.77,46.72,47.06,45.72,4506522,1.0399999999999991,0.0228
2021-04-06,46.87,47.14,46.31,46.87,MNST,3346660,4.59307875894988,4.59307875894988,93.74,93.73,94.28,92.63,1673330,46.87,46.87,47.14,46.31,3346660,0.14999999999999858,0.0032
2021-04-07,47.12,47.28,46.71,46.9,MNST,3219886,4.622911694510739,4.622911694510739,93.79,94.23,94.57,93.42,1609943,46.9,47.12,47.28,46.71,3219886,0.25,0.0053
2021-04-08,47.65,47.91,47.2,47.4,MNST,3320388,4.68615751789976,4.68615751789976,94.79,95.3,95.83,94.4,1660194,47.4,47.65,47.91,47.2,3320388,0.5300000000000011,0.0112
2021-04-09,47.65,47.74,47.41,47.52,MNST,2752256,4.68615751789976,4.68615751789976,95.03,95.29,95.48,94.83,1376128,47.52,47.65,47.74,47.41,2752256,0.0,0.0
2021-04-12,47.71,47.87,47.31,47.55,MNST,2734436,4.693317422434367,4.693317422434367,95.11,95.42,95.73,94.61,1367218,47.55,47.71,47.87,47.31,2734436,0.060000000000002274,0.0013
2021-04-13,47.95,48.15,47.7,47.7,MNST,4279912,4.721957040572792,4.721957040572792,95.4,95.89,96.29,95.4,2139956,47.7,47.95,48.15,47.7,4279912,0.240000000000002,0.005
2021-04-14,47.4,48.01,47.27,47.91,MNST,3646882,4.656324582338901,4.656324582338901,95.83,94.8,96.02,94.55,1823441,47.91,47.4,48.01,47.27,3646882,-0.5500000000000043,-0.0115
2021-04-15,47.98,48.1,47.5,47.66,MNST,2614902,4.7255369928400945,4.7255369928400945,95.32,95.95,96.2,95.0,1307451,47.66,47.98,48.1,47.5,2614902,0.5799999999999983,0.0122
2021-04-16,49.09,49.22,48.06,48.31,MNST,8516632,4.85799522673031,4.85799522673031,96.63,98.17,98.43,96.13,4258316,48.31,49.09,49.22,48.06,8516632,1.1100000000000065,0.0231
2021-04-19,48.93,49.24,48.47,49.17,MNST,3462192,4.83890214797136,4.83890214797136,98.34,97.86,98.48,96.94,1731096,49.17,48.93,49.24,48.47,3462192,-0.1600000000000037,-0.0033
2021-04-20,48.7,49.13,48.48,49.02,MNST,3343506,4.8114558472553695,4.8114558472553695,98.05,97.4,98.25,96.96,1671753,49.02,48.7,49.13,48.48,3343506,-0.22999999999999687,-0.0047
2021-04-21,48.99,49.24,48.66,49.1,MNST,2665274,4.846062052505966,4.846062052505966,98.21,97.99,98.49,97.31,1332637,49.1,48.99,49.24,48.66,2665274,0.28999999999999915,0.006
2021-04-22,48.76,49.04,48.6,48.91,MNST,2800252,4.8186157517899755,4.8186157517899755,97.81,97.51,98.08,97.19,1400126,48.91,48.76,49.04,48.6,2800252,-0.23000000000000398,-0.0047
2021-04-23,49.34,49.62,48.8,48.94,MNST,3053820,4.887828162291169,4.887828162291169,97.87,98.68,99.24,97.59,1526910,48.94,49.34,49.62,48.8,3053820,0.5800000000000054,0.0119
2021-04-26,48.57,49.26,48.35,49.14,MNST,3654790,4.795942720763723,4.795942720763723,98.28,97.14,98.51,96.71,1827395,49.14,48.57,49.26,48.35,3654790,-0.7700000000000031,-0.0156
2021-04-27,48.51,48.66,48.25,48.66,MNST,2127208,4.788782816229116,4.788782816229116,97.31,97.02,97.31,96.5,1063604,48.66,48.51,48.66,48.25,2127208,-0.060000000000002274,-0.0012
2021-04-28,48.23,48.65,48.03,48.59,MNST,2098850,4.755369928400953,4.755369928400953,97.17,96.47,97.3,96.07,1049425,48.59,48.23,48.65,48.03,2098850,-0.28000000000000114,-0.0058
2021-04-29,48.97,49.11,48.26,48.47,MNST,2269284,4.843675417661097,4.843675417661097,96.93,97.94,98.22,96.51,1134642,48.47,48.97,49.11,48.26,2269284,0.740000000000002,0.0153
2021-04-30,48.52,48.81,48.22,48.78,MNST,4192516,4.7899761336515505,4.7899761336515505,97.57,97.05,97.62,96.44,2096258,48.78,48.52,48.81,48.22,4192516,-0.44999999999999574,-0.0092
2021-05-03,48.8,49.57,48.7,48.95,MNST,3842110,4.823389021479713,4.823389021479713,97.91,97.61,99.14,97.39,1921055,48.95,48.8,49.57,48.7,3842110,0.27999999999999403,0.0058
2021-05-04,47.97,48.73,47.8,48.63,MNST,4077298,4.724343675417661,4.724343675417661,97.25,95.94,97.47,95.61,2038649,48.63,47.97,48.73,47.8,4077298,-0.8299999999999983,-0.017
2021-05-05,47.23,48.2,47.06,48.0,MNST,4010860,4.636038186157517,4.636038186157517,96.0,94.45,96.39,94.13,2005430,48.0,47.23,48.2,47.06,4010860,-0.740000000000002,-0.0154
2021-05-06,47.51,47.6,47.06,47.45,MNST,4296094,4.669451073985679,4.669451073985679,94.89,95.02,95.2,94.12,2148047,47.45,47.51,47.6,47.06,4296094,0.28000000000000114,0.0059
2021-05-07,45.63,45.84,44.17,44.5,MNST,12023972,4.445107398568019,4.445107398568019,89.0,91.25,91.68,88.35,6011986,44.5,45.63,45.84,44.17,12023972,-1.8799999999999955,-0.0396
2021-05-10,45.8,46.41,45.35,45.57,MNST,6512160,4.465393794749402,4.465393794749402,91.14,91.6,92.82,90.7,3256080,45.57,45.8,46.41,45.35,6512160,0.1699999999999946,0.0037
2021-05-11,45.77,46.12,44.95,44.95,MNST,4059654,4.4618138424821,4.4618138424821,89.9,91.54,92.23,89.9,2029827,44.95,45.77,46.12,44.95,4059654,-0.02999999999999403,-0.0007
2021-05-12,44.9,45.63,44.8,45.52,MNST,4526776,4.357995226730309,4.357995226730309,91.03,89.79,91.26,89.6,2263388,45.52,44.9,45.63,44.8,4526776,-0.8700000000000045,-0.019
2021-05-13,44.73,45.32,44.64,45.12,MNST,4646466,4.337708830548925,4.337708830548925,90.23,89.47,90.64,89.28,2323233,45.12,44.73,45.32,44.64,4646466,-0.1700000000000017,-0.0038
2021-05-14,46.07,46.3,44.8,44.9,MNST,4459826,4.49761336515513,4.49761336515513,89.8,92.14,92.59,89.61,2229913,44.9,46.07,46.3,44.8,4459826,1.3400000000000034,0.03
2021-05-17,45.67,45.85,45.29,45.52,MNST,2920028,4.449880668257756,4.449880668257756,91.05,91.35,91.69,90.58,1460014,45.52,45.67,45.85,45.29,2920028,-0.3999999999999986,-0.0087
2021-05-18,45.41,45.82,45.27,45.81,MNST,3107698,4.4188544152744615,4.4188544152744615,91.62,90.81,91.64,90.53,1553849,45.81,45.41,45.82,45.27,3107698,-0.2600000000000051,-0.0057
2021-05-19,45.37,45.4,44.92,45.17,MNST,3543608,4.414081145584724,4.414081145584724,90.34,90.73,90.8,89.84,1771804,45.17,45.37,45.4,44.92,3543608,-0.03999999999999915,-0.0009
2021-05-20,46.25,46.47,45.36,45.41,MNST,5164670,4.519093078758949,4.519093078758949,90.82,92.5,92.93,90.72,2582335,45.41,46.25,46.47,45.36,5164670,0.8800000000000026,0.0194
2021-05-21,46.01,46.53,45.74,46.44,MNST,3684054,4.490453460620524,4.490453460620524,92.88,92.01,93.07,91.48,1842027,46.44,46.01,46.53,45.74,3684054,-0.240000000000002,-0.0052
2021-05-24,46.62,46.88,46.16,46.3,MNST,4327996,4.56324582338902,4.56324582338902,92.61,93.23,93.77,92.32,2163998,46.3,46.62,46.88,46.16,4327996,0.6099999999999994,0.0133
2021-05-25,46.52,47.12,46.26,46.86,MNST,4221544,4.551312649164678,4.551312649164678,93.72,93.03,94.23,92.52,2110772,46.86,46.52,47.12,46.26,4221544,-0.09999999999999432,-0.0021
2021-05-26,46.7,46.96,46.58,46.76,MNST,2906688,4.572792362768496,4.572792362768496,93.51,93.41,93.92,93.15,1453344,46.76,46.7,46.96,46.58,2906688,0.17999999999999972,0.0039
2021-05-27,46.66,47.09,46.56,46.97,MNST,4489930,4.568019093078758,4.568019093078758,93.94,93.31,94.19,93.12,2244965,46.97,46.66,47.09,46.56,4489930,-0.04000000000000625,-0.0009
2021-05-28,47.13,47.35,46.7,46.77,MNST,2767524,4.624105011933174,4.624105011933174,93.53,94.27,94.7,93.4,1383762,46.77,47.13,47.35,46.7,2767524,0.47000000000000597,0.0101
2021-06-01,46.8,47.41,46.66,47.2,MNST,5645582,4.584725536992839,4.584725536992839,94.39,93.59,94.83,93.31,2822791,47.2,46.8,47.41,46.66,5645582,-0.3300000000000054,-0.007
2021-06-02,47.41,47.91,46.93,47.14,MNST,4828448,4.657517899761335,4.657517899761335,94.28,94.83,95.82,93.86,2414224,47.14,47.41,47.91,46.93,4828448,0.6099999999999994,0.013
2021-06-03,47.52,47.6,46.88,47.05,MNST,3981156,4.670644391408114,4.670644391408114,94.09,95.05,95.2,93.76,1990578,47.05,47.52,47.6,46.88,3981156,0.11000000000000654,0.0023
2021-06-04,47.69,47.94,47.47,47.75,MNST,2685788,4.690930787589497,4.690930787589497,95.5,95.37,95.88,94.93,1342894,47.75,47.69,47.94,47.47,2685788,0.1699999999999946,0.0036
2021-06-07,47.15,47.7,46.85,47.69,MNST,3396560,4.626491646778042,4.626491646778042,95.38,94.3,95.39,93.7,1698280,47.69,47.15,47.7,46.85,3396560,-0.5399999999999991,-0.0113
2021-06-08,47.08,47.32,46.63,47.23,MNST,2913034,4.618138424821002,4.618138424821002,94.45,94.16,94.64,93.27,1456517,47.23,47.08,47.32,46.63,2913034,-0.07000000000000028,-0.0015
2021-06-09,46.62,47.25,46.54,47.11,MNST,2522834,4.56324582338902,4.56324582338902,94.22,93.24,94.5,93.08,1261417,47.11,46.62,47.25,46.54,2522834,-0.46000000000000085,-0.0098
2021-06-10,46.88,47.07,46.25,46.25,MNST,3455192,4.594272076372315,4.594272076372315,92.5,93.77,94.14,92.5,1727596,46.25,46.88,47.07,46.25,3455192,0.2600000000000051,0.0056
2021-06-11,46.75,47.0,46.52,46.99,MNST,2156696,4.578758949880667,4.578758949880667,93.98,93.5,94.0,93.04,1078348,46.99,46.75,47.0,46.52,2156696,-0.13000000000000256,-0.0028
2021-06-14,46.7,46.84,46.5,46.56,MNST,3009540,4.572792362768496,4.572792362768496,93.12,93.4,93.67,93.0,1504770,46.56,46.7,46.84,46.5,3009540,-0.04999999999999716,-0.0011
2021-06-15,46.09,46.91,46.02,46.91,MNST,3614242,4.5,4.5,93.81,92.19,93.81,92.05,1807121,46.91,46.09,46.91,46.02,3614242,-0.6099999999999994,-0.0131
2021-06-16,45.76,46.36,45.53,45.53,MNST,6313304,4.460620525059665,4.460620525059665,91.05,91.52,92.72,91.05,3156652,45.53,45.76,46.36,45.53,6313304,-0.3300000000000054,-0.0072
2021-06-17,46.28,46.42,45.67,45.76,MNST,3163906,4.522673031026252,4.522673031026252,91.52,92.57,92.84,91.34,1581953,45.76,46.28,46.42,45.67,3163906,0.5200000000000031,0.0114
2021-06-18,45.88,46.47,45.82,46.13,MNST,6802554,4.474940334128878,4.474940334128878,92.27,91.76,92.94,91.64,3401277,46.13,45.88,46.47,45.82,6802554,-0.3999999999999986,-0.0086
2021-06-21,46.02,46.27,45.6,46.08,MNST,3066996,4.491646778042959,4.491646778042959,92.16,92.04,92.55,91.21,1533498,46.08,46.02,46.27,45.6,3066996,0.14000000000000057,0.0031
2021-06-22,45.89,46.14,45.6,46.05,MNST,3198046,4.476133651551312,4.476133651551312,92.09,91.78,92.28,91.21,1599023,46.05,45.89,46.14,45.6,3198046,-0.13000000000000256,-0.0028
2021-06-23,45.16,45.97,45.15,45.91,MNST,3717294,4.389021479713603,4.389021479713603,91.82,90.31,91.93,90.29,1858647,45.91,45.16,45.97,45.15,3717294,-0.730000000000004,-0.0159
2021-06-24,45.07,45.34,44.91,45.27,MNST,5210934,4.378281622911694,4.378281622911694,90.55,90.14,90.69,89.82,2605467,45.27,45.07,45.34,44.91,5210934,-0.0899999999999963,-0.002
2021-06-25,46.06,47.65,44.63,45.2,MNST,8855018,4.4964200477326965,4.4964200477326965,90.4,92.12,95.29,89.25,4427509,45.2,46.06,47.65,44.63,8855018,0.990000000000002,0.022
2021-06-28,45.73,46.44,45.51,46.04,MNST,3954862,4.457040572792362,4.457040572792362,92.08,91.46,92.88,91.02,1977431,46.04,45.73,46.44,45.51,3954862,-0.3300000000000054,-0.0072
2021-06-29,45.78,45.88,45.43,45.77,MNST,2837164,4.463007159904534,4.463007159904534,91.54,91.56,91.77,90.86,1418582,45.77,45.78,45.88,45.43,2837164,0.05000000000000426,0.0011
2021-06-30,45.67,45.95,45.53,45.8,MNST,3972198,4.449880668257756,4.449880668257756,91.6,91.35,91.9,91.07,1986099,45.8,45.67,45.95,45.53,3972198,-0.10999999999999943,-0.0024
2021-07-01,45.58,45.84,45.48,45.63,MNST,3406358,4.439140811455847,4.439140811455847,91.26,91.15,91.67,90.96,1703179,45.63,45.58,45.84,45.48,3406358,-0.09000000000000341,-0.002
2021-07-02,45.43,46.02,45.38,45.79,MNST,3086652,4.421241050119331,4.421241050119331,91.58,90.86,92.03,90.75,1543326,45.79,45.43,46.02,45.38,3086652,-0.14999999999999858,-0.0033
2021-07-06,45.3,45.59,45.16,45.43,MNST,4578392,4.405727923627684,4.405727923627684,90.86,90.61,91.17,90.31,2289196,45.43,45.3,45.59,45.16,4578392,-0.13000000000000256,-0.0029
2021-07-07,45.42,45.48,45.22,45.45,MNST,2552820,4.420047732696897,4.420047732696897,90.89,90.84,90.95,90.43,1276410,45.45,45.42,45.48,45.22,2552820,0.12000000000000455,0.0026
2021-07-08,44.92,45.44,44.77,45.0,MNST,3447602,4.360381861575179,4.360381861575179,90.0,89.84,90.88,89.55,1723801,45.0,44.92,45.44,44.77,3447602,-0.5,-0.011
2021-07-09,45.12,45.27,44.73,44.77,MNST,2788532,4.384248210023865,4.384248210023865,89.55,90.24,90.54,89.47,1394266,44.77,45.12,45.27,44.73,2788532,0.19999999999999574,0.0045
2021-07-12,45.59,45.66,45.09,45.2,MNST,2986188,4.440334128878281,4.440334128878281,90.39,91.17,91.31,90.19,1493094,45.2,45.59,45.66,45.09,2986188,0.47000000000000597,0.0104
2021-07-13,46.01,46.21,45.63,45.7,MNST,3210646,4.490453460620524,4.490453460620524,91.41,92.02,92.42,91.27,1605323,45.7,46.01,46.21,45.63,3210646,0.4199999999999946,0.0092
2021-07-14,46.5,46.75,46.06,46.13,MNST,4303586,4.548926014319808,4.548926014319808,92.26,93.0,93.5,92.12,2151793,46.13,46.5,46.75,46.06,4303586,0.490000000000002,0.0106
2021-07-15,46.81,46.94,46.4,46.52,MNST,5191914,4.585918854415274,4.585918854415274,93.03,93.62,93.88,92.8,2595957,46.52,46.81,46.94,46.4,5191914,0.3100000000000023,0.0067
2021-07-16,46.53,47.03,46.52,46.85,MNST,3156566,4.552505966587112,4.552505966587112,93.7,93.07,94.06,93.03,1578283,46.85,46.53,47.03,46.52,3156566,-0.28000000000000114,-0.006
2021-07-19,46.13,46.74,45.93,46.53,MNST,3846292,4.504773269689737,4.504773269689737,93.07,92.25,93.48,91.86,1923146,46.53,46.13,46.74,45.93,3846292,-0.3999999999999986,-0.0086
2021-07-20,46.85,47.08,46.1,46.22,MNST,3116070,4.590692124105011,4.590692124105011,92.44,93.71,94.16,92.21,1558035,46.22,46.85,47.08,46.1,3116070,0.7199999999999989,0.0156
2021-07-21,46.67,47.23,46.57,46.81,MNST,2539686,4.569212410501192,4.569212410501192,93.62,93.35,94.45,93.14,1269843,46.81,46.67,47.23,46.57,2539686,-0.17999999999999972,-0.0038
2021-07-22,46.69,46.78,46.3,46.71,MNST,1728112,4.571599045346061,4.571599045346061,93.42,93.37,93.57,92.61,864056,46.71,46.69,46.78,46.3,1728112,0.01999999999999602,0.0004
2021-07-23,48.15,48.47,47.28,47.48,MNST,3849236,4.745823389021479,4.745823389021479,94.96,96.29,96.94,94.56,1924618,47.48,48.15,48.47,47.28,3849236,1.4600000000000009,0.0313
2021-07-26,48.0,48.21,47.6,48.04,MNST,3593984,4.727923627684963,4.727923627684963,96.08,96.0,96.42,95.2,1796992,48.04,48.0,48.21,47.6,3593984,-0.14999999999999858,-0.0031
2021-07-27,47.59,48.29,47.33,48.13,MNST,6477382,4.678997613365155,4.678997613365155,96.25,95.18,96.58,94.66,3238691,48.13,47.59,48.29,47.33,6477382,-0.4099999999999966,-0.0085
2021-07-28,47.02,47.74,46.87,47.59,MNST,3049506,4.6109785202863955,4.6109785202863955,95.17,94.05,95.49,93.73,1524753,47.59,47.02,47.74,46.87,3049506,-0.5700000000000003,-0.012
2021-07-29,47.29,47.46,46.92,47.1,MNST,2538826,4.643198090692123,4.643198090692123,94.2,94.58,94.92,93.84,1269413,47.1,47.29,47.46,46.92,2538826,0.269999999999996,0.0057
2021-07-30,47.16,47.54,47.02,47.39,MNST,3353092,4.627684964200476,4.627684964200476,94.78,94.32,95.08,94.05,1676546,47.39,47.16,47.54,47.02,3353092,-0.13000000000000256,-0.0027
2021-08-02,46.68,47.31,46.31,47.24,MNST,4080498,4.570405727923627,4.570405727923627,94.48,93.36,94.63,92.62,2040249,47.24,46.68,47.31,46.31,4080498,-0.4799999999999969,-0.0102
2021-08-03,46.52,46.98,46.12,46.84,MNST,3927636,4.551312649164678,4.551312649164678,93.67,93.04,93.96,92.23,1963818,46.84,46.52,46.98,46.12,3927636,-0.1599999999999966,-0.0034
2021-08-04,46.01,46.72,45.95,46.42,MNST,3063834,4.490453460620524,4.490453460620524,92.84,92.01,93.43,91.9,1531917,46.42,46.01,46.72,45.95,3063834,-0.5100000000000051,-0.011
2021-08-05,45.98,46.33,45.91,46.28,MNST,4018454,4.486873508353221,4.486873508353221,92.57,91.95,92.65,91.82,2009227,46.28,45.98,46.33,45.91,4018454,-0.030000000000001137,-0.0007
2021-08-06,48.48,49.25,47.0,47.0,MNST,9913408,4.785202863961813,4.785202863961813,94.0,96.97,98.5,94.0,4956704,47.0,48.48,49.25,47.0,9913408,2.5,0.0544
2021-08-09,49.23,49.45,48.6,48.68,MNST,5505382,4.874701670644391,4.874701670644391,97.36,98.47,98.9,97.21,2752691,48.68,49.23,49.45,48.6,5505382,0.75,0.0155
2021-08-10,49.4,49.95,49.23,49.46,MNST,4374428,4.894988066825775,4.894988066825775,98.92,98.79,99.89,98.46,2187214,49.46,49.4,49.95,49.23,4374428,0.1700000000000017,0.0035
2021-08-11,49.36,49.81,49.19,49.55,MNST,2939336,4.8902147971360375,4.8902147971360375,99.1,98.72,99.62,98.37,1469668,49.55,49.36,49.81,49.19,2939336,-0.03999999999999915,-0.0008
2021-08-12,48.81,49.44,48.72,49.44,MNST,2373200,4.824582338902148,4.824582338902148,98.87,97.62,98.87,97.44,1186600,49.44,48.81,49.44,48.72,2373200,-0.5499999999999972,-0.0111
2021-08-13,49.06,49.11,48.61,48.8,MNST,2773050,4.8544152744630065,4.8544152744630065,97.59,98.12,98.22,97.22,1386525,48.8,49.06,49.11,48.61,2773050,0.25,0.0051
2021-08-16,49.21,49.29,48.91,49.18,MNST,2170094,4.872315035799522,4.872315035799522,98.36,98.42,98.58,97.81,1085047,49.18,49.21,49.29,48.91,2170094,0.14999999999999858,0.0031
2021-08-17,48.76,49.02,48.67,48.98,MNST,2442548,4.8186157517899755,4.8186157517899755,97.95,97.52,98.05,97.34,1221274,48.98,48.76,49.02,48.67,2442548,-0.45000000000000284,-0.0091
2021-08-18,47.93,48.81,47.91,48.69,MNST,2100538,4.719570405727922,4.719570405727922,97.37,95.86,97.63,95.81,1050269,48.69,47.93,48.81,47.91,2100538,-0.8299999999999983,-0.017
2021-08-19,48.59,48.65,47.45,47.57,MNST,2738504,4.798329355608591,4.798329355608591,95.14,97.18,97.29,94.9,1369252,47.57,48.59,48.65,47.45,2738504,0.6600000000000037,0.0138
2021-08-20,48.37,48.92,48.26,48.68,MNST,2659996,4.772076372315035,4.772076372315035,97.36,96.74,97.85,96.52,1329998,48.68,48.37,48.92,48.26,2659996,-0.22000000000000597,-0.0045
2021-08-23,48.38,48.55,48.12,48.21,MNST,2027810,4.77326968973747,4.77326968973747,96.42,96.75,97.1,96.23,1013905,48.21,48.38,48.55,48.12,2027810,0.010000000000005116,0.0002
2021-08-24,48.31,48.47,47.87,48.47,MNST,1992042,4.764916467780429,4.764916467780429,96.94,96.63,96.94,95.73,996021,48.47,48.31,48.47,47.87,1992042,-0.07000000000000028,-0.0014
2021-08-25,48.56,48.65,48.09,48.32,MNST,1989928,4.794749403341289,4.794749403341289,96.64,97.13,97.29,96.17,994964,48.32,48.56,48.65,48.09,1989928,0.25,0.0052
2021-08-26,48.42,48.69,48.33,48.57,MNST,1929656,4.778042959427207,4.778042959427207,97.14,96.84,97.38,96.66,964828,48.57,48.42,48.69,48.33,1929656,-0.14000000000000057,-0.0029
2021-08-27,48.66,48.9,48.3,48.51,MNST,1971844,4.806682577565631,4.806682577565631,97.01,97.33,97.79,96.6,985922,48.51,48.66,48.9,48.3,1971844,0.23999999999999488,0.005
2021-08-30,48.91,48.95,48.54,48.7,MNST,1742838,4.83651551312649,4.83651551312649,97.39,97.81,97.91,97.08,871419,48.7,48.91,48.95,48.54,1742838,0.25,0.0051
2021-08-31,48.78,49.0,48.59,48.98,MNST,3100672,4.821002386634844,4.821002386634844,97.97,97.57,98.0,97.17,1550336,48.98,48.78,49.0,48.59,3100672,-0.12999999999999545,-0.0027
2021-09-01,48.9,49.1,48.59,48.89,MNST,2856026,4.835322195704056,4.835322195704056,97.78,97.8,98.19,97.19,1428013,48.89,48.9,49.1,48.59,2856026,0.11999999999999744,0.0025
2021-09-02,48.8,49.2,48.62,48.99,MNST,2093380,4.823389021479713,4.823389021479713,97.98,97.6,98.4,97.24,1046690,48.99,48.8,49.2,48.62,2093380,-0.10000000000000142,-0.002
2021-09-03,48.79,48.88,48.11,48.55,MNST,2285432,4.822195704057278,4.822195704057278,97.1,97.58,97.76,96.23,1142716,48.55,48.79,48.88,48.11,2285432,-0.00999999999999801,-0.0002
2021-09-07,47.59,48.68,47.54,48.68,MNST,1189512,4.678997613365155,4.678997613365155,97.36,95.18,97.36,95.08,594756,48.68,47.59,48.68,47.54,1189512,-1.1999999999999957,-0.0246
2021-09-08,48.42,48.445,47.505,47.56,MNST,1020076,4.778042959427207,4.778042959427207,95.12,96.84,96.89,95.01,510038,47.56,48.42,48.445,47.505,1020076,0.8299999999999983,0.0174
2021-09-09,48.17,48.55,48.09,48.45,MNST,1935452,4.748210023866348,4.748210023866348,96.91,96.35,97.11,96.19,967726,48.45,48.17,48.55,48.09,1935452,-0.25,-0.0052
2021-09-10,47.96,48.28,47.94,48.24,MNST,2228970,4.723150357995226,4.723150357995226,96.49,95.92,96.56,95.88,1114485,48.24,47.96,48.28,47.94,2228970,-0.21000000000000085,-0.0044
2021-09-13,47.7,48.47,47.6,48.27,MNST,2575180,4.692124105011933,4.692124105011933,96.54,95.39,96.93,95.2,1287590,48.27,47.7,48.47,47.6,2575180,-0.259999999999998,-0.0054
2021-09-14,47.48,48.1,47.41,47.81,MNST,3036642,4.665871121718376,4.665871121718376,95.62,94.96,96.2,94.83,1518321,47.81,47.48,48.1,47.41,3036642,-0.22000000000000597,-0.0046
2021-09-15,47.57,47.88,47.18,47.5,MNST,3075810,4.676610978520285,4.676610978520285,95.0,95.14,95.75,94.36,1537905,47.5,47.57,47.88,47.18,3075810,0.09000000000000341,0.0019
2021-09-16,47.94,48.02,47.24,47.45,MNST,2151680,4.720763723150357,4.720763723150357,94.91,95.88,96.03,94.47,1075840,47.45,47.94,48.02,47.24,2151680,0.36999999999999744,0.0078
2021-09-17,47.32,47.95,46.91,47.33,MNST,6246702,4.6467780429594265,4.6467780429594265,94.66,94.64,95.89,93.81,3123351,47.33,47.32,47.95,46.91,6246702,-0.6199999999999974,-0.0129
2021-09-20,46.4,47.13,45.98,47.12,MNST,3491690,4.536992840095465,4.536992840095465,94.23,92.79,94.26,91.97,1745845,47.12,46.4,47.13,45.98,3491690,-0.9200000000000017,-0.0194
2021-09-21,45.9,46.87,45.87,46.58,MNST,2792398,4.477326968973746,4.477326968973746,93.16,91.8,93.74,91.74,1396199,46.58,45.9,46.87,45.87,2792398,-0.5,-0.0108
2021-09-22,46.28,46.61,45.67,46.2,MNST,3050332,4.522673031026252,4.522673031026252,92.41,92.57,93.22,91.35,1525166,46.2,46.28,46.61,45.67,3050332,0.38000000000000256,0.0083
2021-09-23,46.55,46.78,46.24,46.3,MNST,2892712,4.5548926014319795,4.5548926014319795,92.6,93.09,93.56,92.49,1446356,46.3,46.55,46.78,46.24,2892712,0.269999999999996,0.0058
2021-09-24,46.37,46.7,46.08,46.37,MNST,2748488,4.533412887828161,4.533412887828161,92.74,92.74,93.39,92.15,1374244,46.37,46.37,46.7,46.08,2748488,-0.17999999999999972,-0.0039
2021-09-27,45.9,46.3,45.64,46.09,MNST,3183498,4.477326968973746,4.477326968973746,92.17,91.79,92.59,91.28,1591749,46.09,45.9,46.3,45.64,3183498,-0.46999999999999886,-0.0101
2021-09-28,44.75,45.8,44.59,45.66,MNST,4337144,4.340095465393794,4.340095465393794,91.32,89.5,91.59,89.19,2168572,45.66,44.75,45.8,44.59,4337144,-1.1499999999999986,-0.0251
2021-09-29,44.66,45.02,44.61,44.75,MNST,2852850,4.329355608591884,4.329355608591884,89.5,89.33,90.04,89.22,1426425,44.75,44.66,45.02,44.61,2852850,-0.09000000000000341,-0.002
2021-09-30,44.41,45.05,44.41,44.95,MNST,4550668,4.299522673031025,4.299522673031025,89.91,88.83,90.1,88.81,2275334,44.95,44.41,45.05,44.41,4550668,-0.25,-0.0056
2021-10-01,44.94,45.09,44.18,44.79,MNST,3895756,4.362768496420046,4.362768496420046,89.58,89.88,90.18,88.36,1947878,44.79,44.94,45.09,44.18,3895756,0.5300000000000011,0.0119
2021-10-04,44.25,45.19,44.06,44.94,MNST,5636130,4.280429594272076,4.280429594272076,89.87,88.5,90.37,88.12,2818065,44.94,44.25,45.19,44.06,5636130,-0.6899999999999977,-0.0154
2021-10-05,44.77,45.02,44.26,44.38,MNST,3174818,4.342482100238663,4.342482100238663,88.76,89.55,90.04,88.52,1587409,44.38,44.77,45.02,44.26,3174818,0.5200000000000031,0.0118
2021-10-06,45.05,45.16,44.27,44.45,MNST,3152672,4.3758949880668245,4.3758949880668245,88.89,90.1,90.33,88.55,1576336,44.45,45.05,45.16,44.27,3152672,0.27999999999999403,0.0063
2021-10-07,45.03,45.72,44.99,45.44,MNST,3716510,4.373508353221957,4.373508353221957,90.87,90.07,91.43,89.99,1858255,45.44,45.03,45.72,44.99,3716510,-0.01999999999999602,-0.0004
2021-10-08,44.63,45.28,44.59,45.13,MNST,3211028,4.3257756563245815,4.3257756563245815,90.27,89.27,90.57,89.19,1605514,45.13,44.63,45.28,44.59,3211028,-0.3999999999999986,-0.0089
2021-10-11,44.02,44.63,43.97,44.51,MNST,2235412,4.252983293556086,4.252983293556086,89.02,88.05,89.25,87.93,1117706,44.51,44.02,44.63,43.97,2235412,-0.6099999999999994,-0.0137
2021-10-12,43.97,44.41,43.84,44.03,MNST,3097128,4.2470167064439135,4.2470167064439135,88.06,87.94,88.81,87.67,1548564,44.03,43.97,44.41,43.84,3097128,-0.05000000000000426,-0.0011
2021-10-13,42.66,43.47,42.47,42.99,MNST,5975844,4.0906921241050105,4.0906921241050105,85.97,85.33,86.94,84.94,2987922,42.99,42.66,43.47,42.47,5975844,-1.3100000000000023,-0.0298
2021-10-14,42.8,43.23,42.63,42.98,MNST,7239916,4.107398568019092,4.107398568019092,85.96,85.6,86.46,85.27,3619958,42.98,42.8,43.23,42.63,7239916,0.14000000000000057,0.0033
2021-10-15,42.79,43.17,42.58,42.91,MNST,7120136,4.106205250596658,4.106205250596658,85.81,85.58,86.34,85.16,3560068,42.91,42.79,43.17,42.58,7120136,-0.00999999999999801,-0.0002
2021-10-18,42.72,43.01,42.42,42.6,MNST,3552594,4.097852028639617,4.097852028639617,85.2,85.43,86.02,84.85,1776297,42.6,42.72,43.01,42.42,3552594,-0.07000000000000028,-0.0016
2021-10-19,42.5,42.84,42.2,42.73,MNST,6439134,4.071599045346061,4.071599045346061,85.47,85.0,85.67,84.41,3219567,42.73,42.5,42.84,42.2,6439134,-0.21999999999999886,-0.0051
2021-10-20,42.47,43.02,42.44,43.02,MNST,6481900,4.0680190930787585,4.0680190930787585,86.04,84.93,86.04,84.88,3240950,43.02,42.47,43.02,42.44,6481900,-0.030000000000001137,-0.0007
2021-10-21,42.63,42.77,42.3,42.52,MNST,8226030,4.087112171837709,4.087112171837709,85.03,85.25,85.53,84.6,4113015,42.52,42.63,42.77,42.3,8226030,0.1600000000000037,0.0038
2021-10-22,42.37,43.02,42.24,42.84,MNST,2767214,4.056085918854414,4.056085918854414,85.68,84.73,86.04,84.49,1383607,42.84,42.37,43.02,42.24,2767214,-0.2600000000000051,-0.0061
2021-10-25,42.19,42.46,42.02,42.34,MNST,4687360,4.034606205250595,4.034606205250595,84.68,84.38,84.92,84.05,2343680,42.34,42.19,42.46,42.02,4687360,-0.17999999999999972,-0.0042
2021-10-26,42.79,42.96,42.29,42.38,MNST,5747718,4.106205250596658,4.106205250596658,84.75,85.58,85.92,84.58,2873859,42.38,42.79,42.96,42.29,5747718,0.6000000000000014,0.0142
2021-10-27,42.44,43.0,41.85,43.0,MNST,4402134,4.064439140811455,4.064439140811455,86.0,84.88,86.0,83.7,2201067,43.0,42.44,43.0,41.85,4402134,-0.3500000000000014,-0.0082
2021-10-28,42.45,42.82,42.16,42.55,MNST,3151598,4.06563245823389,4.06563245823389,85.1,84.9,85.64,84.33,1575799,42.55,42.45,42.82,42.16,3151598,0.010000000000005116,0.0002
2021-10-29,42.5,42.7,42.38,42.45,MNST,5403068,4.071599045346061,4.071599045346061,84.9,85.0,85.39,84.75,2701534,42.45,42.5,42.7,42.38,5403068,0.04999999999999716,0.0012
2021-11-01,42.73,42.9,42.46,42.49,MNST,4593964,4.099045346062051,4.099045346062051,84.98,85.46,85.8,84.92,2296982,42.49,42.73,42.9,42.46,4593964,0.22999999999999687,0.0054
2021-11-02,42.95,43.29,42.7,42.91,MNST,4239474,4.1252983293556085,4.1252983293556085,85.83,85.89,86.58,85.39,2119737,42.91,42.95,43.29,42.7,4239474,0.22000000000000597,0.0051
2021-11-03,43.66,43.7,43.0,43.03,MNST,5841650,4.210023866348448,4.210023866348448,86.07,87.32,87.39,86.0,2920825,43.03,43.66,43.7,43.0,5841650,0.7099999999999937,0.0165
2021-11-04,43.89,44.03,43.4,43.64,MNST,3834210,4.237470167064439,4.237470167064439,87.28,87.78,88.06,86.79,1917105,43.64,43.89,44.03,43.4,3834210,0.23000000000000398,0.0053
2021-11-05,45.81,45.95,44.94,45.22,MNST,8899250,4.466587112171838,4.466587112171838,90.43,91.63,91.89,89.87,4449625,45.22,45.81,45.95,44.94,8899250,1.9200000000000017,0.0437
2021-11-08,45.41,45.91,45.25,45.61,MNST,5537864,4.4188544152744615,4.4188544152744615,91.22,90.83,91.81,90.5,2768932,45.61,45.41,45.91,45.25,5537864,-0.4000000000000057,-0.0087
2021-11-09,45.88,46.02,45.09,45.41,MNST,4254456,4.474940334128878,4.474940334128878,90.82,91.76,92.03,90.18,2127228,45.41,45.88,46.02,45.09,4254456,0.47000000000000597,0.0104
2021-11-10,45.99,46.63,45.9,45.95,MNST,4288816,4.488066825775656,4.488066825775656,91.9,91.98,93.27,91.79,2144408,45.95,45.99,46.63,45.9,4288816,0.10999999999999943,0.0024
2021-11-11,46.13,46.35,45.92,46.05,MNST,3367698,4.504773269689737,4.504773269689737,92.09,92.27,92.71,91.85,1683849,46.05,46.13,46.35,45.92,3367698,0.14000000000000057,0.003
2021-11-12,46.03,46.34,45.49,46.23,MNST,3980454,4.492840095465393,4.492840095465393,92.45,92.06,92.67,90.97,1990227,46.23,46.03,46.34,45.49,3980454,-0.10000000000000142,-0.0022
2021-11-15,46.5,46.54,46.05,46.19,MNST,5327530,4.548926014319808,4.548926014319808,92.38,93.0,93.08,92.1,2663765,46.19,46.5,46.54,46.05,5327530,0.46999999999999886,0.0102
2021-11-16,46.16,46.91,46.13,46.67,MNST,4315064,4.508353221957039,4.508353221957039,93.35,92.33,93.81,92.26,2157532,46.67,46.16,46.91,46.13,4315064,-0.3400000000000034,-0.0073
2021-11-17,45.7,46.23,45.6,46.1,MNST,4110488,4.4534606205250595,4.4534606205250595,92.21,91.4,92.47,91.2,2055244,46.1,45.7,46.23,45.6,4110488,-0.45999999999999375,-0.01
2021-11-18,44.7,45.59,44.3,45.58,MNST,5120522,4.334128878281622,4.334128878281622,91.15,89.39,91.19,88.61,2560261,45.58,44.7,45.59,44.3,5120522,-1.0,-0.0219
2021-11-19,44.65,44.99,44.48,44.7,MNST,3880022,4.32816229116945,4.32816229116945,89.39,89.3,89.99,88.95,1940011,44.7,44.65,44.99,44.48,3880022,-0.05000000000000426,-0.0011
2021-11-22,45.05,46.15,44.68,46.01,MNST,6418680,4.3758949880668245,4.3758949880668245,92.01,90.09,92.3,89.36,3209340,46.01,45.05,46.15,44.68,6418680,0.3999999999999986,0.009
2021-11-23,44.31,45.26,43.55,45.05,MNST,5654644,4.287589498806682,4.287589498806682,90.11,88.62,90.51,87.09,2827322,45.05,44.31,45.26,43.55,5654644,-0.7399999999999949,-0.0164
2021-11-24,44.55,44.62,43.95,43.95,MNST,2990392,4.316229116945106,4.316229116945106,87.89,89.09,89.23,87.89,1495196,43.95,44.55,44.62,43.95,2990392,0.23999999999999488,0.0054
2021-11-26,43.52,44.49,43.38,44.49,MNST,2513976,4.193317422434367,4.193317422434367,88.98,87.05,88.99,86.77,1256988,44.49,43.52,44.49,43.38,2513976,-1.029999999999994,-0.0231
2021-11-29,43.42,43.77,43.28,43.6,MNST,3813414,4.181384248210024,4.181384248210024,87.21,86.85,87.54,86.56,1906707,43.6,43.42,43.77,43.28,3813414,-0.10000000000000142,-0.0023
2021-11-30,41.89,43.4,41.67,43.26,MNST,7082820,3.998806682577565,3.998806682577565,86.52,83.78,86.8,83.34,3541410,43.26,41.89,43.4,41.67,7082820,-1.5300000000000011,-0.0352
2021-12-01,40.53,42.42,40.46,42.27,MNST,6209380,3.836515513126491,3.836515513126491,84.55,81.06,84.85,80.92,3104690,42.27,40.53,42.42,40.46,6209380,-1.3599999999999994,-0.0325
2021-12-02,41.48,41.9,40.84,40.84,MNST,5599560,3.9498806682577556,3.9498806682577556,81.68,82.96,83.8,81.68,2799780,40.84,41.48,41.9,40.84,5599560,0.9499999999999957,0.0234
2021-12-03,41.85,41.93,41.29,41.66,MNST,4822402,3.994033412887828,3.994033412887828,83.32,83.7,83.86,82.58,2411201,41.66,41.85,41.93,41.29,4822402,0.37000000000000455,0.0089
2021-12-06,42.85,42.94,41.97,42.3,MNST,3120430,4.113365155131264,4.113365155131264,84.6,85.71,85.88,83.94,1560215,42.3,42.85,42.94,41.97,3120430,1.0,0.0239
2021-12-07,44.19,44.4,42.98,42.98,MNST,7769468,4.273269689737469,4.273269689737469,85.95,88.37,88.79,85.95,3884734,42.98,44.19,44.4,42.98,7769468,1.3399999999999963,0.0313
2021-12-08,44.47,44.51,43.77,44.1,MNST,4618198,4.306682577565631,4.306682577565631,88.2,88.93,89.03,87.53,2309099,44.1,44.47,44.51,43.77,4618198,0.28000000000000114,0.0063
2021-12-09,44.15,44.44,44.01,44.05,MNST,2984390,4.2684964200477316,4.2684964200477316,88.09,88.3,88.88,88.02,1492195,44.05,44.15,44.44,44.01,2984390,-0.3200000000000003,-0.0072
2021-12-10,44.77,45.01,44.35,44.51,MNST,5296806,4.342482100238663,4.342482100238663,89.02,89.55,90.01,88.7,2648403,44.51,44.77,45.01,44.35,5296806,0.6200000000000045,0.014
2021-12-13,44.89,45.16,44.42,44.75,MNST,3196712,4.356801909307875,4.356801909307875,89.5,89.78,90.31,88.85,1598356,44.75,44.89,45.16,44.42,3196712,0.11999999999999744,0.0027
2021-12-14,45.19,45.34,44.67,44.7,MNST,3964550,4.392601431980906,4.392601431980906,89.4,90.37,90.67,89.35,1982275,44.7,45.19,45.34,44.67,3964550,0.29999999999999716,0.0067
2021-12-15,45.6,45.65,44.82,45.24,MNST,5586466,4.441527446300715,4.441527446300715,90.48,91.21,91.3,89.64,2793233,45.24,45.6,45.65,44.82,5586466,0.4100000000000037,0.0091
2021-12-16,45.81,46.31,45.63,45.84,MNST,5437500,4.466587112171838,4.466587112171838,91.67,91.62,92.62,91.25,2718750,45.84,45.81,46.31,45.63,5437500,0.21000000000000085,0.0046
2021-12-17,45.81,46.55,45.25,45.52,MNST,11594838,4.466587112171838,4.466587112171838,91.03,91.62,93.11,90.5,5797419,45.52,45.81,46.55,45.25,11594838,0.0,0.0
2021-12-20,45.82,45.89,44.8,45.37,MNST,5719296,4.467780429594272,4.467780429594272,90.73,91.64,91.78,89.6,2859648,45.37,45.82,45.89,44.8,5719296,0.00999999999999801,0.0002
2021-12-21,46.4,46.45,45.83,45.84,MNST,3091760,4.536992840095465,4.536992840095465,91.67,92.79,92.9,91.65,1545880,45.84,46.4,46.45,45.83,3091760,0.5799999999999983,0.0127
2021-12-22,46.74,46.77,46.19,46.34,MNST,2308130,4.577565632458233,4.577565632458233,92.69,93.48,93.53,92.37,1154065,46.34,46.74,46.77,46.19,2308130,0.3400000000000034,0.0073
2021-12-23,46.92,47.16,46.68,46.86,MNST,2444550,4.599045346062052,4.599045346062052,93.72,93.84,94.31,93.36,1222275,46.86,46.92,47.16,46.68,2444550,0.17999999999999972,0.0039
2021-12-27,47.4,47.45,47.01,47.01,MNST,2034142,4.656324582338901,4.656324582338901,94.02,94.8,94.91,94.02,1017071,47.01,47.4,47.45,47.01,2034142,0.4799999999999969,0.0102
2021-12-28,47.35,47.66,47.17,47.45,MNST,2137158,4.65035799522673,4.65035799522673,94.9,94.7,95.31,94.35,1068579,47.45,47.35,47.66,47.17,2137158,-0.04999999999999716,-0.0011
2021-12-29,47.9,47.99,47.25,47.42,MNST,2588668,4.71599045346062,4.71599045346062,94.85,95.79,95.99,94.5,1294334,47.42,47.9,47.99,47.25,2588668,0.5499999999999972,0.0116
2021-12-30,47.7,48.21,47.63,48.14,MNST,2226582,4.692124105011933,4.692124105011933,96.28,95.39,96.42,95.25,1113291,48.14,47.7,48.21,47.63,2226582,-0.19999999999999574,-0.0042
2021-12-31,48.02,48.11,47.5,47.66,MNST,2210162,4.730310262529833,4.730310262529833,95.31,96.04,96.22,95.0,1105081,47.66,48.02,48.11,47.5,2210162,0.3200000000000003,0.0067
2022-01-03,48.27,48.34,47.44,47.76,MNST,3686338,4.760143198090692,4.760143198090692,95.52,96.54,96.69,94.89,1843169,47.76,48.27,48.34,47.44,3686338,0.25,0.0052
2022-01-04,48.87,48.98,48.2,48.2,MNST,4181568,4.831742243436753,4.831742243436753,96.41,97.74,97.96,96.41,2090784,48.2,48.87,48.98,48.2,4181568,0.5999999999999943,0.0124
2022-01-05,48.02,49.37,48.0,48.75,MNST,4738958,4.730310262529833,4.730310262529833,97.5,96.05,98.73,96.0,2369479,48.75,48.02,49.37,48.0,4738958,-0.8499999999999943,-0.0174
2022-01-06,47.76,48.4,47.65,47.81,MNST,4969276,4.699284009546538,4.699284009546538,95.63,95.52,96.8,95.29,2484638,47.81,47.76,48.4,47.65,4969276,-0.2600000000000051,-0.0054
2022-01-07,47.03,47.85,47.01,47.68,MNST,3675262,4.61217183770883,4.61217183770883,95.36,94.06,95.71,94.02,1837631,47.68,47.03,47.85,47.01,3675262,-0.7299999999999969,-0.0153
2022-01-10,46.37,46.93,45.58,46.91,MNST,6309582,4.533412887828161,4.533412887828161,93.82,92.73,93.86,91.15,3154791,46.91,46.37,46.93,45.58,6309582,-0.6600000000000037,-0.014
2022-01-11,47.29,47.37,45.77,46.07,MNST,3742362,4.643198090692123,4.643198090692123,92.14,94.58,94.73,91.55,1871181,46.07,47.29,47.37,45.77,3742362,0.9200000000000017,0.0198
2022-01-12,46.99,47.64,46.84,47.55,MNST,3743442,4.607398568019093,4.607398568019093,95.1,93.98,95.28,93.69,1871721,47.55,46.99,47.64,46.84,3743442,-0.29999999999999716,-0.0063
2022-01-13,47.19,47.52,46.83,47.17,MNST,4779258,4.63126491646778,4.63126491646778,94.35,94.37,95.05,93.66,2389629,47.17,47.19,47.52,46.83,4779258,0.19999999999999574,0.0043
2022-01-14,44.95,47.18,44.58,47.18,MNST,8028958,4.363961813842482,4.363961813842482,94.36,89.91,94.36,89.15,4014479,47.18,44.95,47.18,44.58,8028958,-2.239999999999995,-0.0475
2022-01-18,43.35,44.43,43.27,44.17,MNST,6206542,4.173031026252983,4.173031026252983,88.34,86.7,88.86,86.55,3103271,44.17,43.35,44.43,43.27,6206542,-1.6000000000000014,-0.0356
2022-01-19,43.37,43.73,43.09,43.42,MNST,5808160,4.175417661097851,4.175417661097851,86.85,86.73,87.47,86.19,2904080,43.42,43.37,43.73,43.09,5808160,0.01999999999999602,0.0005
2022-01-20,43.19,44.56,43.12,43.69,MNST,3938508,4.153937947494033,4.153937947494033,87.38,86.37,89.12,86.24,1969254,43.69,43.19,44.56,43.12,3938508,-0.17999999999999972,-0.0042
2022-01-21,42.81,43.88,42.76,43.27,MNST,6160536,4.108591885441527,4.108591885441527,86.54,85.62,87.75,85.52,3080268,43.27,42.81,43.88,42.76,6160536,-0.37999999999999545,-0.0088
2022-01-24,44.07,44.15,42.1,42.77,MNST,6855900,4.258949880668257,4.258949880668257,85.53,88.14,88.3,84.2,3427950,42.77,44.07,44.15,42.1,6855900,1.259999999999998,0.0294
2022-01-25,43.16,43.65,42.69,43.48,MNST,5585806,4.150357995226729,4.150357995226729,86.95,86.33,87.3,85.38,2792903,43.48,43.16,43.65,42.69,5585806,-0.9100000000000037,-0.0206
2022-01-26,42.3,43.62,42.04,43.05,MNST,5077878,4.0477326968973735,4.0477326968973735,86.11,84.59,87.24,84.08,2538939,43.05,42.3,43.62,42.04,5077878,-0.8599999999999994,-0.0199
2022-01-27,41.59,42.95,41.35,42.66,MNST,4751406,3.9630071599045342,3.9630071599045342,85.33,83.17,85.91,82.7,2375703,42.66,41.59,42.95,41.35,4751406,-0.7099999999999937,-0.0168
2022-01-28,42.66,42.66,41.0,41.45,MNST,5212316,4.0906921241050105,4.0906921241050105,82.91,85.31,85.31,82.0,2606158,41.45,42.66,42.66,41.0,5212316,1.0699999999999932,0.0257
2022-01-31,43.36,43.4,42.41,42.63,MNST,4579642,4.174224343675417,4.174224343675417,85.26,86.72,86.79,84.81,2289821,42.63,43.36,43.4,42.41,4579642,0.7000000000000028,0.0164
2022-02-01,43.23,43.37,42.66,43.3,MNST,6964290,4.15871121718377,4.15871121718377,86.61,86.47,86.74,85.33,3482145,43.3,43.23,43.37,42.66,6964290,-0.13000000000000256,-0.003
2022-02-02,43.6,43.97,43.3,43.56,MNST,4176374,4.202863961813842,4.202863961813842,87.13,87.21,87.94,86.6,2088187,43.56,43.6,43.97,43.3,4176374,0.37000000000000455,0.0086
2022-02-03,43.04,43.49,42.91,43.2,MNST,6862274,4.136038186157517,4.136038186157517,86.41,86.08,86.98,85.82,3431137,43.2,43.04,43.49,42.91,6862274,-0.5600000000000023,-0.0128
2022-02-04,42.15,42.81,41.91,42.52,MNST,6169880,4.029832935560858,4.029832935560858,85.05,84.29,85.62,83.82,3084940,42.52,42.15,42.81,41.91,6169880,-0.8900000000000006,-0.0207
2022-02-07,42.27,42.56,42.08,42.26,MNST,3071918,4.044152744630071,4.044152744630071,84.52,84.54,85.13,84.16,1535959,42.26,42.27,42.56,42.08,3071918,0.12000000000000455,0.0028
2022-02-08,42.36,42.49,41.88,42.19,MNST,5139464,4.05489260143198,4.05489260143198,84.38,84.72,84.98,83.76,2569732,42.19,42.36,42.49,41.88,5139464,0.0899999999999963,0.0021
2022-02-09,43.15,43.3,42.66,42.87,MNST,4356238,4.149164677804295,4.149164677804295,85.74,86.29,86.59,85.33,2178119,42.87,43.15,43.3,42.66,4356238,0.7899999999999991,0.0186
2022-02-10,41.91,42.52,41.6,42.49,MNST,6357748,4.001193317422433,4.001193317422433,84.99,83.83,85.04,83.21,3178874,42.49,41.91,42.52,41.6,6357748,-1.240000000000002,-0.0287
2022-02-11,41.4,42.37,41.27,41.93,MNST,4233474,3.940334128878281,3.940334128878281,83.86,82.8,84.73,82.55,2116737,41.93,41.4,42.37,41.27,4233474,-0.509999999999998,-0.0122
2022-02-14,41.28,42.85,40.77,41.5,MNST,5872026,3.926014319809069,3.926014319809069,83.0,82.57,85.71,81.53,2936013,41.5,41.28,42.85,40.77,5872026,-0.11999999999999744,-0.0029
2022-02-15,41.39,42.56,40.96,42.5,MNST,7840346,3.9391408114558466,3.9391408114558466,85.0,82.78,85.13,81.92,3920173,42.5,41.39,42.56,40.96,7840346,0.10999999999999943,0.0027
2022-02-16,41.61,41.83,40.54,41.2,MNST,5330850,3.9653937947494025,3.9653937947494025,82.39,83.22,83.66,81.08,2665425,41.2,41.61,41.83,40.54,5330850,0.21999999999999886,0.0053
2022-02-17,41.07,41.45,40.65,41.45,MNST,4696026,3.900954653937947,3.900954653937947,82.89,82.14,82.9,81.29,2348013,41.45,41.07,41.45,40.65,4696026,-0.5399999999999991,-0.013
2022-02-18,40.63,41.04,40.23,40.99,MNST,10591448,3.848448687350835,3.848448687350835,81.98,81.27,82.09,80.45,5295724,40.99,40.63,41.04,40.23,10591448,-0.4399999999999977,-0.0107
2022-02-22,40.83,41.1,40.26,40.42,MNST,9145616,3.872315035799522,3.872315035799522,80.84,81.65,82.2,80.51,4572808,40.42,40.83,41.1,40.26,9145616,0.19999999999999574,0.0049
2022-02-23,39.7,40.99,39.6,40.9,MNST,6408368,3.737470167064439,3.737470167064439,81.8,79.41,81.99,79.21,3204184,40.9,39.7,40.99,39.6,6408368,-1.1299999999999955,-0.0277
2022-02-24,40.17,40.2,38.19,39.45,MNST,9444676,3.793556085918854,3.793556085918854,78.89,80.35,80.41,76.37,4722338,39.45,40.17,40.2,38.19,9444676,0.46999999999999886,0.0118
2022-02-25,42.28,43.49,41.06,41.5,MNST,11672238,4.045346062052506,4.045346062052506,83.0,84.57,86.98,82.13,5836119,41.5,42.28,43.49,41.06,11672238,2.1099999999999994,0.0525
2022-02-28,42.2,42.48,41.43,41.49,MNST,8159418,4.035799522673031,4.035799522673031,82.98,84.4,84.95,82.86,4079709,41.49,42.2,42.48,41.43,8159418,-0.0799999999999983,-0.0019
2022-03-01,41.62,42.32,41.37,42.1,MNST,5382260,3.966587112171837,3.966587112171837,84.21,83.23,84.64,82.73,2691130,42.1,41.62,42.32,41.37,5382260,-0.5800000000000054,-0.0137
2022-03-02,41.88,42.16,41.39,41.74,MNST,3418894,3.997613365155131,3.997613365155131,83.48,83.75,84.32,82.78,1709447,41.74,41.88,42.16,41.39,3418894,0.2600000000000051,0.0062
2022-03-03,41.67,42.19,41.63,42.09,MNST,7623620,3.972553699284009,3.972553699284009,84.17,83.35,84.38,83.25,3811810,42.09,41.67,42.19,41.63,7623620,-0.21000000000000085,-0.005
2022-03-04,40.66,41.47,40.44,41.47,MNST,7686212,3.8520286396181374,3.8520286396181374,82.94,81.32,82.94,80.88,3843106,41.47,40.66,41.47,40.44,7686212,-1.0100000000000051,-0.0242
2022-03-07,37.5,40.67,37.35,40.67,MNST,10949436,3.4749403341288776,3.4749403341288776,81.34,75.0,81.34,74.71,5474718,40.67,37.5,40.67,37.35,10949436,-3.1599999999999966,-0.0777
2022-03-08,36.24,37.84,35.89,37.36,MNST,8853494,3.3245823389021476,3.3245823389021476,74.72,72.49,75.67,71.78,4426747,37.36,36.24,37.84,35.89,8853494,-1.259999999999998,-0.0336
2022-03-09,38.34,38.58,37.13,37.28,MNST,7075046,3.575178997613365,3.575178997613365,74.57,76.68,77.16,74.25,3537523,37.28,38.34,38.58,37.13,7075046,2.1000000000000014,0.0579
2022-03-10,37.7,38.25,37.03,37.68,MNST,5517232,3.498806682577565,3.498806682577565,75.36,75.39,76.5,74.07,2758616,37.68,37.7,38.25,37.03,5517232,-0.6400000000000006,-0.0167
2022-03-11,36.61,38.26,36.55,38.16,MNST,3375024,3.368735083532219,3.368735083532219,76.31,73.22,76.51,73.09,1687512,38.16,36.61,38.26,36.55,3375024,-1.0900000000000034,-0.0289
2022-03-14,36.62,37.39,36.56,36.88,MNST,3931708,3.369928400954653,3.369928400954653,73.76,73.23,74.78,73.13,1965854,36.88,36.62,37.39,36.56,3931708,0.00999999999999801,0.0003
2022-03-15,37.54,37.62,36.99,37.1,MNST,3991146,3.479713603818615,3.479713603818615,74.21,75.08,75.24,73.99,1995573,37.1,37.54,37.62,36.99,3991146,0.9200000000000017,0.0251
2022-03-16,38.59,39.03,37.64,37.97,MNST,6021974,3.6050119331742243,3.6050119331742243,75.94,77.19,78.06,75.28,3010987,37.97,38.59,39.03,37.64,6021974,1.0500000000000043,0.028
2022-03-17,39.14,39.22,38.24,38.55,MNST,4688548,3.670644391408114,3.670644391408114,77.09,78.28,78.44,76.49,2344274,38.55,39.14,39.22,38.24,4688548,0.5499999999999972,0.0143
2022-03-18,40.3,40.41,39.1,39.56,MNST,9555956,3.8090692124105003,3.8090692124105003,79.13,80.59,80.82,78.21,4777978,39.56,40.3,40.41,39.1,9555956,1.1599999999999966,0.0296
2022-03-21,39.5,40.1,38.91,39.98,MNST,4685584,3.713603818615751,3.713603818615751,79.96,79.0,80.21,77.83,2342792,39.98,39.5,40.1,38.91,4685584,-0.7999999999999972,-0.0199
2022-03-22,40.65,40.88,39.72,39.72,MNST,7084826,3.850835322195703,3.850835322195703,79.44,81.3,81.75,79.44,3542413,39.72,40.65,40.88,39.72,7084826,1.1499999999999986,0.0291
2022-03-23,39.02,40.45,38.92,40.44,MNST,5123478,3.6563245823389017,3.6563245823389017,80.87,78.05,80.9,77.85,2561739,40.44,39.02,40.45,38.92,5123478,-1.6299999999999955,-0.0401
2022-03-24,39.28,39.31,38.63,39.16,MNST,4443064,3.6873508353221953,3.6873508353221953,78.32,78.56,78.63,77.25,2221532,39.16,39.28,39.31,38.63,4443064,0.259999999999998,0.0067
2022-03-25,39.35,39.63,39.03,39.53,MNST,3413166,3.6957040572792357,3.6957040572792357,79.06,78.7,79.27,78.06,1706583,39.53,39.35,39.63,39.03,3413166,0.07000000000000028,0.0018
2022-03-28,40.01,40.04,39.27,39.58,MNST,3321652,3.7744630071599037,3.7744630071599037,79.16,80.02,80.08,78.54,1660826,39.58,40.01,40.04,39.27,3321652,0.6599999999999966,0.0168
2022-03-29,41.29,41.79,40.33,40.71,MNST,5138404,3.927207637231503,3.927207637231503,81.42,82.58,83.58,80.65,2569202,40.71,41.29,41.79,40.33,5138404,1.2800000000000011,0.032
2022-03-30,40.03,41.09,39.8,40.89,MNST,3895394,3.776849642004773,3.776849642004773,81.78,80.06,82.17,79.6,1947697,40.89,40.03,41.09,39.8,3895394,-1.259999999999998,-0.0305
2022-03-31,39.95,40.48,39.94,40.22,MNST,5368766,3.767303102625298,3.767303102625298,80.43,79.9,80.97,79.87,2684383,40.22,39.95,40.48,39.94,5368766,-0.0799999999999983,-0.002
2022-04-01,41.08,41.13,40.04,40.14,MNST,4550140,3.902147971360381,3.902147971360381,80.28,82.15,82.25,80.08,2275070,40.14,41.08,41.13,40.04,4550140,1.1299999999999955,0.0283
2022-04-04,41.3,41.38,40.57,40.98,MNST,4254210,3.928400954653937,3.928400954653937,81.96,82.6,82.77,81.14,2127105,40.98,41.3,41.38,40.57,4254210,0.21999999999999886,0.0054
2022-04-05,40.95,41.45,40.74,41.33,MNST,3999282,3.886634844868735,3.886634844868735,82.65,81.9,82.89,81.49,1999641,41.33,40.95,41.45,40.74,3999282,-0.3499999999999943,-0.0085
2022-04-06,40.41,40.91,39.58,40.52,MNST,4929554,3.822195704057278,3.822195704057278,81.03,80.82,81.82,79.16,2464777,40.52,40.41,40.91,39.58,4929554,-0.5400000000000063,-0.0132
2022-04-07,40.89,41.16,40.09,40.32,MNST,5247386,3.8794749403341284,3.8794749403341284,80.64,81.78,82.32,80.18,2623693,40.32,40.89,41.16,40.09,5247386,0.480000000000004,0.0119
2022-04-08,40.81,41.56,40.26,40.83,MNST,6990588,3.8699284009546537,3.8699284009546537,81.66,81.62,83.12,80.52,3495294,40.83,40.81,41.56,40.26,6990588,-0.0799999999999983,-0.002
2022-04-11,41.09,41.54,40.56,40.73,MNST,5691552,3.903341288782816,3.903341288782816,81.47,82.17,83.08,81.12,2845776,40.73,41.09,41.54,40.56,5691552,0.28000000000000114,0.0069
2022-04-12,41.34,41.71,41.02,41.31,MNST,5973136,3.9331742243436754,3.9331742243436754,82.63,82.69,83.42,82.03,2986568,41.31,41.34,41.71,41.02,5973136,0.25,0.0061
2022-04-13,42.01,42.28,41.24,41.24,MNST,5956812,4.013126491646777,4.013126491646777,82.48,84.01,84.56,82.48,2978406,41.24,42.01,42.28,41.24,5956812,0.6699999999999946,0.0162
2022-04-14,41.3,42.24,40.95,42.06,MNST,12559700,3.928400954653937,3.928400954653937,84.12,82.59,84.49,81.9,6279850,42.06,41.3,42.24,40.95,12559700,-0.7100000000000009,-0.0169
2022-04-18,41.22,41.41,40.87,41.03,MNST,4420928,3.918854415274462,3.918854415274462,82.06,82.44,82.83,81.73,2210464,41.03,41.22,41.41,40.87,4420928,-0.0799999999999983,-0.0019
2022-04-19,41.9,41.99,41.02,41.19,MNST,3784212,3.999999999999999,3.999999999999999,82.37,83.8,83.98,82.05,1892106,41.19,41.9,41.99,41.02,3784212,0.6799999999999997,0.0165
2022-04-20,42.67,42.78,41.97,42.24,MNST,4205400,4.091885441527446,4.091885441527446,84.49,85.35,85.57,83.93,2102700,42.24,42.67,42.78,41.97,4205400,0.7700000000000031,0.0184
2022-04-21,43.44,44.02,42.91,43.02,MNST,8538124,4.183770883054891,4.183770883054891,86.03,86.88,88.03,85.81,4269062,43.02,43.44,44.02,42.91,8538124,0.769999999999996,0.018
2022-04-22,42.83,43.47,42.59,43.25,MNST,7973848,4.1109785202863955,4.1109785202863955,86.5,85.65,86.94,85.19,3986924,43.25,42.83,43.47,42.59,7973848,-0.6099999999999994,-0.014
2022-04-25,43.34,43.4,41.81,42.83,MNST,7005228,4.171837708830549,4.171837708830549,85.65,86.68,86.79,83.62,3502614,42.83,43.34,43.4,41.81,7005228,0.5100000000000051,0.0119
2022-04-26,43.13,43.52,42.87,42.92,MNST,8401284,4.1467780429594265,4.1467780429594265,85.84,86.26,87.04,85.74,4200642,42.92,43.13,43.52,42.87,8401284,-0.21000000000000085,-0.0048
2022-04-27,43.38,43.71,42.87,42.99,MNST,7378552,4.176610978520286,4.176610978520286,85.99,86.75,87.42,85.73,3689276,42.99,43.38,43.71,42.87,7378552,0.25,0.0058
2022-04-28,43.91,43.99,42.69,43.43,MNST,5343126,4.239856801909307,4.239856801909307,86.86,87.81,87.99,85.38,2671563,43.43,43.91,43.99,42.69,5343126,0.529999999999994,0.0122
2022-04-29,42.84,43.91,42.62,43.63,MNST,6646076,4.11217183770883,4.11217183770883,87.25,85.68,87.82,85.24,3323038,43.63,42.84,43.91,42.62,6646076,-1.0699999999999932,-0.0244
2022-05-02,42.38,43.3,41.57,43.07,MNST,6969260,4.057279236276849,4.057279236276849,86.14,84.75,86.59,83.14,3484630,43.07,42.38,43.3,41.57,6969260,-0.46000000000000085,-0.0107
2022-05-03,41.96,42.76,41.55,42.76,MNST,5610254,4.007159904534606,4.007159904534606,85.51,83.92,85.51,83.11,2805127,42.76,41.96,42.76,41.55,5610254,-0.4200000000000017,-0.0099
2022-05-04,43.33,43.44,41.67,41.91,MNST,7040194,4.170644391408113,4.170644391408113,83.81,86.65,86.87,83.35,3520097,41.91,43.33,43.44,41.67,7040194,1.3699999999999974,0.0327
2022-05-05,41.52,43.09,41.06,42.88,MNST,7849470,3.954653937947494,3.954653937947494,85.75,83.04,86.17,82.13,3924735,42.88,41.52,43.09,41.06,7849470,-1.8099999999999952,-0.0418
2022-05-06,43.34,43.8,41.27,41.27,MNST,13271494,4.171837708830549,4.171837708830549,82.55,86.67,87.59,82.55,6635747,41.27,43.34,43.8,41.27,13271494,1.8200000000000003,0.0438
2022-05-09,41.78,43.24,41.1,42.69,MNST,9843260,3.985680190930787,3.985680190930787,85.37,83.57,86.49,82.2,4921630,42.69,41.78,43.24,41.1,9843260,-1.5600000000000023,-0.036
2022-05-10,42.07,42.64,41.53,42.45,MNST,5860750,4.020286396181383,4.020286396181383,84.89,84.14,85.28,83.07,2930375,42.45,42.07,42.64,41.53,5860750,0.28999999999999915,0.0069
2022-05-11,42.45,43.66,41.7,41.94,MNST,6959328,4.06563245823389,4.06563245823389,83.88,84.91,87.31,83.39,3479664,41.94,42.45,43.66,41.7,6959328,0.38000000000000256,0.009
2022-05-12,42.84,43.27,41.85,41.85,MNST,6359702,4.11217183770883,4.11217183770883,83.71,85.68,86.53,83.71,3179851,41.85,42.84,43.27,41.85,6359702,0.39000000000000057,0.0092
2022-05-13,44.45,44.58,42.93,43.05,MNST,6411192,4.304295942720763,4.304295942720763,86.11,88.89,89.15,85.86,3205596,43.05,44.45,44.58,42.93,6411192,1.6099999999999994,0.0376
2022-05-16,44.55,45.03,44.05,44.05,MNST,5451068,4.316229116945106,4.316229116945106,88.11,89.11,90.06,88.11,2725534,44.05,44.55,45.03,44.05,5451068,0.09999999999999432,0.0022
2022-05-17,44.62,45.1,44.04,44.88,MNST,4668356,4.324582338902147,4.324582338902147,89.76,89.23,90.21,88.08,2334178,44.88,44.62,45.1,44.04,4668356,0.07000000000000028,0.0016
2022-05-18,43.31,45.12,43.12,44.73,MNST,6415958,4.1682577565632455,4.1682577565632455,89.45,86.62,90.24,86.24,3207979,44.73,43.31,45.12,43.12,6415958,-1.3099999999999952,-0.0294
2022-05-19,43.38,43.8,42.57,43.04,MNST,6509030,4.176610978520286,4.176610978520286,86.08,86.76,87.59,85.14,3254515,43.04,43.38,43.8,42.57,6509030,0.07000000000000028,0.0016
2022-05-20,43.81,43.99,42.95,43.55,MNST,7617706,4.227923627684964,4.227923627684964,87.11,87.63,87.98,85.91,3808853,43.55,43.81,43.99,42.95,7617706,0.4299999999999997,0.0099
2022-05-23,43.52,44.45,43.19,44.34,MNST,5906426,4.193317422434367,4.193317422434367,88.69,87.05,88.89,86.38,2953213,44.34,43.52,44.45,43.19,5906426,-0.28999999999999915,-0.0066
2022-05-24,43.74,43.84,43.29,43.48,MNST,5670014,4.219570405727923,4.219570405727923,86.96,87.49,87.67,86.58,2835007,43.48,43.74,43.84,43.29,5670014,0.21999999999999886,0.0051
2022-05-25,43.87,44.06,43.41,43.53,MNST,3489314,4.235083532219569,4.235083532219569,87.06,87.73,88.13,86.81,1744657,43.53,43.87,44.06,43.41,3489314,0.12999999999999545,0.003
2022-05-26,44.37,44.7,43.93,43.98,MNST,3225856,4.294749403341288,4.294749403341288,87.97,88.73,89.4,87.86,1612928,43.98,44.37,44.7,43.93,3225856,0.5,0.0114
2022-05-27,44.84,44.85,44.33,44.55,MNST,4247178,4.350835322195704,4.350835322195704,89.1,89.67,89.71,88.67,2123589,44.55,44.84,44.85,44.33,4247178,0.47000000000000597,0.0106
2022-05-31,44.56,45.0,43.89,44.78,MNST,8209982,4.317422434367542,4.317422434367542,89.56,89.12,90.0,87.78,4104991,44.78,44.56,45.0,43.89,8209982,-0.28000000000000114,-0.0062
2022-06-01,44.02,44.48,43.48,44.41,MNST,3887582,4.252983293556086,4.252983293556086,88.82,88.05,88.97,86.96,1943791,44.41,44.02,44.48,43.48,3887582,-0.5399999999999991,-0.0121
2022-06-02,45.17,45.2,43.7,44.24,MNST,5373950,4.3902147971360375,4.3902147971360375,88.48,90.34,90.39,87.4,2686975,44.24,45.17,45.2,43.7,5373950,1.1499999999999986,0.0261
2022-06-03,44.41,44.99,44.19,44.9,MNST,4682558,4.299522673031025,4.299522673031025,89.79,88.83,89.99,88.37,2341279,44.9,44.41,44.99,44.19,4682558,-0.7600000000000051,-0.0168
2022-06-06,45.68,45.92,44.9,45.0,MNST,7057306,4.45107398568019,4.45107398568019,90.0,91.36,91.85,89.8,3528653,45.0,45.68,45.92,44.9,7057306,1.2700000000000031,0.0286
2022-06-07,45.42,46.0,45.11,45.45,MNST,4724296,4.420047732696897,4.420047732696897,90.9,90.85,92.0,90.22,2362148,45.45,45.42,46.0,45.11,4724296,-0.259999999999998,-0.0057
2022-06-08,45.12,45.47,44.99,45.17,MNST,3830834,4.384248210023865,4.384248210023865,90.34,90.24,90.93,89.98,1915417,45.17,45.12,45.47,44.99,3830834,-0.30000000000000426,-0.0066
2022-06-09,44.65,45.48,44.61,44.84,MNST,4228014,4.32816229116945,4.32816229116945,89.68,89.3,90.96,89.22,2114007,44.84,44.65,45.48,44.61,4228014,-0.46999999999999886,-0.0104
2022-06-10,43.52,44.06,43.43,43.85,MNST,6134106,4.193317422434367,4.193317422434367,87.71,87.04,88.12,86.86,3067053,43.85,43.52,44.06,43.43,6134106,-1.1299999999999955,-0.0253
2022-06-13,42.24,42.98,41.95,42.63,MNST,5873336,4.040572792362768,4.040572792362768,85.25,84.49,85.96,83.9,2936668,42.63,42.24,42.98,41.95,5873336,-1.2800000000000011,-0.0294
2022-06-14,44.03,44.18,42.88,42.88,MNST,9365166,4.2541766109785195,4.2541766109785195,85.76,88.06,88.36,85.76,4682583,42.88,44.03,44.18,42.88,9365166,1.7899999999999991,0.0424
2022-06-15,43.94,45.21,43.52,44.33,MNST,7452734,4.24343675417661,4.24343675417661,88.66,87.87,90.42,87.05,3726367,44.33,43.94,45.21,43.52,7452734,-0.09000000000000341,-0.002
2022-06-16,43.95,44.28,42.65,43.38,MNST,8248034,4.244630071599045,4.244630071599045,86.77,87.89,88.57,85.29,4124017,43.38,43.95,44.28,42.65,8248034,0.010000000000005116,0.0002
2022-06-17,44.06,44.53,43.53,43.91,MNST,9618462,4.257756563245823,4.257756563245823,87.81,88.12,89.07,87.07,4809231,43.91,44.06,44.53,43.53,9618462,0.10999999999999943,0.0025
2022-06-21,45.42,45.78,44.02,44.42,MNST,5917654,4.420047732696897,4.420047732696897,88.84,90.84,91.56,88.03,2958827,44.42,45.42,45.78,44.02,5917654,1.3599999999999994,0.0309
2022-06-22,45.37,45.82,44.89,45.1,MNST,4964552,4.414081145584724,4.414081145584724,90.2,90.74,91.64,89.78,2482276,45.1,45.37,45.82,44.89,4964552,-0.05000000000000426,-0.0011
2022-06-23,46.09,46.35,45.5,45.78,MNST,3586124,4.5,4.5,91.56,92.18,92.7,91.0,1793062,45.78,46.09,46.35,45.5,3586124,0.720000000000006,0.0159
2022-06-24,47.29,47.3,46.11,46.65,MNST,5943230,4.643198090692123,4.643198090692123,93.29,94.58,94.59,92.22,2971615,46.65,47.29,47.3,46.11,5943230,1.1999999999999957,0.026
2022-06-27,47.1,47.14,46.53,47.0,MNST,4807390,4.62052505966587,4.62052505966587,94.0,94.21,94.28,93.07,2403695,47.0,47.1,47.14,46.53,4807390,-0.18999999999999773,-0.004
2022-06-28,45.41,47.37,45.2,47.09,MNST,7031084,4.4188544152744615,4.4188544152744615,94.17,90.81,94.73,90.39,3515542,47.09,45.41,47.37,45.2,7031084,-1.6900000000000048,-0.0359
2022-06-29,46.67,46.68,45.42,45.59,MNST,5137886,4.569212410501192,4.569212410501192,91.19,93.35,93.36,90.83,2568943,45.59,46.67,46.68,45.42,5137886,1.2600000000000051,0.0277
2022-06-30,46.35,46.56,45.71,46.37,MNST,5145214,4.531026252983293,4.531026252983293,92.73,92.7,93.12,91.42,2572607,46.37,46.35,46.56,45.71,5145214,-0.3200000000000003,-0.0069
2022-07-01,47.3,47.34,45.96,46.09,MNST,3635246,4.644391408114557,4.644391408114557,92.17,94.59,94.69,91.92,1817623,46.09,47.3,47.34,45.96,3635246,0.9499999999999957,0.0205
2022-07-05,48.05,48.31,46.52,47.05,MNST,7247160,4.733890214797135,4.733890214797135,94.09,96.11,96.62,93.03,3623580,47.05,48.05,48.31,46.52,7247160,0.75,0.0159
2022-07-06,48.7,49.26,48.13,48.13,MNST,7359288,4.8114558472553695,4.8114558472553695,96.25,97.39,98.52,96.25,3679644,48.13,48.7,49.26,48.13,7359288,0.6500000000000057,0.0135
2022-07-07,48.49,48.73,48.19,48.7,MNST,6708724,4.786396181384248,4.786396181384248,97.39,96.99,97.45,96.37,3354362,48.7,48.49,48.73,48.19,6708724,-0.21000000000000085,-0.0043
2022-07-08,48.74,49.01,47.95,48.49,MNST,6302398,4.816229116945107,4.816229116945107,96.99,97.48,98.01,95.9,3151199,48.49,48.74,49.01,47.95,6302398,0.25,0.0052
2022-07-11,48.43,48.92,48.24,48.7,MNST,4199656,4.779236276849641,4.779236276849641,97.41,96.86,97.85,96.47,2099828,48.7,48.43,48.92,48.24,4199656,-0.3100000000000023,-0.0064
2022-07-12,48.38,48.93,48.22,48.56,MNST,4246734,4.77326968973747,4.77326968973747,97.12,96.75,97.86,96.44,2123367,48.56,48.38,48.93,48.22,4246734,-0.04999999999999716,-0.001
2022-07-13,48.4,48.92,47.67,47.67,MNST,4381208,4.775656324582338,4.775656324582338,95.34,96.8,97.84,95.34,2190604,47.67,48.4,48.92,47.67,4381208,0.01999999999999602,0.0004
2022-07-14,48.88,48.92,47.84,48.22,MNST,5582786,4.832935560859188,4.832935560859188,96.44,97.75,97.84,95.69,2791393,48.22,48.88,48.92,47.84,5582786,0.480000000000004,0.0099
2022-07-15,48.58,49.48,48.14,48.98,MNST,12850512,4.7971360381861565,4.7971360381861565,97.97,97.15,98.95,96.28,6425256,48.98,48.58,49.48,48.14,12850512,-0.30000000000000426,-0.0061
2022-07-18,47.51,48.77,47.45,48.74,MNST,4577058,4.669451073985679,4.669451073985679,97.49,95.02,97.54,94.89,2288529,48.74,47.51,48.77,47.45,4577058,-1.0700000000000003,-0.022
2022-07-19,48.13,48.2,47.7,48.0,MNST,4869076,4.743436754176611,4.743436754176611,96.0,96.26,96.41,95.39,2434538,48.0,48.13,48.2,47.7,4869076,0.6200000000000045,0.013
2022-07-20,48.2,48.92,48.08,48.19,MNST,5166292,4.751789976133651,4.751789976133651,96.37,96.4,97.85,96.16,2583146,48.19,48.2,48.92,48.08,5166292,0.07000000000000028,0.0015
2022-07-21,47.88,48.49,47.41,48.3,MNST,4547498,4.713603818615751,4.713603818615751,96.6,95.77,96.99,94.83,2273749,48.3,47.88,48.49,47.41,4547498,-0.3200000000000003,-0.0066
2022-07-22,47.53,48.05,47.08,47.95,MNST,3911154,4.671837708830548,4.671837708830548,95.91,95.07,96.1,94.16,1955577,47.95,47.53,48.05,47.08,3911154,-0.3500000000000014,-0.0073
2022-07-25,47.92,48.13,47.19,47.73,MNST,3755952,4.7183770883054885,4.7183770883054885,95.47,95.84,96.27,94.37,1877976,47.73,47.92,48.13,47.19,3755952,0.39000000000000057,0.0082
2022-07-26,47.95,48.13,47.67,47.95,MNST,3353226,4.721957040572792,4.721957040572792,95.91,95.89,96.27,95.34,1676613,47.95,47.95,48.13,47.67,3353226,0.030000000000001137,0.0006
2022-07-27,48.7,48.83,47.38,47.63,MNST,4548768,4.8114558472553695,4.8114558472553695,95.27,97.39,97.65,94.76,2274384,47.63,48.7,48.83,47.38,4548768,0.75,0.0156
2022-07-28,49.45,49.55,48.47,48.75,MNST,3859772,4.900954653937947,4.900954653937947,97.5,98.91,99.09,96.94,1929886,48.75,49.45,49.55,48.47,3859772,0.75,0.0154
2022-07-29,49.81,49.91,48.93,49.15,MNST,6023170,4.943914081145584,4.943914081145584,98.3,99.62,99.81,97.86,3011585,49.15,49.81,49.91,48.93,6023170,0.35999999999999943,0.0073
2022-08-01,49.24,49.51,48.84,49.28,MNST,6048052,4.875894988066825,4.875894988066825,98.56,98.49,99.02,97.67,3024026,49.28,49.24,49.51,48.84,6048052,-0.5700000000000003,-0.0114
2022-08-02,48.45,49.04,48.02,48.95,MNST,6194036,4.781622911694511,4.781622911694511,97.9,96.9,98.08,96.05,3097018,48.95,48.45,49.04,48.02,6194036,-0.7899999999999991,-0.016
2022-08-03,48.02,48.58,47.95,48.34,MNST,5958562,4.730310262529833,4.730310262529833,96.67,96.05,97.15,95.89,2979281,48.34,48.02,48.58,47.95,5958562,-0.4299999999999997,-0.0089
2022-08-04,48.18,48.21,47.55,47.88,MNST,6159270,4.749403341288782,4.749403341288782,95.77,96.36,96.42,95.11,3079635,47.88,48.18,48.21,47.55,6159270,0.1599999999999966,0.0033
2022-08-05,45.69,46.23,44.42,45.8,MNST,13870480,4.452267303102624,4.452267303102624,91.61,91.38,92.47,88.84,6935240,45.8,45.69,46.23,44.42,13870480,-2.490000000000002,-0.0517
2022-08-08,44.72,46.01,44.57,45.86,MNST,5371260,4.336515513126491,4.336515513126491,91.72,89.43,92.02,89.14,2685630,45.86,44.72,46.01,44.57,5371260,-0.9699999999999989,-0.0212
2022-08-09,44.41,44.49,43.68,44.39,MNST,12434440,4.299522673031025,4.299522673031025,88.78,88.81,88.98,87.36,6217220,44.39,44.41,44.49,43.68,12434440,-0.3100000000000023,-0.0069
2022-08-10,44.91,45.77,44.7,44.94,MNST,7162038,4.359188544152744,4.359188544152744,89.88,89.82,91.55,89.4,3581019,44.94,44.91,45.77,44.7,7162038,0.5,0.0113
2022-08-11,44.65,45.38,44.48,44.7,MNST,4177266,4.32816229116945,4.32816229116945,89.39,89.3,90.76,88.97,2088633,44.7,44.65,45.38,44.48,4177266,-0.259999999999998,-0.0058
2022-08-12,45.01,45.07,44.48,44.69,MNST,5929768,4.371121718377087,4.371121718377087,89.37,90.02,90.14,88.95,2964884,44.69,45.01,45.07,44.48,5929768,0.35999999999999943,0.0081
2022-08-15,45.9,46.09,45.0,45.08,MNST,3627578,4.477326968973746,4.477326968973746,90.16,91.79,92.18,90.0,1813789,45.08,45.9,46.09,45.0,3627578,0.8900000000000006,0.0198
2022-08-16,46.14,46.38,45.51,45.78,MNST,3047798,4.505966587112171,4.505966587112171,91.56,92.28,92.75,91.03,1523899,45.78,46.14,46.38,45.51,3047798,0.240000000000002,0.0052
2022-08-17,45.76,46.05,45.56,45.88,MNST,2522484,4.460620525059665,4.460620525059665,91.76,91.51,92.11,91.13,1261242,45.88,45.76,46.05,45.56,2522484,-0.38000000000000256,-0.0082
2022-08-18,45.63,46.09,45.52,45.77,MNST,3331352,4.445107398568019,4.445107398568019,91.54,91.26,92.18,91.04,1665676,45.77,45.63,46.09,45.52,3331352,-0.12999999999999545,-0.0028
2022-08-19,45.3,45.69,45.14,45.38,MNST,3818064,4.405727923627684,4.405727923627684,90.76,90.59,91.38,90.28,1909032,45.38,45.3,45.69,45.14,3818064,-0.3300000000000054,-0.0072
2022-08-22,44.8,45.19,44.69,45.01,MNST,4016626,4.346062052505966,4.346062052505966,90.01,89.59,90.38,89.38,2008313,45.01,44.8,45.19,44.69,4016626,-0.5,-0.011
2022-08-23,45.08,45.15,44.43,44.6,MNST,4434234,4.379474940334128,4.379474940334128,89.21,90.16,90.29,88.86,2217117,44.6,45.08,45.15,44.43,4434234,0.28000000000000114,0.0063
2022-08-24,45.22,45.33,44.88,45.0,MNST,2705362,4.39618138424821,4.39618138424821,90.0,90.43,90.66,89.76,1352681,45.0,45.22,45.33,44.88,2705362,0.14000000000000057,0.0031
2022-08-25,45.59,45.65,45.12,45.2,MNST,3009044,4.440334128878281,4.440334128878281,90.41,91.18,91.3,90.23,1504522,45.2,45.59,45.65,45.12,3009044,0.37000000000000455,0.0082
2022-08-26,44.58,45.66,44.53,45.55,MNST,4215568,4.319809069212409,4.319809069212409,91.09,89.15,91.33,89.06,2107784,45.55,44.58,45.66,44.53,4215568,-1.0100000000000051,-0.0222
2022-08-29,44.3,44.67,43.95,44.3,MNST,3448872,4.286396181384247,4.286396181384247,88.6,88.59,89.35,87.89,1724436,44.3,44.3,44.67,43.95,3448872,-0.28000000000000114,-0.0063
2022-08-30,44.27,44.45,43.79,44.38,MNST,4759128,4.2828162291169445,4.2828162291169445,88.75,88.53,88.89,87.58,2379564,44.38,44.27,44.45,43.79,4759128,-0.02999999999999403,-0.0007
2022-08-31,44.41,44.83,44.19,44.55,MNST,6569134,4.299522673031025,4.299522673031025,89.09,88.83,89.67,88.37,3284567,44.55,44.41,44.83,44.19,6569134,0.13999999999999346,0.0032
2022-09-01,44.5,44.54,43.81,44.03,MNST,4628086,4.310262529832935,4.310262529832935,88.07,89.0,89.08,87.63,2314043,44.03,44.5,44.54,43.81,4628086,0.09000000000000341,0.002
2022-09-02,44.2,45.35,43.99,44.9,MNST,6926634,4.274463007159905,4.274463007159905,89.79,88.39,90.69,87.98,3463317,44.9,44.2,45.35,43.99,6926634,-0.29999999999999716,-0.0067
2022-09-06,44.3,45.34,44.2,44.68,MNST,4912734,4.286396181384247,4.286396181384247,89.36,88.59,90.69,88.41,2456367,44.68,44.3,45.34,44.2,4912734,0.09999999999999432,0.0023
2022-09-07,45.23,45.33,44.44,44.44,MNST,3490926,4.3973747016706435,4.3973747016706435,88.88,90.45,90.65,88.88,1745463,44.44,45.23,45.33,44.44,3490926,0.9299999999999997,0.021
2022-09-08,45.71,45.73,44.74,45.24,MNST,4455586,4.454653937947493,4.454653937947493,90.49,91.42,91.47,89.48,2227793,45.24,45.71,45.73,44.74,4455586,0.480000000000004,0.0106
2022-09-09,46.22,46.47,45.72,45.78,MNST,4955264,4.515513126491646,4.515513126491646,91.57,92.43,92.94,91.44,2477632,45.78,46.22,46.47,45.72,4955264,0.509999999999998,0.0112
2022-09-12,46.78,47.12,46.31,46.63,MNST,5500064,4.582338902147971,4.582338902147971,93.25,93.56,94.23,92.62,2750032,46.63,46.78,47.12,46.31,5500064,0.5600000000000023,0.0121
2022-09-13,44.77,46.24,44.62,45.98,MNST,5612280,4.342482100238663,4.342482100238663,91.95,89.53,92.48,89.23,2806140,45.98,44.77,46.24,44.62,5612280,-2.009999999999998,-0.043
2022-09-14,44.47,45.0,43.99,44.77,MNST,4387698,4.306682577565631,4.306682577565631,89.53,88.93,90.0,87.98,2193849,44.77,44.47,45.0,43.99,4387698,-0.30000000000000426,-0.0067
2022-09-15,43.69,44.73,43.55,44.3,MNST,4034166,4.213603818615751,4.213603818615751,88.59,87.37,89.47,87.11,2017083,44.3,43.69,44.73,43.55,4034166,-0.7800000000000011,-0.0175
2022-09-16,43.62,43.82,43.22,43.62,MNST,8566744,4.20525059665871,4.20525059665871,87.24,87.24,87.64,86.43,4283372,43.62,43.62,43.82,43.22,8566744,-0.07000000000000028,-0.0016
2022-09-19,43.92,44.09,43.34,43.53,MNST,3150166,4.241050119331741,4.241050119331741,87.07,87.85,88.17,86.67,1575083,43.53,43.92,44.09,43.34,3150166,0.30000000000000426,0.0069
2022-09-20,43.85,44.05,43.34,43.68,MNST,2942366,4.2326968973747015,4.2326968973747015,87.36,87.7,88.09,86.69,1471183,43.68,43.85,44.05,43.34,2942366,-0.07000000000000028,-0.0016
2022-09-21,43.52,44.8,43.51,44.08,MNST,4330538,4.193317422434367,4.193317422434367,88.16,87.04,89.61,87.02,2165269,44.08,43.52,44.8,43.51,4330538,-0.3299999999999983,-0.0075
2022-09-22,43.38,43.75,43.33,43.34,MNST,3894352,4.176610978520286,4.176610978520286,86.67,86.77,87.5,86.66,1947176,43.34,43.38,43.75,43.33,3894352,-0.14000000000000057,-0.0032
2022-09-23,43.55,43.59,43.08,43.23,MNST,4092040,4.19689737470167,4.19689737470167,86.47,87.09,87.17,86.15,2046020,43.23,43.55,43.59,43.08,4092040,0.1699999999999946,0.0039
2022-09-26,43.95,44.45,43.53,43.55,MNST,5723622,4.244630071599045,4.244630071599045,87.11,87.91,88.9,87.07,2861811,43.55,43.95,44.45,43.53,5723622,0.4000000000000057,0.0092
2022-09-27,43.67,44.78,43.5,44.17,MNST,5584750,4.2112171837708825,4.2112171837708825,88.35,87.35,89.57,87.0,2792375,44.17,43.67,44.78,43.5,5584750,-0.28000000000000114,-0.0064
2022-09-28,44.7,44.99,43.59,43.88,MNST,5678422,4.334128878281622,4.334128878281622,87.77,89.4,89.98,87.17,2839211,43.88,44.7,44.99,43.59,5678422,1.0300000000000011,0.0236
2022-09-29,44.01,44.97,43.54,44.58,MNST,5915258,4.251789976133651,4.251789976133651,89.16,88.01,89.93,87.08,2957629,44.58,44.01,44.97,43.54,5915258,-0.6900000000000048,-0.0154
2022-09-30,43.48,44.52,43.41,44.23,MNST,5921594,4.188544152744629,4.188544152744629,88.46,86.96,89.03,86.82,2960797,44.23,43.48,44.52,43.41,5921594,-0.5300000000000011,-0.012
2022-10-03,44.53,44.77,43.56,43.76,MNST,4687570,4.313842482100238,4.313842482100238,87.52,89.07,89.54,87.12,2343785,43.76,44.53,44.77,43.56,4687570,1.0500000000000043,0.0241
2022-10-04,45.83,45.87,45.07,45.08,MNST,4767550,4.4689737470167055,4.4689737470167055,90.15,91.65,91.74,90.14,2383775,45.08,45.83,45.87,45.07,4767550,1.2999999999999972,0.0292
2022-10-05,46.09,46.31,45.27,45.57,MNST,4270344,4.5,4.5,91.14,92.18,92.61,90.55,2135172,45.57,46.09,46.31,45.27,4270344,0.2600000000000051,0.0057
2022-10-06,45.87,46.56,45.76,46.03,MNST,4303102,4.473747016706443,4.473747016706443,92.07,91.74,93.13,91.52,2151551,46.03,45.87,46.56,45.76,4303102,-0.22000000000000597,-0.0048
2022-10-07,45.15,45.71,44.97,45.59,MNST,5551696,4.387828162291169,4.387828162291169,91.18,90.29,91.42,89.94,2775848,45.59,45.15,45.71,44.97,5551696,-0.7199999999999989,-0.0157
2022-10-10,45.51,45.7,44.99,45.33,MNST,4284964,4.430787589498806,4.430787589498806,90.65,91.02,91.41,89.99,2142482,45.33,45.51,45.7,44.99,4284964,0.35999999999999943,0.008
2022-10-11,44.73,45.51,44.69,45.3,MNST,7950712,4.337708830548925,4.337708830548925,90.6,89.46,91.01,89.37,3975356,45.3,44.73,45.51,44.69,7950712,-0.7800000000000011,-0.0171
2022-10-12,44.78,45.37,44.77,45.12,MNST,5208412,4.343675417661097,4.343675417661097,90.24,89.57,90.73,89.53,2604206,45.12,44.78,45.37,44.77,5208412,0.05000000000000426,0.0011
2022-10-13,45.04,45.4,42.88,43.88,MNST,8063462,4.374701670644391,4.374701670644391,87.77,90.08,90.81,85.77,4031731,43.88,45.04,45.4,42.88,8063462,0.259999999999998,0.0058
2022-10-14,43.7,45.69,43.63,45.69,MNST,7404368,4.214797136038186,4.214797136038186,91.38,87.4,91.38,87.26,3702184,45.69,43.7,45.69,43.63,7404368,-1.3399999999999963,-0.0298
2022-10-17,44.69,45.05,44.15,44.16,MNST,4544916,4.3329355608591875,4.3329355608591875,88.32,89.38,90.1,88.29,2272458,44.16,44.69,45.05,44.15,4544916,0.9899999999999949,0.0227
2022-10-18,45.24,46.22,44.73,45.46,MNST,4377830,4.398568019093078,4.398568019093078,90.92,90.48,92.43,89.47,2188915,45.46,45.24,46.22,44.73,4377830,0.5500000000000043,0.0123
2022-10-19,44.12,45.16,44.02,45.05,MNST,4420460,4.264916467780429,4.264916467780429,90.09,88.24,90.33,88.05,2210230,45.05,44.12,45.16,44.02,4420460,-1.1200000000000045,-0.0248
2022-10-20,43.51,44.48,43.49,44.02,MNST,4407148,4.192124105011932,4.192124105011932,88.04,87.01,88.96,86.98,2203574,44.02,43.51,44.48,43.49,4407148,-0.6099999999999994,-0.0138
2022-10-21,43.8,43.92,42.8,43.24,MNST,6638920,4.226730310262528,4.226730310262528,86.48,87.59,87.85,85.61,3319460,43.24,43.8,43.92,42.8,6638920,0.28999999999999915,0.0067
2022-10-24,45.05,45.09,43.92,44.28,MNST,4304642,4.3758949880668245,4.3758949880668245,88.56,90.11,90.19,87.85,2152321,44.28,45.05,45.09,43.92,4304642,1.25,0.0285
2022-10-25,45.83,45.85,45.03,45.28,MNST,3277370,4.4689737470167055,4.4689737470167055,90.57,91.66,91.71,90.06,1638685,45.28,45.83,45.85,45.03,3277370,0.7800000000000011,0.0173
2022-10-26,46.01,46.52,45.76,45.9,MNST,5018528,4.490453460620524,4.490453460620524,91.8,92.01,93.04,91.52,2509264,45.9,46.01,46.52,45.76,5018528,0.17999999999999972,0.0039
2022-10-27,45.87,46.3,45.77,46.12,MNST,4959152,4.473747016706443,4.473747016706443,92.23,91.73,92.59,91.55,2479576,46.12,45.87,46.3,45.77,4959152,-0.14000000000000057,-0.003
2022-10-28,46.77,46.85,45.85,46.0,MNST,4341094,4.581145584725537,4.581145584725537,92.0,93.54,93.7,91.7,2170547,46.0,46.77,46.85,45.85,4341094,0.9000000000000057,0.0196
2022-10-31,46.86,47.12,46.24,46.47,MNST,5903964,4.591885441527445,4.591885441527445,92.93,93.72,94.24,92.49,2951982,46.47,46.86,47.12,46.24,5903964,0.0899999999999963,0.0019
2022-11-01,47.17,48.0,46.74,47.9,MNST,5388324,4.628878281622911,4.628878281622911,95.8,94.35,96.0,93.48,2694162,47.9,47.17,48.0,46.74,5388324,0.3100000000000023,0.0066
2022-11-02,45.85,47.45,45.84,47.2,MNST,4571698,4.471360381861575,4.471360381861575,94.39,91.71,94.89,91.67,2285849,47.2,45.85,47.45,45.84,4571698,-1.3200000000000003,-0.028
2022-11-03,45.55,45.94,45.06,45.28,MNST,5182806,4.435560859188543,4.435560859188543,90.56,91.09,91.87,90.12,2591403,45.28,45.55,45.94,45.06,5182806,-0.30000000000000426,-0.0065
2022-11-04,48.97,50.23,47.63,48.9,MNST,12367444,4.843675417661097,4.843675417661097,97.81,97.94,100.47,95.27,6183722,48.9,48.97,50.23,47.63,12367444,3.4200000000000017,0.0751
2022-11-07,49.45,49.56,48.91,49.16,MNST,6082306,4.900954653937947,4.900954653937947,98.33,98.9,99.13,97.81,3041153,49.16,49.45,49.56,48.91,6082306,0.480000000000004,0.0098
2022-11-08,48.93,49.67,48.51,49.25,MNST,5211410,4.83890214797136,4.83890214797136,98.5,97.86,99.35,97.02,2605705,49.25,48.93,49.67,48.51,5211410,-0.5200000000000031,-0.0105
2022-11-09,48.12,48.95,48.05,48.85,MNST,3929322,4.742243436754175,4.742243436754175,97.71,96.23,97.91,96.1,1964661,48.85,48.12,48.95,48.05,3929322,-0.8100000000000023,-0.0166
2022-11-10,49.65,49.77,48.49,49.35,MNST,6659294,4.924821002386634,4.924821002386634,98.7,99.3,99.53,96.99,3329647,49.35,49.65,49.77,48.49,6659294,1.5300000000000011,0.0318
2022-11-11,49.06,49.66,48.11,49.5,MNST,5388758,4.8544152744630065,4.8544152744630065,99.0,98.12,99.31,96.22,2694379,49.5,49.06,49.66,48.11,5388758,-0.5899999999999963,-0.0119
2022-11-14,48.46,49.3,48.38,49.26,MNST,3514644,4.7828162291169445,4.7828162291169445,98.51,96.92,98.59,96.76,1757322,49.26,48.46,49.3,48.38,3514644,-0.6000000000000014,-0.0122
2022-11-15,49.07,49.41,48.46,49.23,MNST,6129804,4.85560859188544,4.85560859188544,98.45,98.14,98.82,96.92,3064902,49.23,49.07,49.41,48.46,6129804,0.6099999999999994,0.0126
2022-11-16,49.59,49.71,49.28,49.4,MNST,4654442,4.9176610978520285,4.9176610978520285,98.79,99.19,99.42,98.56,2327221,49.4,49.59,49.71,49.28,4654442,0.5200000000000031,0.0106
2022-11-17,49.48,49.72,48.75,48.97,MNST,3583180,4.9045346062052495,4.9045346062052495,97.93,98.96,99.44,97.5,1791590,48.97,49.48,49.72,48.75,3583180,-0.11000000000000654,-0.0022
2022-11-18,49.85,49.94,49.14,49.7,MNST,4173568,4.948687350835321,4.948687350835321,99.4,99.7,99.88,98.28,2086784,49.7,49.85,49.94,49.14,4173568,0.37000000000000455,0.0075
2022-11-21,50.55,50.69,49.84,50.0,MNST,5098220,5.032219570405727,5.032219570405727,100.0,101.1,101.38,99.67,2549110,50.0,50.55,50.69,49.84,5098220,0.6999999999999957,0.014
2022-11-22,51.58,51.72,50.64,50.91,MNST,5983388,5.1551312649164664,5.1551312649164664,101.83,103.16,103.44,101.27,2991694,50.91,51.58,51.72,50.64,5983388,1.0300000000000011,0.0204
2022-11-23,51.97,52.21,51.73,51.86,MNST,3951982,5.201670644391407,5.201670644391407,103.72,103.93,104.42,103.45,1975991,51.86,51.97,52.21,51.73,3951982,0.39000000000000057,0.0076
2022-11-25,51.69,51.98,51.65,51.95,MNST,1735152,5.168257756563245,5.168257756563245,103.89,103.37,103.95,103.3,867576,51.95,51.69,51.98,51.65,1735152,-0.28000000000000114,-0.0054
2022-11-28,50.94,52.24,50.84,51.87,MNST,4001482,5.078758949880667,5.078758949880667,103.73,101.88,104.48,101.67,2000741,51.87,50.94,52.24,50.84,4001482,-0.75,-0.0145
2022-11-29,49.9,50.84,49.66,50.72,MNST,4698488,4.954653937947493,4.954653937947493,101.44,99.79,101.69,99.31,2349244,50.72,49.9,50.84,49.66,4698488,-1.0399999999999991,-0.0204
2022-11-30,51.43,51.53,49.67,49.88,MNST,9048108,5.137231503579952,5.137231503579952,99.76,102.86,103.06,99.35,4524054,49.88,51.43,51.53,49.67,9048108,1.5300000000000011,0.0307
2022-12-01,51.63,51.66,51.03,51.38,MNST,4230826,5.1610978520286395,5.1610978520286395,102.75,103.25,103.32,102.07,2115413,51.38,51.63,51.66,51.03,4230826,0.20000000000000284,0.0039
2022-12-02,52.02,52.33,50.88,50.98,MNST,3374652,5.20763723150358,5.20763723150358,101.95,104.04,104.65,101.76,1687326,50.98,52.02,52.33,50.88,3374652,0.39000000000000057,0.0076
2022-12-05,51.09,51.51,50.84,51.39,MNST,3412938,5.0966587112171835,5.0966587112171835,102.78,102.17,103.02,101.68,1706469,51.39,51.09,51.51,50.84,3412938,-0.9299999999999997,-0.0179
2022-12-06,50.72,51.6,50.53,51.27,MNST,3129836,5.052505966587111,5.052505966587111,102.55,101.44,103.2,101.07,1564918,51.27,50.72,51.6,50.53,3129836,-0.37000000000000455,-0.0072
2022-12-07,50.62,51.03,50.37,50.8,MNST,2356560,5.0405727923627675,5.0405727923627675,101.6,101.23,102.07,100.73,1178280,50.8,50.62,51.03,50.37,2356560,-0.10000000000000142,-0.002
2022-12-08,50.77,50.88,50.37,50.52,MNST,2147268,5.058472553699284,5.058472553699284,101.03,101.54,101.77,100.74,1073634,50.52,50.77,50.88,50.37,2147268,0.15000000000000568,0.003
2022-12-09,50.02,50.6,49.98,50.51,MNST,2733808,4.968973747016706,4.968973747016706,101.02,100.04,101.21,99.97,1366904,50.51,50.02,50.6,49.98,2733808,-0.75,-0.0148
2022-12-12,50.41,50.43,49.89,50.2,MNST,3051450,5.015513126491646,5.015513126491646,100.41,100.82,100.86,99.78,1525725,50.2,50.41,50.43,49.89,3051450,0.38999999999999346,0.0078
2022-12-13,50.22,51.35,49.9,51.34,MNST,3328094,4.992840095465393,4.992840095465393,102.67,100.44,102.71,99.79,1664047,51.34,50.22,51.35,49.9,3328094,-0.18999999999999773,-0.0038
2022-12-14,50.95,51.38,50.08,50.21,MNST,5544770,5.079952267303102,5.079952267303102,100.42,101.9,102.77,100.16,2772385,50.21,50.95,51.38,50.08,5544770,0.730000000000004,0.0145
2022-12-15,49.83,50.56,49.56,50.37,MNST,3933856,4.946300715990453,4.946300715990453,100.73,99.65,101.13,99.13,1966928,50.37,49.83,50.56,49.56,3933856,-1.1200000000000045,-0.022
2022-12-16,50.39,50.77,49.21,49.63,MNST,12221528,5.013126491646777,5.013126491646777,99.26,100.78,101.54,98.42,6110764,49.63,50.39,50.77,49.21,12221528,0.5600000000000023,0.0112
2022-12-19,50.21,50.84,49.95,50.5,MNST,3345080,4.991646778042959,4.991646778042959,101.0,100.42,101.69,99.91,1672540,50.5,50.21,50.84,49.95,3345080,-0.17999999999999972,-0.0036
2022-12-20,50.58,50.8,50.1,50.25,MNST,3049848,5.03579952267303,5.03579952267303,100.5,101.16,101.59,100.2,1524924,50.25,50.58,50.8,50.1,3049848,0.36999999999999744,0.0074
2022-12-21,50.98,51.37,50.77,50.78,MNST,2477812,5.0835322195704045,5.0835322195704045,101.57,101.95,102.74,101.55,1238906,50.78,50.98,51.37,50.77,2477812,0.3999999999999986,0.0079
2022-12-22,50.41,50.73,49.66,50.59,MNST,3079264,5.015513126491646,5.015513126491646,101.19,100.81,101.46,99.33,1539632,50.59,50.41,50.73,49.66,3079264,-0.5700000000000003,-0.0112
2022-12-23,50.63,50.76,50.23,50.73,MNST,1430634,5.041766109785202,5.041766109785202,101.46,101.26,101.52,100.47,715317,50.73,50.63,50.76,50.23,1430634,0.22000000000000597,0.0044
2022-12-27,51.01,51.22,50.58,50.9,MNST,3000262,5.087112171837708,5.087112171837708,101.79,102.01,102.43,101.16,1500131,50.9,51.01,51.22,50.58,3000262,0.37999999999999545,0.0075
2022-12-28,50.66,51.37,50.64,51.16,MNST,2243362,5.045346062052505,5.045346062052505,102.33,101.32,102.73,101.28,1121681,51.16,50.66,51.37,50.64,2243362,-0.3500000000000014,-0.0069
2022-12-29,51.01,51.35,50.74,50.81,MNST,2207998,5.087112171837708,5.087112171837708,101.62,102.02,102.71,101.48,1103999,50.81,51.01,51.35,50.74,2207998,0.3500000000000014,0.0069
2022-12-30,50.77,50.91,50.34,50.91,MNST,2288566,5.058472553699284,5.058472553699284,101.82,101.53,101.82,100.69,1144283,50.91,50.77,50.91,50.34,2288566,-0.23999999999999488,-0.0047
2023-01-03,50.66,51.15,50.16,50.88,MNST,3013638,5.045346062052505,5.045346062052505,101.77,101.32,102.29,100.32,1506819,50.88,50.66,51.15,50.16,3013638,-0.11000000000000654,-0.0022
2023-01-04,51.08,51.37,50.58,51.05,MNST,3488040,5.095465393794749,5.095465393794749,102.11,102.15,102.73,101.16,1744020,51.05,51.08,51.37,50.58,3488040,0.4200000000000017,0.0083
2023-01-05,50.19,50.77,50.09,50.66,MNST,3698152,4.98926014319809,4.98926014319809,101.33,100.38,101.55,100.17,1849076,50.66,50.19,50.77,50.09,3698152,-0.8900000000000006,-0.0174
2023-01-06,51.22,51.57,50.51,50.6,MNST,3881462,5.112171837708829,5.112171837708829,101.2,102.43,103.14,101.01,1940731,50.6,51.22,51.57,50.51,3881462,1.0300000000000011,0.0205
2023-01-09,50.58,51.54,50.44,51.13,MNST,3602024,5.03579952267303,5.03579952267303,102.26,101.15,103.08,100.87,1801012,51.13,50.58,51.54,50.44,3602024,-0.6400000000000006,-0.0125
2023-01-10,50.27,51.1,50.15,50.54,MNST,4983664,4.998806682577565,4.998806682577565,101.08,100.53,102.2,100.29,2491832,50.54,50.27,51.1,50.15,4983664,-0.30999999999999517,-0.0061
2023-01-11,50.84,50.9,50.03,50.48,MNST,3955254,5.066825775656325,5.066825775656325,100.96,101.69,101.79,100.06,1977627,50.48,50.84,50.9,50.03,3955254,0.5700000000000003,0.0113
2023-01-12,50.02,50.81,49.9,50.81,MNST,4016644,4.968973747016706,4.968973747016706,101.62,100.04,101.62,99.8,2008322,50.81,50.02,50.81,49.9,4016644,-0.8200000000000003,-0.0161
2023-01-13,51.04,51.09,49.77,49.77,MNST,4000434,5.090692124105011,5.090692124105011,99.53,102.08,102.18,99.53,2000217,49.77,51.04,51.09,49.77,4000434,1.019999999999996,0.0204
2023-01-17,51.09,51.85,51.0,51.38,MNST,5581716,5.0966587112171835,5.0966587112171835,102.75,102.17,103.71,102.0,2790858,51.38,51.09,51.85,51.0,5581716,0.05000000000000426,0.001
2023-01-18,50.37,51.58,50.23,51.42,MNST,6183932,5.010739856801909,5.010739856801909,102.85,100.74,103.15,100.45,3091966,51.42,50.37,51.58,50.23,6183932,-0.720000000000006,-0.0141
2023-01-19,49.93,50.68,49.78,50.62,MNST,4363702,4.958233890214796,4.958233890214796,101.24,99.86,101.36,99.56,2181851,50.62,49.93,50.68,49.78,4363702,-0.4399999999999977,-0.0087
2023-01-20,50.0,50.05,49.3,49.67,MNST,4924228,4.966587112171837,4.966587112171837,99.34,100.0,100.1,98.6,2462114,49.67,50.0,50.05,49.3,4924228,0.07000000000000028,0.0014
2023-01-23,50.05,50.53,49.78,50.1,MNST,4096304,4.972553699284008,4.972553699284008,100.2,100.11,101.06,99.57,2048152,50.1,50.05,50.53,49.78,4096304,0.04999999999999716,0.001
2023-01-24,51.51,51.55,50.0,50.09,MNST,4125034,5.1467780429594265,5.1467780429594265,100.19,103.02,103.1,100.0,2062517,50.09,51.51,51.55,50.0,4125034,1.4600000000000009,0.0292
2023-01-25,51.76,51.82,50.81,51.0,MNST,3646316,5.176610978520285,5.176610978520285,102.0,103.52,103.64,101.62,1823158,51.0,51.76,51.82,50.81,3646316,0.25,0.0049
2023-01-26,51.95,52.12,51.49,51.77,MNST,3764766,5.199284009546539,5.199284009546539,103.54,103.91,104.24,102.98,1882383,51.77,51.95,52.12,51.49,3764766,0.19000000000000483,0.0037
2023-01-27,51.4,51.99,51.29,51.66,MNST,3150160,5.133651551312648,5.133651551312648,103.33,102.79,103.98,102.58,1575080,51.66,51.4,51.99,51.29,3150160,-0.5500000000000043,-0.0106
2023-01-30,51.19,51.6,50.98,50.98,MNST,3318962,5.108591885441526,5.108591885441526,101.97,102.37,103.21,101.96,1659481,50.98,51.19,51.6,50.98,3318962,-0.21000000000000085,-0.0041
2023-01-31,52.04,52.1,51.24,51.38,MNST,3380696,5.210023866348448,5.210023866348448,102.76,104.08,104.21,102.49,1690348,51.38,52.04,52.1,51.24,3380696,0.8500000000000014,0.0166
2023-02-01,52.02,52.37,51.15,52.0,MNST,3991864,5.20763723150358,5.20763723150358,104.0,104.04,104.75,102.3,1995932,52.0,52.02,52.37,51.15,3991864,-0.01999999999999602,-0.0004
2023-02-02,51.29,52.09,50.59,52.05,MNST,4698084,5.12052505966587,5.12052505966587,104.09,102.58,104.19,101.18,2349042,52.05,51.29,52.09,50.59,4698084,-0.730000000000004,-0.014
2023-02-03,50.9,51.18,50.05,51.14,MNST,5191580,5.07398568019093,5.07398568019093,102.28,101.8,102.36,100.1,2595790,51.14,50.9,51.18,50.05,5191580,-0.39000000000000057,-0.0076
2023-02-06,51.41,51.63,50.88,50.91,MNST,2848602,5.134844868735082,5.134844868735082,101.81,102.82,103.27,101.77,1424301,50.91,51.41,51.63,50.88,2848602,0.509999999999998,0.01
2023-02-07,51.26,51.59,50.79,51.07,MNST,4249140,5.116945107398567,5.116945107398567,102.14,102.51,103.19,101.58,2124570,51.07,51.26,51.59,50.79,4249140,-0.14999999999999858,-0.0029
2023-02-08,51.05,51.35,50.92,51.28,MNST,3241064,5.091885441527445,5.091885441527445,102.56,102.09,102.7,101.85,1620532,51.28,51.05,51.35,50.92,3241064,-0.21000000000000085,-0.0041
2023-02-09,51.42,51.88,51.35,51.52,MNST,3070212,5.136038186157517,5.136038186157517,103.03,102.85,103.76,102.7,1535106,51.52,51.42,51.88,51.35,3070212,0.37000000000000455,0.0072
2023-02-10,51.4,51.59,51.1,51.43,MNST,2346964,5.133651551312648,5.133651551312648,102.86,102.8,103.18,102.21,1173482,51.43,51.4,51.59,51.1,2346964,-0.020000000000003126,-0.0004
2023-02-13,52.11,52.13,51.52,51.7,MNST,2208524,5.2183770883054885,5.2183770883054885,103.4,104.22,104.25,103.03,1104262,51.7,52.11,52.13,51.52,2208524,0.7100000000000009,0.0138
2023-02-14,52.13,52.21,51.41,52.15,MNST,3942380,5.220763723150357,5.220763723150357,104.29,104.25,104.42,102.81,1971190,52.15,52.13,52.21,51.41,3942380,0.020000000000003126,0.0004
2023-02-15,52.55,52.56,51.8,52.09,MNST,3826422,5.2708830548926,5.2708830548926,104.19,105.09,105.12,103.6,1913211,52.09,52.55,52.56,51.8,3826422,0.4199999999999946,0.0081
2023-02-16,52.02,52.73,51.7,51.97,MNST,4245934,5.20763723150358,5.20763723150358,103.93,104.04,105.45,103.39,2122967,51.97,52.02,52.73,51.7,4245934,-0.529999999999994,-0.0101
2023-02-17,52.09,52.48,51.83,52.08,MNST,2722454,5.21599045346062,5.21599045346062,104.15,104.18,104.95,103.65,1361227,52.08,52.09,52.48,51.83,2722454,0.07000000000000028,0.0013
2023-02-21,51.19,51.95,51.09,51.92,MNST,3536284,5.108591885441526,5.108591885441526,103.84,102.38,103.91,102.18,1768142,51.92,51.19,51.95,51.09,3536284,-0.9000000000000057,-0.0173
2023-02-22,51.16,51.52,51.01,51.41,MNST,3713634,5.105011933174223,5.105011933174223,102.81,102.33,103.05,102.01,1856817,51.41,51.16,51.52,51.01,3713634,-0.030000000000001137,-0.0006
2023-02-23,51.34,51.52,50.77,51.3,MNST,3449454,5.126491646778042,5.126491646778042,102.6,102.69,103.05,101.54,1724727,51.3,51.34,51.52,50.77,3449454,0.18000000000000682,0.0035
2023-02-24,50.62,50.83,50.1,50.83,MNST,4187168,5.0405727923627675,5.0405727923627675,101.66,101.23,101.66,100.2,2093584,50.83,50.62,50.83,50.1,4187168,-0.720000000000006,-0.014
2023-02-27,51.16,51.3,50.82,50.99,MNST,3194240,5.105011933174223,5.105011933174223,101.99,102.32,102.61,101.64,1597120,50.99,51.16,51.3,50.82,3194240,0.5399999999999991,0.0107
2023-02-28,50.88,51.35,50.83,50.95,MNST,5956522,5.071599045346062,5.071599045346062,101.91,101.76,102.7,101.66,2978261,50.95,50.88,51.35,50.83,5956522,-0.27999999999999403,-0.0055
2023-03-01,49.59,49.95,48.63,49.1,MNST,11352342,4.9176610978520285,4.9176610978520285,98.2,99.19,99.9,97.25,5676171,49.1,49.59,49.95,48.63,11352342,-1.2899999999999991,-0.0254
2023-03-02,51.08,51.4,49.27,49.38,MNST,5594020,5.095465393794749,5.095465393794749,98.75,102.15,102.79,98.53,2797010,49.38,51.08,51.4,49.27,5594020,1.4899999999999949,0.03
2023-03-03,51.01,51.15,50.48,51.1,MNST,3823876,5.087112171837708,5.087112171837708,102.2,102.01,102.3,100.95,1911938,51.1,51.01,51.15,50.48,3823876,-0.07000000000000028,-0.0014
2023-03-06,51.99,52.08,50.88,51.08,MNST,5485852,5.2040572792362765,5.2040572792362765,102.16,103.98,104.15,101.75,2742926,51.08,51.99,52.08,50.88,5485852,0.980000000000004,0.0192
2023-03-07,51.61,52.22,51.4,52.02,MNST,3454748,5.15871121718377,5.15871121718377,104.04,103.22,104.43,102.79,1727374,52.02,51.61,52.22,51.4,3454748,-0.38000000000000256,-0.0073
2023-03-08,51.56,51.85,51.34,51.74,MNST,2479150,5.152744630071599,5.152744630071599,103.48,103.12,103.7,102.68,1239575,51.74,51.56,51.85,51.34,2479150,-0.04999999999999716,-0.001
2023-03-09,51.0,52.01,50.9,51.8,MNST,2774898,5.085918854415274,5.085918854415274,103.6,102.0,104.02,101.81,1387449,51.8,51.0,52.01,50.9,2774898,-0.5600000000000023,-0.0109
2023-03-10,50.09,51.33,49.91,51.27,MNST,3277784,4.977326968973746,4.977326968973746,102.54,100.17,102.65,99.81,1638892,51.27,50.09,51.33,49.91,3277784,-0.9099999999999966,-0.0178
2023-03-13,50.16,51.14,49.76,49.97,MNST,3854844,4.985680190930786,4.985680190930786,99.94,100.32,102.28,99.52,1927422,49.97,50.16,51.14,49.76,3854844,0.06999999999999318,0.0014
2023-03-14,50.82,50.87,50.15,50.34,MNST,3232762,5.064439140811455,5.064439140811455,100.69,101.64,101.74,100.3,1616381,50.34,50.82,50.87,50.15,3232762,0.6600000000000037,0.0132
2023-03-15,51.17,51.47,50.42,50.59,MNST,5184570,5.106205250596658,5.106205250596658,101.19,102.35,102.93,100.84,2592285,50.59,51.17,51.47,50.42,5184570,0.3500000000000014,0.0069
2023-03-16,51.7,51.81,50.98,51.08,MNST,4101506,5.169451073985679,5.169451073985679,102.15,103.4,103.63,101.95,2050753,51.08,51.7,51.81,50.98,4101506,0.5300000000000011,0.0104
2023-03-17,51.49,52.04,51.28,51.67,MNST,9458594,5.144391408114558,5.144391408114558,103.35,102.99,104.08,102.57,4729297,51.67,51.49,52.04,51.28,9458594,-0.21000000000000085,-0.0041
2023-03-20,52.27,52.29,51.45,51.77,MNST,4997728,5.237470167064439,5.237470167064439,103.54,104.55,104.58,102.9,2498864,51.77,52.27,52.29,51.45,4997728,0.7800000000000011,0.0151
2023-03-21,51.9,52.45,51.52,52.38,MNST,3468456,5.193317422434367,5.193317422434367,104.75,103.79,104.9,103.03,1734228,52.38,51.9,52.45,51.52,3468456,-0.37000000000000455,-0.0071
2023-03-22,51.17,52.15,51.14,51.92,MNST,2801178,5.106205250596658,5.106205250596658,103.85,102.35,104.3,102.28,1400589,51.92,51.17,52.15,51.14,2801178,-0.7299999999999969,-0.0141
2023-03-23,51.2,51.67,50.99,51.3,MNST,4966622,5.109785202863962,5.109785202863962,102.61,102.39,103.35,101.99,2483311,51.3,51.2,51.67,50.99,4966622,0.030000000000001137,0.0006
2023-03-24,52.04,52.17,51.14,51.4,MNST,2685024,5.210023866348448,5.210023866348448,102.8,104.08,104.35,102.28,1342512,51.4,52.04,52.17,51.14,2685024,0.8399999999999963,0.0164
2023-03-27,52.34,52.51,51.95,52.16,MNST,2990042,5.24582338902148,5.24582338902148,104.31,104.67,105.01,103.9,1495021,52.16,52.34,52.51,51.95,2990042,0.30000000000000426,0.0058
2023-03-28,51.6,52.75,51.55,52.16,MNST,2917564,5.157517899761336,5.157517899761336,52.16,51.6,52.75,51.55,2917564,52.16,51.6,52.75,51.55,2917564,-0.740000000000002,-0.0141
2023-03-29,52.15,52.35,51.41,51.71,MNST,3512768,5.223150357995226,5.223150357995226,51.71,52.15,52.35,51.41,3512768,51.71,52.15,52.35,51.41,3512768,0.5499999999999972,0.0107
2023-03-30,52.49,52.65,52.05,52.38,MNST,3487410,5.263723150357995,5.263723150357995,52.38,52.49,52.65,52.05,3487410,52.38,52.49,52.65,52.05,3487410,0.3400000000000034,0.0065
2023-03-31,54.01,54.17,52.76,52.94,MNST,5497067,5.445107398568018,5.445107398568018,52.94,54.01,54.17,52.76,5497067,52.94,54.01,54.17,52.76,5497067,1.519999999999996,0.029
2023-04-03,53.58,54.52,53.21,54.22,MNST,4845520,5.39379474940334,5.39379474940334,54.22,53.58,54.52,53.21,4845520,54.22,53.58,54.52,53.21,4845520,-0.4299999999999997,-0.008
2023-04-04,53.16,53.75,52.85,53.54,MNST,4088891,5.343675417661097,5.343675417661097,53.54,53.16,53.75,52.85,4088891,53.54,53.16,53.75,52.85,4088891,-0.4200000000000017,-0.0078
2023-04-05,52.8,53.73,52.72,53.32,MNST,5061931,5.300715990453459,5.300715990453459,53.32,52.8,53.73,52.72,5061931,53.32,52.8,53.73,52.72,5061931,-0.35999999999999943,-0.0068
2023-04-06,52.56,53.05,51.29,52.36,MNST,5512176,5.272076372315035,5.272076372315035,52.36,52.56,53.05,51.29,5512176,52.36,52.56,53.05,51.29,5512176,-0.23999999999999488,-0.0045
2023-04-10,52.35,52.44,51.3,52.28,MNST,2823212,5.2470167064439135,5.2470167064439135,52.28,52.35,52.44,51.3,2823212,52.28,52.35,52.44,51.3,2823212,-0.21000000000000085,-0.004
2023-04-11,52.28,52.41,52.06,52.4,MNST,2815116,5.238663484486873,5.238663484486873,52.4,52.28,52.41,52.06,2815116,52.4,52.28,52.41,52.06,2815116,-0.07000000000000028,-0.0013
2023-04-12,52.47,52.81,52.16,52.31,MNST,3571853,5.2613365155131255,5.2613365155131255,52.31,52.47,52.81,52.16,3571853,52.31,52.47,52.81,52.16,3571853,0.18999999999999773,0.0036
2023-04-13,52.87,52.95,52.15,52.76,MNST,3620681,5.3090692124105,5.3090692124105,52.76,52.87,52.95,52.15,3620681,52.76,52.87,52.95,52.15,3620681,0.3999999999999986,0.0076
2023-04-14,52.56,52.87,52.27,52.65,MNST,2578391,5.272076372315035,5.272076372315035,52.65,52.56,52.87,52.27,2578391,52.65,52.56,52.87,52.27,2578391,-0.30999999999999517,-0.0059
2023-04-17,52.88,53.03,52.52,52.74,MNST,2644176,5.310262529832935,5.310262529832935,52.74,52.88,53.03,52.52,2644176,52.74,52.88,53.03,52.52,2644176,0.3200000000000003,0.0061
2023-04-18,52.68,53.15,52.04,52.88,MNST,3350857,5.286396181384247,5.286396181384247,52.88,52.68,53.15,52.04,3350857,52.88,52.68,53.15,52.04,3350857,-0.20000000000000284,-0.0038
2023-04-19,52.49,52.94,52.33,52.75,MNST,1891707,5.263723150357995,5.263723150357995,52.75,52.49,52.94,52.33,1891707,52.75,52.49,52.94,52.33,1891707,-0.18999999999999773,-0.0036
2023-04-20,52.9,53.23,52.29,52.49,MNST,3337750,5.312649164677803,5.312649164677803,52.49,52.9,53.23,52.29,3337750,52.49,52.9,53.23,52.29,3337750,0.4099999999999966,0.0078
2023-04-21,53.07,53.27,52.63,53.05,MNST,4484971,5.3329355608591875,5.3329355608591875,53.05,53.07,53.27,52.63,4484971,53.05,53.07,53.27,52.63,4484971,0.1700000000000017,0.0032
2023-04-24,53.7,53.97,53.12,53.16,MNST,2932250,5.408114558472553,5.408114558472553,53.16,53.7,53.97,53.12,2932250,53.16,53.7,53.97,53.12,2932250,0.6300000000000026,0.0119
2023-04-25,54.21,54.37,53.72,53.77,MNST,3252363,5.4689737470167055,5.4689737470167055,53.77,54.21,54.37,53.72,3252363,53.77,54.21,54.37,53.72,3252363,0.509999999999998,0.0095
2023-04-26,54.26,54.63,53.75,53.75,MNST,3195641,5.474940334128878,5.474940334128878,53.75,54.26,54.63,53.75,3195641,53.75,54.26,54.63,53.75,3195641,0.04999999999999716,0.0009
2023-04-27,55.28,55.34,54.22,54.27,MNST,4052632,5.5966587112171835,5.5966587112171835,54.27,55.28,55.34,54.22,4052632,54.27,55.28,55.34,54.22,4052632,1.0200000000000031,0.0188
2023-04-28,56.0,56.13,55.29,55.32,MNST,3053826,5.6825775656324575,5.6825775656324575,55.32,56.0,56.13,55.29,3053826,55.32,56.0,56.13,55.29,3053826,0.7199999999999989,0.013
2023-05-01,56.84,56.91,55.79,55.82,MNST,3984377,5.7828162291169445,5.7828162291169445,55.82,56.84,56.91,55.79,3984377,55.82,56.84,56.91,55.79,3984377,0.8400000000000034,0.015
2023-05-02,57.54,57.67,56.39,56.84,MNST,4375119,5.86634844868735,5.86634844868735,56.84,57.54,57.67,56.39,4375119,56.84,57.54,57.67,56.39,4375119,0.6999999999999957,0.0123
2023-05-03,58.36,58.8,57.55,57.78,MNST,6350272,5.964200477326968,5.964200477326968,57.78,58.36,58.8,57.55,6350272,57.78,58.36,58.8,57.55,6350272,0.8200000000000003,0.0143
2023-05-04,57.82,58.73,57.61,58.58,MNST,7627679,5.899761336515512,5.899761336515512,58.58,57.82,58.73,57.61,7627679,58.58,57.82,58.73,57.61,7627679,-0.5399999999999991,-0.0093
2023-05-05,59.71,60.47,59.08,59.25,MNST,8246370,6.125298329355608,6.125298329355608,59.25,59.71,60.47,59.08,8246370,59.25,59.71,60.47,59.08,8246370,1.8900000000000006,0.0327
2023-05-08,59.04,59.41,57.8,59.41,MNST,5761441,6.045346062052505,6.045346062052505,59.41,59.04,59.41,57.8,5761441,59.41,59.04,59.41,57.8,5761441,-0.6700000000000017,-0.0112
2023-05-09,58.69,59.62,58.45,58.97,MNST,5573985,6.003579952267302,6.003579952267302,58.97,58.69,59.62,58.45,5573985,58.97,58.69,59.62,58.45,5573985,-0.3500000000000014,-0.0059
2023-05-10,59.11,59.41,58.48,58.72,MNST,4261160,6.053699284009546,6.053699284009546,58.72,59.11,59.41,58.48,4261160,58.72,59.11,59.41,58.48,4261160,0.4200000000000017,0.0072
2023-05-11,59.28,59.31,58.62,59.26,MNST,3718175,6.07398568019093,6.07398568019093,59.26,59.28,59.31,58.62,3718175,59.26,59.28,59.31,58.62,3718175,0.1700000000000017,0.0029
2023-05-12,59.54,59.7,59.2,59.2,MNST,4105655,6.105011933174223,6.105011933174223,59.2,59.54,59.7,59.2,4105655,59.2,59.54,59.7,59.2,4105655,0.259999999999998,0.0044
2023-05-15,59.72,59.87,59.08,59.33,MNST,2739828,6.126491646778042,6.126491646778042,59.33,59.72,59.87,59.08,2739828,59.33,59.72,59.87,59.08,2739828,0.17999999999999972,0.003
2023-05-16,59.94,60.12,59.23,59.69,MNST,3015196,6.152744630071598,6.152744630071598,59.69,59.94,60.12,59.23,3015196,59.69,59.94,60.12,59.23,3015196,0.21999999999999886,0.0037
2023-05-17,59.65,59.9,59.09,59.77,MNST,4241517,6.118138424821002,6.118138424821002,59.77,59.65,59.9,59.09,4241517,59.77,59.65,59.9,59.09,4241517,-0.28999999999999915,-0.0048
2023-05-18,59.85,59.92,59.27,59.43,MNST,3532420,6.142004773269689,6.142004773269689,59.43,59.85,59.92,59.27,3532420,59.43,59.85,59.92,59.27,3532420,0.20000000000000284,0.0034
2023-05-19,59.68,60.25,59.31,60.24,MNST,6867272,6.121718377088305,6.121718377088305,60.24,59.68,60.25,59.31,6867272,60.24,59.68,60.25,59.31,6867272,-0.1700000000000017,-0.0028
2023-05-22,59.12,60.23,59.05,60.0,MNST,3980082,6.0548926014319795,6.0548926014319795,60.0,59.12,60.23,59.05,3980082,60.0,59.12,60.23,59.05,3980082,-0.5600000000000023,-0.0094
2023-05-23,57.94,59.05,57.67,59.05,MNST,5003419,5.914081145584724,5.914081145584724,59.05,57.94,59.05,57.67,5003419,59.05,57.94,59.05,57.67,5003419,-1.1799999999999997,-0.02
2023-05-24,57.57,57.91,57.48,57.85,MNST,4350241,5.869928400954653,5.869928400954653,57.85,57.57,57.91,57.48,4350241,57.85,57.57,57.91,57.48,4350241,-0.36999999999999744,-0.0064
2023-05-25,57.33,57.59,56.81,57.21,MNST,4280189,5.841288782816228,5.841288782816228,57.21,57.33,57.59,56.81,4280189,57.21,57.33,57.59,56.81,4280189,-0.240000000000002,-0.0042
2023-05-26,57.61,57.87,57.15,57.33,MNST,3596704,5.874701670644391,5.874701670644391,57.33,57.61,57.87,57.15,3596704,57.33,57.61,57.87,57.15,3596704,0.28000000000000114,0.0049
2023-05-30,57.75,57.88,57.32,57.55,MNST,3860390,5.891408114558471,5.891408114558471,57.55,57.75,57.88,57.32,3860390,57.55,57.75,57.88,57.32,3860390,0.14000000000000057,0.0024
2023-05-31,58.62,58.73,57.82,58.13,MNST,7211374,5.995226730310262,5.995226730310262,58.13,58.62,58.73,57.82,7211374,58.13,58.62,58.73,57.82,7211374,0.8699999999999974,0.0151
2023-06-01,59.36,59.55,58.56,58.57,MNST,4084695,6.0835322195704045,6.0835322195704045,58.57,59.36,59.55,58.56,4084695,58.57,59.36,59.55,58.56,4084695,0.740000000000002,0.0126
2023-06-02,59.48,59.81,59.02,59.02,MNST,4240927,6.0978520286396165,6.0978520286396165,59.02,59.48,59.81,59.02,4240927,59.02,59.48,59.81,59.02,4240927,0.11999999999999744,0.002
2023-06-05,59.26,59.8,59.05,59.48,MNST,3138095,6.071599045346061,6.071599045346061,59.48,59.26,59.8,59.05,3138095,59.48,59.26,59.8,59.05,3138095,-0.21999999999999886,-0.0037
2023-06-06,58.33,59.37,58.07,59.21,MNST,3153777,5.960620525059665,5.960620525059665,59.21,58.33,59.37,58.07,3153777,59.21,58.33,59.37,58.07,3153777,-0.9299999999999997,-0.0157
2023-06-07,56.9,58.32,56.88,58.0,MNST,5507181,5.7899761336515505,5.7899761336515505,58.0,56.9,58.32,56.88,5507181,58.0,56.9,58.32,56.88,5507181,-1.4299999999999997,-0.0245
2023-06-08,57.53,57.59,56.49,56.61,MNST,3208725,5.865155131264916,5.865155131264916,56.61,57.53,57.59,56.49,3208725,56.61,57.53,57.59,56.49,3208725,0.6300000000000026,0.0111
2023-06-09,57.25,57.55,57.01,57.33,MNST,4358618,5.831742243436754,5.831742243436754,57.33,57.25,57.55,57.01,4358618,57.33,57.25,57.55,57.01,4358618,-0.28000000000000114,-0.0049
2023-06-12,57.91,58.0,56.88,57.39,MNST,4069071,5.910501193317421,5.910501193317421,57.39,57.91,58.0,56.88,4069071,57.39,57.91,58.0,56.88,4069071,0.6599999999999966,0.0115
2023-06-13,58.18,58.31,57.85,58.16,MNST,2711267,5.942720763723149,5.942720763723149,58.16,58.18,58.31,57.85,2711267,58.16,58.18,58.31,57.85,2711267,0.2700000000000031,0.0047
2023-06-14,58.48,58.56,57.89,58.34,MNST,2981689,5.97852028639618,5.97852028639618,58.34,58.48,58.56,57.89,2981689,58.34,58.48,58.56,57.89,2981689,0.29999999999999716,0.0052
2023-06-15,58.8,58.97,58.31,58.64,MNST,3789664,6.01670644391408,6.01670644391408,58.64,58.8,58.97,58.31,3789664,58.64,58.8,58.97,58.31,3789664,0.3200000000000003,0.0055
2023-06-16,58.45,59.37,58.36,59.04,MNST,7692302,5.974940334128878,5.974940334128878,59.04,58.45,59.37,58.36,7692302,59.04,58.45,59.37,58.36,7692302,-0.3499999999999943,-0.006
2023-06-20,58.36,58.98,58.23,58.6,MNST,2895075,5.964200477326968,5.964200477326968,58.6,58.36,58.98,58.23,2895075,58.6,58.36,58.98,58.23,2895075,-0.09000000000000341,-0.0015
2023-06-21,58.41,58.83,57.94,58.36,MNST,2840029,5.970167064439139,5.970167064439139,58.36,58.41,58.83,57.94,2840029,58.36,58.41,58.83,57.94,2840029,0.04999999999999716,0.0009
2023-06-22,59.69,59.8,58.69,58.7,MNST,2907003,6.122911694510739,6.122911694510739,58.7,59.69,59.8,58.69,2907003,58.7,59.69,59.8,58.69,2907003,1.2800000000000011,0.0219
2023-06-23,59.11,60.03,58.76,59.8,MNST,6838843,6.053699284009546,6.053699284009546,59.8,59.11,60.03,58.76,6838843,59.8,59.11,60.03,58.76,6838843,-0.5799999999999983,-0.0097
2023-06-26,57.71,58.98,57.67,58.91,MNST,5482897,5.886634844868734,5.886634844868734,58.91,57.71,58.98,57.67,5482897,58.91,57.71,58.98,57.67,5482897,-1.3999999999999986,-0.0237
2023-06-27,58.13,58.37,57.64,57.89,MNST,3155986,5.936754176610978,5.936754176610978,57.89,58.13,58.37,57.64,3155986,57.89,58.13,58.37,57.64,3155986,0.4200000000000017,0.0073
2023-06-28,57.15,58.01,57.02,57.97,MNST,4188993,5.819809069212409,5.819809069212409,57.97,57.15,58.01,57.02,4188993,57.97,57.15,58.01,57.02,4188993,-0.980000000000004,-0.0169
2023-06-29,57.42,57.92,56.81,57.0,MNST,4356122,5.852028639618138,5.852028639618138,57.0,57.42,57.92,56.81,4356122,57.0,57.42,57.92,56.81,4356122,0.2700000000000031,0.0047
2023-06-30,57.44,58.0,57.23,57.88,MNST,4124591,5.8544152744630065,5.8544152744630065,57.88,57.44,58.0,57.23,4124591,57.88,57.44,58.0,57.23,4124591,0.01999999999999602,0.0003
2023-07-03,56.95,57.12,56.49,57.0,MNST,2650836,5.795942720763723,5.795942720763723,57.0,56.95,57.12,56.49,2650836,57.0,56.95,57.12,56.49,2650836,-0.4899999999999949,-0.0085
2023-07-05,56.97,57.33,56.7,57.02,MNST,4582488,5.798329355608591,5.798329355608591,57.02,56.97,57.33,56.7,4582488,57.02,56.97,57.33,56.7,4582488,0.01999999999999602,0.0004
2023-07-06,56.61,57.02,56.51,56.55,MNST,5591515,5.755369928400953,5.755369928400953,56.55,56.61,57.02,56.51,5591515,56.55,56.61,57.02,56.51,5591515,-0.35999999999999943,-0.0063
2023-07-07,55.87,56.67,55.8,56.6,MNST,5366198,5.667064439140811,5.667064439140811,56.6,55.87,56.67,55.8,5366198,56.6,55.87,56.67,55.8,5366198,-0.740000000000002,-0.0131
2023-07-10,56.38,57.01,56.07,56.15,MNST,4246417,5.727923627684964,5.727923627684964,56.15,56.38,57.01,56.07,4246417,56.15,56.38,57.01,56.07,4246417,0.5100000000000051,0.0091
2023-07-11,55.53,56.52,55.28,56.33,MNST,5329480,5.626491646778042,5.626491646778042,56.33,55.53,56.52,55.28,5329480,56.33,55.53,56.52,55.28,5329480,-0.8500000000000014,-0.0151
2023-07-12,56.21,56.49,55.71,56.0,MNST,5525772,5.707637231503579,5.707637231503579,56.0,56.21,56.49,55.71,5525772,56.0,56.21,56.49,55.71,5525772,0.6799999999999997,0.0122
2023-07-13,56.74,56.85,56.24,56.24,MNST,3023501,5.770883054892601,5.770883054892601,56.24,56.74,56.85,56.24,3023501,56.24,56.74,56.85,56.24,3023501,0.5300000000000011,0.0094
2023-07-14,57.31,57.38,56.59,56.73,MNST,3069309,5.83890214797136,5.83890214797136,56.73,57.31,57.38,56.59,3069309,56.73,57.31,57.38,56.59,3069309,0.5700000000000003,0.01
2023-07-17,57.29,57.84,57.0,57.06,MNST,4087895,5.836515513126491,5.836515513126491,57.06,57.29,57.84,57.0,4087895,57.06,57.29,57.84,57.0,4087895,-0.020000000000003126,-0.0003
2023-07-18,56.55,57.4,56.0,57.27,MNST,5031968,5.748210023866347,5.748210023866347,57.27,56.55,57.4,56.0,5031968,57.27,56.55,57.4,56.0,5031968,-0.740000000000002,-0.0129
2023-07-19,57.25,57.47,56.55,56.56,MNST,4206312,5.831742243436754,5.831742243436754,56.56,57.25,57.47,56.55,4206312,56.56,57.25,57.47,56.55,4206312,0.7000000000000028,0.0124
2023-07-20,57.58,57.76,57.08,57.21,MNST,4900879,5.871121718377087,5.871121718377087,57.21,57.58,57.76,57.08,4900879,57.21,57.58,57.76,57.08,4900879,0.3299999999999983,0.0058
2023-07-21,58.1,58.44,57.91,57.91,MNST,12346927,5.9331742243436745,5.9331742243436745,57.91,58.1,58.44,57.91,12346927,57.91,58.1,58.44,57.91,12346927,0.5200000000000031,0.009
2023-07-24,58.38,58.43,57.86,58.25,MNST,4062750,5.966587112171837,5.966587112171837,58.25,58.38,58.43,57.86,4062750,58.25,58.38,58.43,57.86,4062750,0.28000000000000114,0.0048
2023-07-25,58.08,58.77,58.05,58.28,MNST,3756455,5.930787589498806,5.930787589498806,58.28,58.08,58.77,58.05,3756455,58.28,58.08,58.77,58.05,3756455,-0.30000000000000426,-0.0051
2023-07-26,58.17,58.26,57.74,57.88,MNST,4622670,5.941527446300715,5.941527446300715,57.88,58.17,58.26,57.74,4622670,57.88,58.17,58.26,57.74,4622670,0.09000000000000341,0.0015
2023-07-27,57.56,58.64,57.5,58.52,MNST,3427390,5.868735083532219,5.868735083532219,58.52,57.56,58.64,57.5,3427390,58.52,57.56,58.64,57.5,3427390,-0.6099999999999994,-0.0105
2023-07-28,58.15,58.42,57.95,58.22,MNST,3069288,5.939140811455847,5.939140811455847,58.22,58.15,58.42,57.95,3069288,58.22,58.15,58.42,57.95,3069288,0.5899999999999963,0.0103
2023-07-31,57.49,58.02,57.05,57.88,MNST,3736164,5.860381861575179,5.860381861575179,57.88,57.49,58.02,57.05,3736164,57.88,57.49,58.02,57.05,3736164,-0.6599999999999966,-0.0113
2023-08-01,57.71,57.96,57.44,57.6,MNST,3031320,5.886634844868734,5.886634844868734,57.6,57.71,57.96,57.44,3031320,57.6,57.71,57.96,57.44,3031320,0.21999999999999886,0.0038
2023-08-02,57.63,57.97,57.3,57.49,MNST,4830528,5.877088305489259,5.877088305489259,57.49,57.63,57.97,57.3,4830528,57.49,57.63,57.97,57.3,4830528,-0.0799999999999983,-0.0014
2023-08-03,57.98,58.3,57.41,57.44,MNST,7113987,5.9188544152744615,5.9188544152744615,57.44,57.98,58.3,57.41,7113987,57.44,57.98,58.3,57.41,7113987,0.3499999999999943,0.0061
2023-08-04,55.11,57.09,54.99,56.9,MNST,9744368,5.576372315035798,5.576372315035798,56.9,55.11,57.09,54.99,9744368,56.9,55.11,57.09,54.99,9744368,-2.8699999999999974,-0.0495
2023-08-07,58.49,58.56,55.72,56.06,MNST,8387245,5.979713603818615,5.979713603818615,56.06,58.49,58.56,55.72,8387245,56.06,58.49,58.56,55.72,8387245,3.3800000000000026,0.0613
2023-08-08,57.41,58.61,56.96,58.44,MNST,4825312,5.850835322195703,5.850835322195703,58.44,57.41,58.61,56.96,4825312,58.44,57.41,58.61,56.96,4825312,-1.0800000000000054,-0.0185
2023-08-09,57.51,57.74,57.02,57.64,MNST,4687242,5.862768496420046,5.862768496420046,57.64,57.51,57.74,57.02,4687242,57.64,57.51,57.74,57.02,4687242,0.10000000000000142,0.0017
2023-08-10,58.1,58.82,57.84,58.0,MNST,3698705,5.9331742243436745,5.9331742243436745,58.0,58.1,58.82,57.84,3698705,58.0,58.1,58.82,57.84,3698705,0.5900000000000034,0.0103
2023-08-11,58.18,58.47,57.92,58.39,MNST,2381164,5.942720763723149,5.942720763723149,58.39,58.18,58.47,57.92,2381164,58.39,58.18,58.47,57.92,2381164,0.0799999999999983,0.0014
2023-08-14,59.01,59.23,58.16,58.5,MNST,3904846,6.041766109785201,6.041766109785201,58.5,59.01,59.23,58.16,3904846,58.5,59.01,59.23,58.16,3904846,0.8299999999999983,0.0143
2023-08-15,58.21,59.23,58.15,59.0,MNST,2949370,5.946300715990453,5.946300715990453,59.0,58.21,59.23,58.15,2949370,59.0,58.21,59.23,58.15,2949370,-0.7999999999999972,-0.0136
2023-08-16,58.3,58.98,58.24,58.54,MNST,2776285,5.957040572792361,5.957040572792361,58.54,58.3,58.98,58.24,2776285,58.54,58.3,58.98,58.24,2776285,0.0899999999999963,0.0015
2023-08-17,57.25,58.33,57.2,58.29,MNST,3542663,5.831742243436754,5.831742243436754,58.29,57.25,58.33,57.2,3542663,58.29,57.25,58.33,57.2,3542663,-1.0499999999999972,-0.018
2023-08-18,57.36,57.56,56.79,57.0,MNST,3319823,5.844868735083531,5.844868735083531,57.0,57.36,57.56,56.79,3319823,57.0,57.36,57.56,56.79,3319823,0.10999999999999943,0.0019
2023-08-21,57.42,57.87,57.07,57.29,MNST,3318127,5.852028639618138,5.852028639618138,57.29,57.42,57.87,57.07,3318127,57.29,57.42,57.87,57.07,3318127,0.060000000000002274,0.001
2023-08-22,57.35,57.54,57.07,57.42,MNST,2674942,5.843675417661097,5.843675417661097,57.42,57.35,57.54,57.07,2674942,57.42,57.35,57.54,57.07,2674942,-0.07000000000000028,-0.0012
2023-08-23,57.91,58.3,57.56,57.57,MNST,3975053,5.910501193317421,5.910501193317421,57.57,57.91,58.3,57.56,3975053,57.57,57.91,58.3,57.56,3975053,0.5599999999999952,0.0098
2023-08-24,57.03,58.33,56.93,58.08,MNST,5129117,5.805489260143197,5.805489260143197,58.08,57.03,58.33,56.93,5129117,58.08,57.03,58.33,56.93,5129117,-0.8799999999999955,-0.0152
2023-08-25,57.34,57.52,56.81,57.22,MNST,2654896,5.842482100238663,5.842482100238663,57.22,57.34,57.52,56.81,2654896,57.22,57.34,57.52,56.81,2654896,0.3100000000000023,0.0054
2023-08-28,57.71,57.95,57.4,57.74,MNST,2244928,5.886634844868734,5.886634844868734,57.74,57.71,57.95,57.4,2244928,57.74,57.71,57.95,57.4,2244928,0.36999999999999744,0.0065
2023-08-29,58.49,58.6,57.6,57.71,MNST,3403945,5.979713603818615,5.979713603818615,57.71,58.49,58.6,57.6,3403945,57.71,58.49,58.6,57.6,3403945,0.7800000000000011,0.0135
2023-08-30,58.15,58.9,58.08,58.5,MNST,3246440,5.939140811455847,5.939140811455847,58.5,58.15,58.9,58.08,3246440,58.5,58.15,58.9,58.08,3246440,-0.3400000000000034,-0.0058
2023-08-31,57.41,58.17,57.25,58.06,MNST,4962721,5.850835322195703,5.850835322195703,58.06,57.41,58.17,57.25,4962721,58.06,57.41,58.17,57.25,4962721,-0.740000000000002,-0.0127
2023-09-01,56.55,57.76,56.49,57.7,MNST,2832924,5.748210023866347,5.748210023866347,57.7,56.55,57.76,56.49,2832924,57.7,56.55,57.76,56.49,2832924,-0.8599999999999994,-0.015
2023-09-05,55.96,56.47,55.38,56.47,MNST,6205771,5.67780429594272,5.67780429594272,56.47,55.96,56.47,55.38,6205771,56.47,55.96,56.47,55.38,6205771,-0.5899999999999963,-0.0104
2023-09-06,56.28,56.29,55.81,56.0,MNST,4046114,5.71599045346062,5.71599045346062,56.0,56.28,56.29,55.81,4046114,56.0,56.28,56.29,55.81,4046114,0.3200000000000003,0.0057
2023-09-07,56.64,56.8,55.98,56.28,MNST,3873793,5.758949880668257,5.758949880668257,56.28,56.64,56.8,55.98,3873793,56.28,56.64,56.8,55.98,3873793,0.35999999999999943,0.0064
2023-09-08,56.37,56.67,56.15,56.53,MNST,2486772,5.726730310262528,5.726730310262528,56.53,56.37,56.67,56.15,2486772,56.53,56.37,56.67,56.15,2486772,-0.2700000000000031,-0.0048
2023-09-11,56.78,57.01,56.3,56.4,MNST,3285839,5.7756563245823385,5.7756563245823385,56.4,56.78,57.01,56.3,3285839,56.4,56.78,57.01,56.3,3285839,0.4100000000000037,0.0073
2023-09-12,56.15,56.77,56.13,56.64,MNST,3830430,5.700477326968973,5.700477326968973,56.64,56.15,56.77,56.13,3830430,56.64,56.15,56.77,56.13,3830430,-0.6300000000000026,-0.0111
2023-09-13,56.52,56.98,56.04,56.06,MNST,4684759,5.744630071599045,5.744630071599045,56.06,56.52,56.98,56.04,4684759,56.06,56.52,56.98,56.04,4684759,0.37000000000000455,0.0066
2023-09-14,56.87,57.02,56.34,56.59,MNST,2990141,5.786396181384247,5.786396181384247,56.59,56.87,57.02,56.34,2990141,56.59,56.87,57.02,56.34,2990141,0.3499999999999943,0.0062
2023-09-15,56.14,57.04,55.98,56.93,MNST,9790594,5.699284009546538,5.699284009546538,56.93,56.14,57.04,55.98,9790594,56.93,56.14,57.04,55.98,9790594,-0.7299999999999969,-0.0128
2023-09-18,56.27,56.51,55.98,56.34,MNST,3840311,5.714797136038186,5.714797136038186,56.34,56.27,56.51,55.98,3840311,56.34,56.27,56.51,55.98,3840311,0.13000000000000256,0.0023
2023-09-19,56.01,56.17,55.6,56.02,MNST,3798837,5.683770883054891,5.683770883054891,56.02,56.01,56.17,55.6,3798837,56.02,56.01,56.17,55.6,3798837,-0.2600000000000051,-0.0046
2023-09-20,55.76,56.33,55.69,56.3,MNST,4330723,5.653937947494033,5.653937947494033,56.3,55.76,56.33,55.69,4330723,56.3,55.76,56.33,55.69,4330723,-0.25,-0.0045
2023-09-21,54.75,55.61,54.61,55.53,MNST,8015423,5.533412887828161,5.533412887828161,55.53,54.75,55.61,54.61,8015423,55.53,54.75,55.61,54.61,8015423,-1.009999999999998,-0.0181
2023-09-22,54.52,54.99,54.38,54.7,MNST,7062448,5.505966587112171,5.505966587112171,54.7,54.52,54.99,54.38,7062448,54.7,54.52,54.99,54.38,7062448,-0.22999999999999687,-0.0042
2023-09-25,54.65,54.7,54.26,54.3,MNST,5082854,5.521479713603818,5.521479713603818,54.3,54.65,54.7,54.26,5082854,54.3,54.65,54.7,54.26,5082854,0.12999999999999545,0.0024
2023-09-26,54.29,54.6,54.22,54.5,MNST,5285069,5.47852028639618,5.47852028639618,54.5,54.29,54.6,54.22,5285069,54.5,54.29,54.6,54.22,5285069,-0.35999999999999943,-0.0066
2023-09-27,53.12,54.49,52.94,54.32,MNST,6239281,5.33890214797136,5.33890214797136,54.32,53.12,54.49,52.94,6239281,54.32,53.12,54.49,52.94,6239281,-1.1700000000000017,-0.0216
2023-09-28,53.16,53.5,53.05,53.24,MNST,4003301,5.343675417661097,5.343675417661097,53.24,53.16,53.5,53.05,4003301,53.24,53.16,53.5,53.05,4003301,0.03999999999999915,0.0008
2023-09-29,52.95,53.6,52.76,53.5,MNST,5133633,5.3186157517899755,5.3186157517899755,53.5,52.95,53.6,52.76,5133633,53.5,52.95,53.6,52.76,5133633,-0.20999999999999375,-0.004
2023-10-02,52.54,52.96,52.28,52.83,MNST,4082934,5.269689737470166,5.269689737470166,52.83,52.54,52.96,52.28,4082934,52.83,52.54,52.96,52.28,4082934,-0.4100000000000037,-0.0077
2023-10-03,50.67,52.5,50.44,52.4,MNST,7451716,5.04653937947494,5.04653937947494,52.4,50.67,52.5,50.44,7451716,52.4,50.67,52.5,50.44,7451716,-1.8699999999999974,-0.0356
2023-10-04,52.33,52.43,50.63,50.89,MNST,6805089,5.244630071599044,5.244630071599044,50.89,52.33,52.43,50.63,6805089,50.89,52.33,52.43,50.63,6805089,1.6599999999999966,0.0328
2023-10-05,50.09,52.4,49.94,52.29,MNST,6769832,4.977326968973746,4.977326968973746,52.29,50.09,52.4,49.94,6769832,52.29,50.09,52.4,49.94,6769832,-2.239999999999995,-0.0428
2023-10-06,49.97,50.1,48.51,49.6,MNST,7947161,4.963007159904533,4.963007159904533,49.6,49.97,50.1,48.51,7947161,49.6,49.97,50.1,48.51,7947161,-0.12000000000000455,-0.0024
2023-10-09,49.64,49.87,48.8,49.86,MNST,4593361,4.9236276849642,4.9236276849642,49.86,49.64,49.87,48.8,4593361,49.86,49.64,49.87,48.8,4593361,-0.3299999999999983,-0.0066
2023-10-10,50.4,50.63,49.68,50.16,MNST,7167990,5.014319809069211,5.014319809069211,50.16,50.4,50.63,49.68,7167990,50.16,50.4,50.63,49.68,7167990,0.759999999999998,0.0153
2023-10-11,49.6,50.87,49.4,50.7,MNST,4923132,4.918854415274462,4.918854415274462,50.7,49.6,50.87,49.4,4923132,50.7,49.6,50.87,49.4,4923132,-0.7999999999999972,-0.0159
2023-10-12,47.54,49.62,47.23,49.59,MNST,8329925,4.673031026252983,4.673031026252983,49.59,47.54,49.62,47.23,8329925,49.59,47.54,49.62,47.23,8329925,-2.0600000000000023,-0.0415
2023-10-13,47.72,48.02,47.13,47.71,MNST,6060628,4.694510739856801,4.694510739856801,47.71,47.72,48.02,47.13,6060628,47.71,47.72,48.02,47.13,6060628,0.17999999999999972,0.0038
2023-10-16,48.67,48.83,47.8,48.01,MNST,5461751,4.807875894988066,4.807875894988066,48.01,48.67,48.83,47.8,5461751,48.01,48.67,48.83,47.8,5461751,0.9500000000000028,0.0199
2023-10-17,49.79,49.86,48.63,48.63,MNST,7497980,4.941527446300715,4.941527446300715,48.63,49.79,49.86,48.63,7497980,48.63,49.79,49.86,48.63,7497980,1.1199999999999974,0.023
2023-10-18,49.84,50.38,49.62,49.73,MNST,5449164,4.947494033412887,4.947494033412887,49.73,49.84,50.38,49.62,5449164,49.73,49.84,50.38,49.62,5449164,0.05000000000000426,0.001
2023-10-19,50.4,50.81,49.8,50.07,MNST,8158998,5.014319809069211,5.014319809069211,50.07,50.4,50.81,49.8,8158998,50.07,50.4,50.81,49.8,8158998,0.5599999999999952,0.0112
2023-10-20,49.98,50.66,49.77,50.4,MNST,7487872,4.964200477326968,4.964200477326968,50.4,49.98,50.66,49.77,7487872,50.4,49.98,50.66,49.77,7487872,-0.4200000000000017,-0.0083
2023-10-23,50.3,50.59,49.43,49.75,MNST,4386674,5.002386634844868,5.002386634844868,49.75,50.3,50.59,49.43,4386674,49.75,50.3,50.59,49.43,4386674,0.3200000000000003,0.0064
2023-10-24,50.05,50.83,49.2,49.23,MNST,7827640,4.972553699284008,4.972553699284008,49.23,50.05,50.83,49.2,7827640,49.23,50.05,50.83,49.2,7827640,-0.25,-0.005
2023-10-25,50.08,50.53,49.79,49.93,MNST,4751922,4.9761336515513115,4.9761336515513115,49.93,50.08,50.53,49.79,4751922,49.93,50.08,50.53,49.79,4751922,0.030000000000001137,0.0006
2023-10-26,50.06,50.38,49.97,50.1,MNST,5384870,4.973747016706444,4.973747016706444,50.1,50.06,50.38,49.97,5384870,50.1,50.06,50.38,49.97,5384870,-0.01999999999999602,-0.0004
2023-10-27,49.9,50.4,49.51,49.97,MNST,5087188,4.954653937947493,4.954653937947493,49.97,49.9,50.4,49.51,5087188,49.97,49.9,50.4,49.51,5087188,-0.1600000000000037,-0.0032
2023-10-30,50.68,50.84,50.35,50.41,MNST,5665526,5.0477326968973735,5.0477326968973735,50.41,50.68,50.84,50.35,5665526,50.41,50.68,50.84,50.35,5665526,0.7800000000000011,0.0156
2023-10-31,51.1,51.13,50.55,50.77,MNST,5686371,5.097852028639617,5.097852028639617,50.77,51.1,51.13,50.55,5686371,50.77,51.1,51.13,50.55,5686371,0.4200000000000017,0.0083
2023-11-01,51.65,51.71,51.06,51.21,MNST,6458367,5.163484486873507,5.163484486873507,51.21,51.65,51.71,51.06,6458367,51.21,51.65,51.71,51.06,6458367,0.5499999999999972,0.0108
2023-11-02,52.66,52.77,51.76,51.8,MNST,9394217,5.284009546539378,5.284009546539378,51.8,52.66,52.77,51.76,9394217,51.8,52.66,52.77,51.76,9394217,1.009999999999998,0.0196
2023-11-03,55.56,58.86,55.33,57.24,MNST,9951842,5.630071599045346,5.630071599045346,57.24,55.56,58.86,55.33,9951842,57.24,55.56,58.86,55.33,9951842,2.9000000000000057,0.0551
2023-11-06,56.14,56.96,55.56,55.56,MNST,5532505,5.699284009546538,5.699284009546538,55.56,56.14,56.96,55.56,5532505,55.56,56.14,56.96,55.56,5532505,0.5799999999999983,0.0104
2023-11-07,55.98,56.15,55.63,56.12,MNST,5121816,5.680190930787588,5.680190930787588,56.12,55.98,56.15,55.63,5121816,56.12,55.98,56.15,55.63,5121816,-0.1600000000000037,-0.0029
2023-11-08,55.66,56.28,55.25,56.12,MNST,7613899,5.642004773269688,5.642004773269688,56.12,55.66,56.28,55.25,7613899,56.12,55.66,56.28,55.25,7613899,-0.3200000000000003,-0.0057
2023-11-09,55.08,56.02,54.91,56.0,MNST,5374583,5.572792362768495,5.572792362768495,56.0,55.08,56.02,54.91,5374583,56.0,55.08,56.02,54.91,5374583,-0.5799999999999983,-0.0104
2023-11-10,55.28,55.38,54.33,55.3,MNST,5849616,5.5966587112171835,5.5966587112171835,55.3,55.28,55.38,54.33,5849616,55.3,55.28,55.38,54.33,5849616,0.20000000000000284,0.0036
2023-11-13,55.54,55.78,55.29,55.32,MNST,3461675,5.627684964200476,5.627684964200476,55.32,55.54,55.78,55.29,3461675,55.32,55.54,55.78,55.29,3461675,0.259999999999998,0.0047
2023-11-14,55.68,56.1,55.29,56.0,MNST,4625257,5.644391408114558,5.644391408114558,56.0,55.68,56.1,55.29,4625257,56.0,55.68,56.1,55.29,4625257,0.14000000000000057,0.0025
2023-11-15,55.42,55.9,55.25,55.81,MNST,4658000,5.613365155131264,5.613365155131264,55.81,55.42,55.9,55.25,4658000,55.81,55.42,55.9,55.25,4658000,-0.259999999999998,-0.0047
2023-11-16,55.1,56.01,54.99,55.7,MNST,5015760,5.5751789976133646,5.5751789976133646,55.7,55.1,56.01,54.99,5015760,55.7,55.1,56.01,54.99,5015760,-0.3200000000000003,-0.0058
2023-11-17,54.79,55.0,54.15,54.93,MNST,7936431,5.538186157517899,5.538186157517899,54.93,54.79,55.0,54.15,7936431,54.93,54.79,55.0,54.15,7936431,-0.3100000000000023,-0.0056
2023-11-20,54.82,55.04,54.38,54.65,MNST,6965091,5.541766109785202,5.541766109785202,54.65,54.82,55.04,54.38,6965091,54.65,54.82,55.04,54.38,6965091,0.030000000000001137,0.0005
2023-11-21,54.8,55.12,54.6,54.97,MNST,8424467,5.539379474940333,5.539379474940333,54.97,54.8,55.12,54.6,8424467,54.97,54.8,55.12,54.6,8424467,-0.020000000000003126,-0.0004
2023-11-22,55.22,55.61,55.0,55.32,MNST,4756325,5.589498806682577,5.589498806682577,55.32,55.22,55.61,55.0,4756325,55.32,55.22,55.61,55.0,4756325,0.4200000000000017,0.0077
2023-11-24,55.17,55.41,55.02,55.11,MNST,1871755,5.583532219570405,5.583532219570405,55.11,55.17,55.41,55.02,1871755,55.11,55.17,55.41,55.02,1871755,-0.04999999999999716,-0.0009
2023-11-27,54.72,55.33,54.65,55.22,MNST,4535610,5.529832935560858,5.529832935560858,55.22,54.72,55.33,54.65,4535610,55.22,54.72,55.33,54.65,4535610,-0.45000000000000284,-0.0082
2023-11-28,55.28,55.41,54.67,54.7,MNST,8008569,5.5966587112171835,5.5966587112171835,54.7,55.28,55.41,54.67,8008569,54.7,55.28,55.41,54.67,8008569,0.5600000000000023,0.0102
2023-11-29,54.71,55.5,54.32,55.48,MNST,8844517,5.528639618138424,5.528639618138424,55.48,54.71,55.5,54.32,8844517,55.48,54.71,55.5,54.32,8844517,-0.5700000000000003,-0.0103
2023-11-30,55.15,55.2,54.18,54.82,MNST,8484083,5.581145584725536,5.581145584725536,54.82,55.15,55.2,54.18,8484083,54.82,55.15,55.2,54.18,8484083,0.4399999999999977,0.008
2023-12-01,55.22,55.53,54.92,54.92,MNST,5526628,5.589498806682577,5.589498806682577,54.92,55.22,55.53,54.92,5526628,54.92,55.22,55.53,54.92,5526628,0.07000000000000028,0.0013
2023-12-04,55.17,55.58,54.67,54.97,MNST,5413259,5.583532219570405,5.583532219570405,54.97,55.17,55.58,54.67,5413259,54.97,55.17,55.58,54.67,5413259,-0.04999999999999716,-0.0009
2023-12-05,54.26,55.26,53.99,55.08,MNST,5775496,5.474940334128878,5.474940334128878,55.08,54.26,55.26,53.99,5775496,55.08,54.26,55.26,53.99,5775496,-0.9100000000000037,-0.0165
2023-12-06,54.3,54.44,53.54,54.26,MNST,5649426,5.479713603818615,5.479713603818615,54.26,54.3,54.44,53.54,5649426,54.26,54.3,54.44,53.54,5649426,0.03999999999999915,0.0007
2023-12-07,54.3,54.59,53.99,54.53,MNST,5129858,5.479713603818615,5.479713603818615,54.53,54.3,54.59,53.99,5129858,54.53,54.3,54.59,53.99,5129858,0.0,0.0
2023-12-08,53.92,54.34,53.7,54.16,MNST,4935825,5.434367541766109,5.434367541766109,54.16,53.92,54.34,53.7,4935825,54.16,53.92,54.34,53.7,4935825,-0.37999999999999545,-0.007
2023-12-11,55.26,55.4,54.53,54.53,MNST,4631845,5.594272076372314,5.594272076372314,54.53,55.26,55.4,54.53,4631845,54.53,55.26,55.4,54.53,4631845,1.3399999999999963,0.0249
2023-12-12,55.8,55.86,55.17,55.83,MNST,4122405,5.65871121718377,5.65871121718377,55.83,55.8,55.86,55.17,4122405,55.83,55.8,55.86,55.17,4122405,0.5399999999999991,0.0098
2023-12-13,56.55,56.57,55.78,55.93,MNST,5780710,5.748210023866347,5.748210023866347,55.93,56.55,56.57,55.78,5780710,55.93,56.55,56.57,55.78,5780710,0.75,0.0134
2023-12-14,55.56,56.68,55.3,56.68,MNST,5595397,5.630071599045346,5.630071599045346,56.68,55.56,56.68,55.3,5595397,56.68,55.56,56.68,55.3,5595397,-0.9899999999999949,-0.0175
2023-12-15,55.09,55.95,54.91,55.56,MNST,9880424,5.573985680190931,5.573985680190931,55.56,55.09,55.95,54.91,9880424,55.56,55.09,55.95,54.91,9880424,-0.46999999999999886,-0.0085
2023-12-18,55.3,55.55,54.77,55.47,MNST,4230201,5.599045346062051,5.599045346062051,55.47,55.3,55.55,54.77,4230201,55.47,55.3,55.55,54.77,4230201,0.20999999999999375,0.0038
2023-12-19,55.58,55.73,55.28,55.38,MNST,4203793,5.632458233890214,5.632458233890214,55.38,55.58,55.73,55.28,4203793,55.38,55.58,55.73,55.28,4203793,0.28000000000000114,0.0051
2023-12-20,54.36,55.54,54.36,55.28,MNST,4820446,5.486873508353221,5.486873508353221,55.28,54.36,55.54,54.36,4820446,55.28,54.36,55.54,54.36,4820446,-1.2199999999999989,-0.022
2023-12-21,55.38,55.47,54.68,54.71,MNST,4323807,5.608591885441527,5.608591885441527,54.71,55.38,55.47,54.68,4323807,54.71,55.38,55.47,54.68,4323807,1.0200000000000031,0.0188
2023-12-22,56.01,56.35,55.52,55.65,MNST,3942673,5.683770883054891,5.683770883054891,55.65,56.01,56.35,55.52,3942673,55.65,56.01,56.35,55.52,3942673,0.6299999999999955,0.0114
2023-12-26,56.79,56.92,55.9,55.9,MNST,3469185,5.776849642004772,5.776849642004772,55.9,56.79,56.92,55.9,3469185,55.9,56.79,56.92,55.9,3469185,0.7800000000000011,0.0139
2023-12-27,57.34,57.37,56.72,56.84,MNST,3606206,5.842482100238663,5.842482100238663,56.84,57.34,57.37,56.72,3606206,56.84,57.34,57.37,56.72,3606206,0.5500000000000043,0.0097
2023-12-28,57.42,57.56,57.19,57.51,MNST,3344826,5.852028639618138,5.852028639618138,57.51,57.42,57.56,57.19,3344826,57.51,57.42,57.56,57.19,3344826,0.0799999999999983,0.0014
2023-12-29,57.61,57.78,57.33,57.43,MNST,4061621,5.874701670644391,5.874701670644391,57.43,57.61,57.78,57.33,4061621,57.43,57.61,57.78,57.33,4061621,0.18999999999999773,0.0033
2024-01-02,58.59,58.81,57.37,57.52,MNST,8150088,5.991646778042959,5.991646778042959,57.52,58.59,58.81,57.37,8150088,57.52,58.59,58.81,57.37,8150088,0.980000000000004,0.017
2024-01-03,57.48,59.08,57.27,59.07,MNST,6954559,5.859188544152744,5.859188544152744,59.07,57.48,59.08,57.27,6954559,59.07,57.48,59.08,57.27,6954559,-1.1100000000000065,-0.0189
2024-01-04,57.71,58.59,57.53,57.59,MNST,4984379,5.886634844868734,5.886634844868734,57.59,57.71,58.59,57.53,4984379,57.59,57.71,58.59,57.53,4984379,0.23000000000000398,0.004
2024-01-05,57.54,58.13,57.3,57.57,MNST,3741772,5.86634844868735,5.86634844868735,57.57,57.54,58.13,57.3,3741772,57.57,57.54,58.13,57.3,3741772,-0.1700000000000017,-0.0029
2024-01-08,57.96,58.17,57.39,57.62,MNST,5764345,5.916467780429594,5.916467780429594,57.62,57.96,58.17,57.39,5764345,57.62,57.96,58.17,57.39,5764345,0.4200000000000017,0.0073
2024-01-09,58.74,58.76,57.4,57.62,MNST,5042871,6.009546539379475,6.009546539379475,57.62,58.74,58.76,57.4,5042871,57.62,58.74,58.76,57.4,5042871,0.7800000000000011,0.0135
2024-01-10,58.91,59.13,58.33,58.75,MNST,4436276,6.029832935560858,6.029832935560858,58.75,58.91,59.13,58.33,4436276,58.75,58.91,59.13,58.33,4436276,0.1699999999999946,0.0029
2024-01-11,58.63,58.93,58.21,58.9,MNST,4159343,5.9964200477326965,5.9964200477326965,58.9,58.63,58.93,58.21,4159343,58.9,58.63,58.93,58.21,4159343,-0.27999999999999403,-0.0048
2024-01-12,59.05,59.31,58.8,59.13,MNST,4024985,6.046539379474939,6.046539379474939,59.13,59.05,59.31,58.8,4024985,59.13,59.05,59.31,58.8,4024985,0.4199999999999946,0.0072
2024-01-16,58.17,59.4,57.95,59.4,MNST,5783083,5.941527446300715,5.941527446300715,59.4,58.17,59.4,57.95,5783083,59.4,58.17,59.4,57.95,5783083,-0.8799999999999955,-0.0149
2024-01-17,57.11,57.53,56.34,57.49,MNST,8595546,5.815035799522672,5.815035799522672,57.49,57.11,57.53,56.34,8595546,57.49,57.11,57.53,56.34,8595546,-1.0600000000000023,-0.0182
2024-01-18,57.25,57.44,56.61,56.76,MNST,4800425,5.831742243436754,5.831742243436754,56.76,57.25,57.44,56.61,4800425,56.76,57.25,57.44,56.61,4800425,0.14000000000000057,0.0025
2024-01-19,57.18,57.45,56.55,57.45,MNST,5450409,5.823389021479713,5.823389021479713,57.45,57.18,57.45,56.55,5450409,57.45,57.18,57.45,56.55,5450409,-0.07000000000000028,-0.0012
2024-01-22,56.32,57.33,56.24,57.29,MNST,4294443,5.720763723150357,5.720763723150357,57.29,56.32,57.33,56.24,4294443,57.29,56.32,57.33,56.24,4294443,-0.8599999999999994,-0.015
2024-01-23,55.57,56.3,54.89,56.3,MNST,7050033,5.63126491646778,5.63126491646778,56.3,55.57,56.3,54.89,7050033,56.3,55.57,56.3,54.89,7050033,-0.75,-0.0133
2024-01-24,55.07,55.69,54.98,55.47,MNST,9574705,5.571599045346061,5.571599045346061,55.47,55.07,55.69,54.98,9574705,55.47,55.07,55.69,54.98,9574705,-0.5,-0.009
2024-01-25,55.14,55.47,54.89,55.4,MNST,5711641,5.579952267303102,5.579952267303102,55.4,55.14,55.47,54.89,5711641,55.4,55.14,55.47,54.89,5711641,0.07000000000000028,0.0013
2024-01-26,55.44,55.58,55.0,55.16,MNST,5273127,5.615751789976133,5.615751789976133,55.16,55.44,55.58,55.0,5273127,55.16,55.44,55.58,55.0,5273127,0.29999999999999716,0.0054
2024-01-29,55.59,55.84,55.23,55.47,MNST,5736036,5.633651551312648,5.633651551312648,55.47,55.59,55.84,55.23,5736036,55.47,55.59,55.84,55.23,5736036,0.15000000000000568,0.0027
2024-01-30,55.31,55.58,55.0,55.53,MNST,4704197,5.600238663484486,5.600238663484486,55.53,55.31,55.58,55.0,4704197,55.53,55.31,55.58,55.0,4704197,-0.28000000000000114,-0.005
2024-01-31,55.02,55.59,54.84,55.37,MNST,5908152,5.56563245823389,5.56563245823389,55.37,55.02,55.59,54.84,5908152,55.37,55.02,55.59,54.84,5908152,-0.28999999999999915,-0.0052
2024-02-01,55.94,56.04,54.81,55.15,MNST,5619549,5.675417661097851,5.675417661097851,55.15,55.94,56.04,54.81,5619549,55.15,55.94,56.04,54.81,5619549,0.9199999999999946,0.0167
2024-02-02,55.35,55.93,54.99,55.8,MNST,5481813,5.605011933174223,5.605011933174223,55.8,55.35,55.93,54.99,5481813,55.8,55.35,55.93,54.99,5481813,-0.5899999999999963,-0.0105
2024-02-05,55.12,55.37,54.76,55.13,MNST,4768898,5.577565632458232,5.577565632458232,55.13,55.12,55.37,54.76,4768898,55.13,55.12,55.37,54.76,4768898,-0.23000000000000398,-0.0042
2024-02-06,56.34,56.38,55.04,55.26,MNST,7406959,5.723150357995226,5.723150357995226,55.26,56.34,56.38,55.04,7406959,55.26,56.34,56.38,55.04,7406959,1.220000000000006,0.0221
2024-02-07,56.46,56.91,56.22,56.71,MNST,4315138,5.737470167064439,5.737470167064439,56.71,56.46,56.91,56.22,4315138,56.71,56.46,56.91,56.22,4315138,0.11999999999999744,0.0021
2024-02-08,56.49,56.53,56.01,56.49,MNST,4253902,5.741050119331741,5.741050119331741,56.49,56.49,56.53,56.01,4253902,56.49,56.49,56.53,56.01,4253902,0.030000000000001137,0.0005
2024-02-09,55.66,56.57,55.34,56.52,MNST,3893969,5.642004773269688,5.642004773269688,56.52,55.66,56.57,55.34,3893969,56.52,55.66,56.57,55.34,3893969,-0.8300000000000054,-0.0147
2024-02-12,55.93,55.99,55.27,55.57,MNST,3497830,5.674224343675417,5.674224343675417,55.57,55.93,55.99,55.27,3497830,55.57,55.93,55.99,55.27,3497830,0.2700000000000031,0.0049
2024-02-13,56.16,56.45,55.42,55.96,MNST,5970913,5.701670644391407,5.701670644391407,55.96,56.16,56.45,55.42,5970913,55.96,56.16,56.45,55.42,5970913,0.22999999999999687,0.0041
2024-02-14,55.87,56.64,55.45,56.16,MNST,3981935,5.667064439140811,5.667064439140811,56.16,55.87,56.64,55.45,3981935,56.16,55.87,56.64,55.45,3981935,-0.28999999999999915,-0.0052
2024-02-15,56.17,56.42,55.79,56.14,MNST,5553181,5.702863961813842,5.702863961813842,56.14,56.17,56.42,55.79,5553181,56.14,56.17,56.42,55.79,5553181,0.30000000000000426,0.0054
2024-02-16,55.02,55.97,54.96,55.88,MNST,6077720,5.56563245823389,5.56563245823389,55.88,55.02,55.97,54.96,6077720,55.88,55.02,55.97,54.96,6077720,-1.1499999999999986,-0.0205
2024-02-20,55.4,55.68,54.86,55.3,MNST,5620358,5.6109785202863955,5.6109785202863955,55.3,55.4,55.68,54.86,5620358,55.3,55.4,55.68,54.86,5620358,0.37999999999999545,0.0069
2024-02-21,55.14,55.66,54.91,55.44,MNST,5714577,5.579952267303102,5.579952267303102,55.44,55.14,55.66,54.91,5714577,55.44,55.14,55.66,54.91,5714577,-0.259999999999998,-0.0047
2024-02-22,55.11,55.45,54.8,55.14,MNST,6579869,5.576372315035798,5.576372315035798,55.14,55.11,55.45,54.8,6579869,55.14,55.11,55.45,54.8,6579869,-0.030000000000001137,-0.0005
2024-02-23,55.29,55.69,54.97,55.11,MNST,3307984,5.597852028639617,5.597852028639617,55.11,55.29,55.69,54.97,3307984,55.11,55.29,55.69,54.97,3307984,0.17999999999999972,0.0033
2024-02-26,55.72,55.92,55.05,55.29,MNST,4876722,5.649164677804295,5.649164677804295,55.29,55.72,55.92,55.05,4876722,55.29,55.72,55.92,55.05,4876722,0.4299999999999997,0.0078
2024-02-27,56.11,56.14,55.28,55.42,MNST,4200879,5.695704057279236,5.695704057279236,55.42,56.11,56.14,55.28,4200879,55.42,56.11,56.14,55.28,4200879,0.39000000000000057,0.007
2024-02-28,55.85,56.25,55.05,56.21,MNST,6789483,5.664677804295942,5.664677804295942,56.21,55.85,56.25,55.05,6789483,56.21,55.85,56.25,55.05,6789483,-0.259999999999998,-0.0046
2024-02-29,59.1,60.07,58.39,59.2,MNST,11115749,6.052505966587112,6.052505966587112,59.2,59.1,60.07,58.39,11115749,59.2,59.1,60.07,58.39,11115749,3.25,0.0582
2024-03-01,58.79,59.13,58.36,58.8,MNST,6401956,6.015513126491646,6.015513126491646,58.8,58.79,59.13,58.36,6401956,58.8,58.79,59.13,58.36,6401956,-0.3100000000000023,-0.0052
2024-03-04,58.5,59.2,58.32,58.86,MNST,6993170,5.980906921241049,5.980906921241049,58.86,58.5,59.2,58.32,6993170,58.86,58.5,59.2,58.32,6993170,-0.28999999999999915,-0.0049
2024-03-05,57.89,58.62,57.69,58.46,MNST,5846381,5.908114558472553,5.908114558472553,58.46,57.89,58.62,57.69,5846381,58.46,57.89,58.62,57.69,5846381,-0.6099999999999994,-0.0104
2024-03-06,58.31,58.6,57.52,57.91,MNST,6487259,5.958233890214797,5.958233890214797,57.91,58.31,58.6,57.52,6487259,57.91,58.31,58.6,57.52,6487259,0.4200000000000017,0.0073
2024-03-07,59.38,59.53,58.25,58.46,MNST,4683264,6.085918854415274,6.085918854415274,58.46,59.38,59.53,58.25,4683264,58.46,59.38,59.53,58.25,4683264,1.0700000000000003,0.0184
2024-03-08,59.18,59.76,58.82,59.19,MNST,4294886,6.062052505966586,6.062052505966586,59.19,59.18,59.76,58.82,4294886,59.19,59.18,59.76,58.82,4294886,-0.20000000000000284,-0.0034
2024-03-11,59.16,59.55,58.75,58.87,MNST,3307661,6.059665871121717,6.059665871121717,58.87,59.16,59.55,58.75,3307661,58.87,59.16,59.55,58.75,3307661,-0.020000000000003126,-0.0003
2024-03-12,59.82,59.93,58.9,59.13,MNST,3761259,6.138424821002386,6.138424821002386,59.13,59.82,59.93,58.9,3761259,59.13,59.82,59.93,58.9,3761259,0.6600000000000037,0.0112
2024-03-13,60.85,61.23,59.77,59.92,MNST,5953682,6.2613365155131255,6.2613365155131255,59.92,60.85,61.23,59.77,5953682,59.92,60.85,61.23,59.77,5953682,1.0300000000000011,0.0172
2024-03-14,60.3,61.19,60.06,61.0,MNST,3927237,6.195704057279235,6.195704057279235,61.0,60.3,61.19,60.06,3927237,61.0,60.3,61.19,60.06,3927237,-0.5500000000000043,-0.009
2024-03-15,60.45,60.66,59.53,60.0,MNST,8046630,6.213603818615751,6.213603818615751,60.0,60.45,60.66,59.53,8046630,60.0,60.45,60.66,59.53,8046630,0.15000000000000568,0.0025
2024-03-18,60.79,61.2,60.5,60.7,MNST,3923408,6.2541766109785195,6.2541766109785195,60.7,60.79,61.2,60.5,3923408,60.7,60.79,61.2,60.5,3923408,0.3399999999999963,0.0056
2024-03-19,60.54,61.03,60.38,60.94,MNST,3342274,6.22434367541766,6.22434367541766,60.94,60.54,61.03,60.38,3342274,60.94,60.54,61.03,60.38,3342274,-0.25,-0.0041
2024-03-20,60.14,60.82,59.84,60.81,MNST,3336121,6.176610978520285,6.176610978520285,60.81,60.14,60.82,59.84,3336121,60.81,60.14,60.82,59.84,3336121,-0.3999999999999986,-0.0066
2024-03-21,59.88,60.55,59.8,60.24,MNST,3328627,6.145584725536993,6.145584725536993,60.24,59.88,60.55,59.8,3328627,60.24,59.88,60.55,59.8,3328627,-0.259999999999998,-0.0043
2024-03-22,59.5,59.9,59.41,59.79,MNST,3034281,6.100238663484486,6.100238663484486,59.79,59.5,59.9,59.41,3034281,59.79,59.5,59.9,59.41,3034281,-0.38000000000000256,-0.0063
2024-03-25,59.09,59.83,58.97,59.57,MNST,3938378,6.051312649164677,6.051312649164677,59.57,59.09,59.83,58.97,3938378,59.57,59.09,59.83,58.97,3938378,-0.4099999999999966,-0.0069
2024-03-26,59.32,59.56,59.09,59.3,MNST,2835775,6.078758949880667,6.078758949880667,59.3,59.32,59.56,59.09,2835775,59.3,59.32,59.56,59.09,2835775,0.22999999999999687,0.0039
2024-03-27,59.2,60.13,59.03,59.68,MNST,3495295,6.064439140811455,6.064439140811455,59.68,59.2,60.13,59.03,3495295,59.68,59.2,60.13,59.03,3495295,-0.11999999999999744,-0.002
2024-03-28,59.28,60.09,59.19,59.71,MNST,4469662,6.07398568019093,6.07398568019093,59.71,59.28,60.09,59.19,4469662,59.71,59.28,60.09,59.19,4469662,0.0799999999999983,0.0014
2024-04-01,57.74,59.56,57.65,59.56,MNST,5369126,5.8902147971360375,5.8902147971360375,59.56,57.74,59.56,57.65,5369126,59.56,57.74,59.56,57.65,5369126,-1.5399999999999991,-0.026
2024-04-02,56.9,57.84,56.83,57.74,MNST,5987237,5.7899761336515505,5.7899761336515505,57.74,56.9,57.84,56.83,5987237,57.74,56.9,57.84,56.83,5987237,-0.8400000000000034,-0.0145
2024-04-03,55.95,57.1,55.87,56.68,MNST,4725998,5.676610978520286,5.676610978520286,56.68,55.95,57.1,55.87,4725998,56.68,55.95,57.1,55.87,4725998,-0.9499999999999957,-0.0167
2024-04-04,55.75,56.8,55.52,56.18,MNST,5565855,5.652744630071598,5.652744630071598,56.18,55.75,56.8,55.52,5565855,56.18,55.75,56.8,55.52,5565855,-0.20000000000000284,-0.0036
2024-04-05,55.9,56.35,55.55,55.92,MNST,4847782,5.670644391408113,5.670644391408113,55.92,55.9,56.35,55.55,4847782,55.92,55.9,56.35,55.55,4847782,0.14999999999999858,0.0027
2024-04-08,55.65,55.98,55.61,55.9,MNST,4264919,5.640811455847254,5.640811455847254,55.9,55.65,55.98,55.61,4264919,55.9,55.65,55.98,55.61,4264919,-0.25,-0.0045
2024-04-09,55.75,56.08,55.35,55.91,MNST,3868897,5.652744630071598,5.652744630071598,55.91,55.75,56.08,55.35,3868897,55.91,55.75,56.08,55.35,3868897,0.10000000000000142,0.0018
2024-04-10,54.81,55.27,54.3,55.1,MNST,6271911,5.540572792362768,5.540572792362768,55.1,54.81,55.27,54.3,6271911,55.1,54.81,55.27,54.3,6271911,-0.9399999999999977,-0.0169
2024-04-11,54.73,55.1,54.46,54.93,MNST,4527817,5.531026252983293,5.531026252983293,54.93,54.73,55.1,54.46,4527817,54.93,54.73,55.1,54.46,4527817,-0.0800000000000054,-0.0015
2024-04-12,55.01,55.02,54.31,54.41,MNST,5634395,5.564439140811455,5.564439140811455,54.41,55.01,55.02,54.31,5634395,54.41,55.01,55.02,54.31,5634395,0.28000000000000114,0.0051
2024-04-15,54.11,55.48,53.55,55.36,MNST,8889877,5.457040572792362,5.457040572792362,55.36,54.11,55.48,53.55,8889877,55.36,54.11,55.48,53.55,8889877,-0.8999999999999986,-0.0164
2024-04-16,54.69,54.99,53.98,54.27,MNST,6218989,5.526252983293555,5.526252983293555,54.27,54.69,54.99,53.98,6218989,54.27,54.69,54.99,53.98,6218989,0.5799999999999983,0.0107
2024-04-17,54.25,55.11,53.94,55.08,MNST,5931314,5.473747016706443,5.473747016706443,55.08,54.25,55.11,53.94,5931314,55.08,54.25,55.11,53.94,5931314,-0.4399999999999977,-0.008
2024-04-18,53.46,54.44,53.21,54.25,MNST,1681720,5.379474940334128,5.379474940334128,54.25,53.46,54.44,53.21,1681720,54.25,53.46,54.44,53.21,1681720,-0.7899999999999991,-0.0146
2024-04-19,53.14,53.61,52.75,53.45,MNST,3340643,5.341288782816228,5.341288782816228,53.45,53.14,53.61,52.75,3340643,53.45,53.14,53.61,52.75,3340643,-0.3200000000000003,-0.006
2024-04-22,53.6,53.8,53.25,53.54,MNST,1687753,5.39618138424821,5.39618138424821,53.54,53.6,53.8,53.25,1687753,53.54,53.6,53.8,53.25,1687753,0.46000000000000085,0.0087
2024-04-23,53.73,53.84,53.2,53.44,MNST,1665623,5.4116945107398555,5.4116945107398555,53.44,53.73,53.84,53.2,1665623,53.44,53.73,53.84,53.2,1665623,0.12999999999999545,0.0024
2024-04-24,54.33,54.87,53.04,53.09,MNST,2381166,5.4832935560859175,5.4832935560859175,53.09,54.33,54.87,53.04,2381166,53.09,54.33,54.87,53.04,2381166,0.6000000000000014,0.0112
2024-04-25,53.15,54.04,51.99,52.37,MNST,2835496,5.342482100238662,5.342482100238662,52.37,53.15,54.04,51.99,2835496,52.37,53.15,54.04,51.99,2835496,-1.1799999999999997,-0.0217
2024-04-26,53.37,53.52,52.56,52.61,MNST,1452046,5.3687350835322185,5.3687350835322185,52.61,53.37,53.52,52.56,1452046,52.61,53.37,53.52,52.56,1452046,0.21999999999999886,0.0041
2024-04-29,54.13,54.14,53.34,53.34,MNST,1577735,5.459427207637231,5.459427207637231,53.34,54.13,54.14,53.34,1577735,53.34,54.13,54.14,53.34,1577735,0.7600000000000051,0.0142
2024-04-30,53.45,54.12,53.44,54.03,MNST,2142772,5.378281622911694,5.378281622911694,54.03,53.45,54.12,53.44,2142772,54.03,53.45,54.12,53.44,2142772,-0.6799999999999997,-0.0126
2024-05-01,53.54,54.14,52.94,53.0,MNST,2887072,5.389021479713603,5.389021479713603,53.0,53.54,54.14,52.94,2887072,53.0,53.54,54.14,52.94,2887072,0.0899999999999963,0.0017
2024-05-02,53.39,53.87,53.22,53.83,MNST,2455910,5.371121718377087,5.371121718377087,53.83,53.39,53.87,53.22,2455910,53.83,53.39,53.87,53.22,2455910,-0.14999999999999858,-0.0028
2024-05-03,55.0,55.41,52.95,54.67,MNST,12204624,5.56324582338902,5.56324582338902,54.67,55.0,55.41,52.95,12204624,54.67,55.0,55.41,52.95,12204624,1.6099999999999994,0.0302
2024-05-06,54.22,55.15,53.73,55.0,MNST,2982059,5.47016706443914,5.47016706443914,55.0,54.22,55.15,53.73,2982059,55.0,54.22,55.15,53.73,2982059,-0.7800000000000011,-0.0142
2024-05-07,54.67,54.77,54.06,54.54,MNST,2298836,5.523866348448687,5.523866348448687,54.54,54.67,54.77,54.06,2298836,54.54,54.67,54.77,54.06,2298836,0.45000000000000284,0.0083
2024-05-08,54.3,55.3,54.17,55.26,MNST,2666659,5.479713603818615,5.479713603818615,55.26,54.3,55.3,54.17,2666659,55.26,54.3,55.3,54.17,2666659,-0.37000000000000455,-0.0068
2024-05-09,55.2,55.32,54.42,54.42,MNST,1734585,5.587112171837708,5.587112171837708,54.42,55.2,55.32,54.42,1734585,54.42,55.2,55.32,54.42,1734585,0.9000000000000057,0.0166
2024-05-10,55.46,55.7,54.99,55.08,MNST,1587766,5.618138424821002,5.618138424821002,55.08,55.46,55.7,54.99,1587766,55.08,55.46,55.7,54.99,1587766,0.259999999999998,0.0047
